# Blender v2.91.2 OBJ File: 'maps_voitures.blend'
# www.blender.org
mtllib collision_01.mtl
o Plan
v -615.677368 11.121537 615.677368
v 615.677368 11.121537 615.677368
v -615.677368 11.121537 -615.677368
v 615.677368 11.121537 -615.677368
v -615.677368 11.121537 0.000000
v 0.000000 11.121537 615.677368
v 615.677368 11.121537 0.000000
v -3.912865 8.222116 -619.008911
v -15.506905 32.934372 14.439134
v -615.677368 11.121537 307.838684
v 307.838684 11.121537 615.677368
v 615.677368 11.121537 -307.838684
v -307.838684 11.121537 -615.677368
v -615.677368 11.121537 -307.838684
v -307.838684 11.121537 615.677368
v 615.677368 11.121537 307.838684
v 307.838684 11.121537 -615.677368
v -3.254437 8.947681 -304.887726
v 0.000000 11.121537 307.838684
v -315.637787 13.500879 -7.457635
v 307.083496 4.570528 6.529965
v 307.838684 11.121537 307.838684
v -307.838684 11.121537 307.838684
v -307.838684 11.121537 -307.838684
v 306.498779 -10.383626 -321.804504
v -615.677368 11.121537 461.758026
v 461.758026 11.121537 615.677368
v 615.677368 11.121537 -461.758026
v -461.758026 11.121537 -615.677368
v -615.677368 11.121537 -153.919342
v -153.919342 11.121537 615.677368
v 615.677368 11.121537 153.919342
v 153.011261 10.358288 -616.550171
v -9.623732 -0.903346 -470.606049
v 0.000000 11.121537 153.919342
v 577.197510 67.801804 76.959671
v 156.448456 4.636389 4.104435
v -615.677368 11.121537 153.919342
v 153.919342 11.121537 615.677368
v 615.677368 11.121537 -153.919342
v -153.919342 11.121537 -615.677368
v -615.677368 11.121537 -461.758026
v -461.758026 11.121537 615.677368
v 615.677368 11.121537 461.758026
v 461.758026 11.121537 -615.677368
v 0.000000 11.121537 -153.919342
v 0.000000 11.121537 461.758026
v -153.718079 18.007153 -0.002395
v 461.758026 11.121537 0.000000
v 307.838684 11.121537 153.919342
v 307.838684 11.121537 461.758026
v 153.919342 11.121537 307.838684
v 461.758026 11.121537 307.838684
v -307.553009 20.820669 153.915939
v -307.838684 11.121537 461.758026
v 596.437439 67.801804 76.959671
v -153.919342 11.121537 307.838684
v -307.838684 11.121537 -461.758026
v -307.838684 11.121537 -153.919342
v -461.758026 11.121537 -307.838684
v -155.520187 10.209945 -306.234131
v 315.695190 -4.615831 -485.740173
v 316.305420 -3.021001 -154.810425
v 154.137756 10.106514 -309.163025
v 461.758026 11.121537 -307.838684
v 461.758026 11.121537 -153.919342
v 153.919342 11.121537 -153.919342
v 160.913010 -4.370039 -476.953735
v -153.919342 11.121537 -153.919342
v -461.758026 11.121537 -153.919342
v -461.758026 11.121537 -461.758026
v -153.919342 11.121537 461.758026
v -461.758026 11.121537 461.758026
v 500.237854 67.801804 76.959671
v 461.758026 11.121537 461.758026
v 153.919342 11.121537 461.758026
v 156.184967 4.637706 157.848434
v 461.758026 11.121537 153.919342
v -153.633652 20.820669 153.915939
v -155.902969 8.996669 -462.117432
v 461.758026 11.121537 -461.758026
v -615.677368 11.121537 538.717712
v 538.717712 11.121537 615.677368
v 615.677368 11.121537 -538.717712
v -538.717712 11.121537 -615.677368
v -615.677368 11.121537 -76.959671
v -76.959671 11.121537 615.677368
v 615.677368 11.121537 76.959671
v 69.268105 6.230594 -621.622925
v -13.692200 -1.387113 -552.138733
v -11.109745 26.749094 87.304420
v -538.717712 11.121537 0.000000
v 84.624596 11.925062 9.528981
v -615.677368 11.121537 230.879013
v 230.879013 11.121537 615.677368
v 615.677368 11.121537 -230.879013
v -230.879013 11.121537 -615.677368
v -615.677368 11.121537 -384.798340
v -384.798340 11.121537 615.677368
v 615.677368 11.121537 384.798340
v 384.798340 11.121537 -615.677368
v 0.000000 11.121537 -230.879013
v 0.000000 11.121537 384.798340
v -230.593323 20.821579 -0.003400
v 384.798340 11.121537 0.000000
v 286.923584 3.673698 72.845474
v 307.838684 11.121537 384.798340
v 76.959671 11.121537 307.838684
v 384.798340 11.121537 307.838684
v -318.635712 14.653989 66.677872
v -307.838684 11.121537 384.798340
v -538.717712 11.121537 307.838684
v -230.879013 11.121537 307.838684
v -307.838684 11.121537 -538.717712
v -307.838684 11.121537 -230.879013
v -538.717712 11.121537 -307.838684
v 519.477783 67.801804 76.959671
v 310.140137 7.572681 -543.475525
v 314.997345 -6.224609 -249.470001
v 78.071640 5.953970 -314.581024
v 383.589813 7.742936 -312.009521
v -615.677368 11.121537 384.798340
v 384.798340 11.121537 615.677368
v 615.677368 11.121537 -384.798340
v -384.798340 11.121537 -615.677368
v -615.677368 11.121537 -230.879013
v -230.879013 11.121537 615.677368
v 615.677368 11.121537 230.879013
v 230.968384 10.988950 -615.821899
v -4.363578 1.189811 -389.958405
v 0.000000 11.121537 230.879013
v -384.882690 17.488871 -0.319862
v 237.279053 -3.254226 -0.251997
v -615.677368 11.121537 76.959671
v 76.959671 11.121537 615.677368
v 615.677368 11.121537 -76.959671
v -76.961304 11.119524 -615.679321
v -615.677368 11.121537 -538.717712
v -538.717712 11.121537 615.677368
v 615.677368 11.121537 538.717712
v 538.717712 11.121537 -615.677368
v 0.000000 11.121537 -76.959671
v 0.000000 11.121537 538.717712
v -88.069420 32.274490 10.344752
v 307.838684 11.121537 230.879013
v 230.879013 11.121537 307.838684
v -307.838684 11.121537 230.879013
v -307.838684 11.121537 538.717712
v -384.798340 11.121537 307.838684
v -76.959671 11.121537 307.838684
v -307.838684 11.121537 -384.798340
v -307.838684 11.121537 -76.959671
v -384.798340 11.121537 -307.838684
v -84.567490 6.787025 -300.218475
v 310.007660 -8.257631 -412.797943
v 310.417206 3.164350 -77.121872
v 230.879013 11.121537 -307.838684
v 461.758026 11.121537 -230.879013
v 461.758026 11.121537 -76.959671
v 393.395447 -2.235095 -150.506363
v 538.717712 11.121537 -153.919342
v 153.919342 11.121537 -230.879013
v 156.184967 4.637706 -73.030579
v 76.959671 11.121537 -153.919342
v 239.811172 -4.217609 -156.686890
v 156.668625 -2.148458 -551.669861
v 156.132187 1.157446 -397.640930
v 73.315178 -6.418551 -482.289459
v 243.119308 -7.985631 -485.386902
v -153.919342 11.121537 -230.879013
v -153.919342 11.121537 -76.959671
v -230.879013 11.121537 -153.919342
v -76.959671 11.121537 -153.919342
v -461.758026 11.121537 -230.879013
v -461.758026 11.121537 -76.959671
v -538.717712 11.121537 -153.919342
v -384.798340 11.121537 -153.919342
v -461.758026 11.121537 -538.717712
v -461.758026 11.121537 -384.798340
v -538.717712 11.121537 -461.758026
v -384.798340 11.121537 -461.758026
v -153.919342 11.121537 384.798340
v -153.919342 11.121537 538.717712
v -230.879013 11.121537 461.758026
v -76.959671 11.121537 461.758026
v -461.758026 11.121537 384.798340
v -461.758026 11.121537 538.717712
v -538.717712 11.121537 461.758026
v -384.798340 11.121537 461.758026
v 538.717712 67.801804 115.439507
v 538.717712 67.801804 134.679428
v -538.717712 11.121537 153.919342
v -384.512665 20.820669 153.915939
v 461.758026 11.121537 384.798340
v 384.798340 11.121537 461.758026
v 538.717712 11.121537 461.758026
v 153.919342 11.121537 384.798340
v 76.959671 11.121537 461.758026
v 230.879013 11.121537 461.758026
v 176.774384 -2.681400 77.126366
v 153.919342 11.121537 230.879013
v 79.225304 4.637706 157.848434
v 233.144638 4.637706 157.848434
v 461.758026 11.121537 76.959671
v 461.758026 11.121537 230.879013
v 384.798340 11.121537 153.919342
v 538.717712 11.121537 153.919342
v -153.633652 20.859402 76.956268
v -153.919342 11.121537 230.879013
v -230.593323 20.820669 153.915939
v -76.959671 11.121537 153.919342
v -153.919342 11.121537 -538.717712
v -156.058640 9.346478 -383.967560
v 538.717712 67.801804 38.479836
v -88.103287 -1.180955 -466.155579
v 461.758026 11.121537 -538.717712
v 461.754883 11.112686 -384.809296
v 385.852051 7.487340 -467.301758
v 538.717712 11.121537 -461.758026
v 382.902100 1.429866 -397.468170
v 384.798340 11.121537 -538.717712
v -90.096680 0.063143 -380.069397
v 538.717712 67.801804 57.719753
v 577.197510 67.801804 384.798340
v -76.959671 11.121537 230.879013
v -230.879013 11.121537 230.879013
v -230.480240 24.660307 76.954926
v 538.717712 11.121537 230.879013
v 384.798340 11.121537 230.879013
v 384.798340 11.121537 76.959671
v 230.879013 11.121537 230.879013
v 76.959671 11.121537 230.879013
v 76.675415 9.328576 84.648750
v 76.959671 11.121537 384.798340
v 538.717712 11.121537 538.717712
v 384.798340 11.121537 538.717712
v 384.798340 11.121537 384.798340
v -384.798340 11.121537 230.879013
v -538.717712 11.121537 230.879013
v -538.717712 11.121537 76.959671
v -384.798340 11.121537 538.717712
v -538.717712 11.121537 538.717712
v -538.717712 11.121537 384.798340
v -76.959671 11.121537 538.717712
v -230.879013 11.121537 538.717712
v -230.879013 11.121537 384.798340
v -384.798340 11.121537 -384.798340
v -538.717712 11.121537 -384.798340
v -538.717712 11.121537 -538.717712
v 596.437439 67.801804 384.798340
v -538.717712 11.121537 -76.959671
v -538.717712 11.121537 -230.879013
v -76.959671 11.121537 -76.959671
v -230.879013 11.121537 -76.959671
v -230.879013 11.121537 -230.879013
v 233.490097 5.514091 -393.109619
v 81.015640 -7.727478 -409.391418
v 62.095215 -3.002212 -554.331726
v 235.522644 -4.447253 -95.094131
v 79.225304 4.637706 -73.030579
v 76.959671 11.121537 -230.879013
v 384.798340 11.121537 -76.959671
v 383.195374 10.305618 -245.717239
v 231.475952 9.522478 -233.530869
v 238.411682 -0.368333 -551.040588
v -77.654053 10.726124 -230.183014
v -384.798340 11.121537 -230.879013
v -384.798340 11.121537 -538.717712
v -76.959671 11.121537 384.798340
v -384.798340 11.121537 384.798340
v -387.289459 18.049269 74.306610
v 230.879013 11.121537 384.798340
v 237.829758 -0.587899 75.427925
v 538.717712 11.121537 76.959671
v -88.069420 42.183601 104.843307
v -80.761314 6.553290 -542.634216
v 538.717712 11.121537 -538.717712
v -615.677368 11.121537 577.197510
v 577.197510 11.121537 615.677368
v 615.677368 11.121537 -577.197510
v -577.197510 11.121537 -615.677368
v -615.677368 11.121537 -38.479836
v -38.479836 11.121537 615.677368
v 615.677368 11.121537 38.479836
v 32.330578 7.124595 -620.495422
v -9.494613 2.977845 -586.108398
v -15.506905 32.934372 52.918968
v -577.197510 11.121537 0.000000
v 46.288097 17.965998 13.853309
v -615.677368 11.121537 269.358856
v 269.358856 11.121537 615.677368
v 615.677368 11.121537 -269.358856
v -269.358856 11.121537 -615.677368
v -615.677368 11.121537 -346.318512
v -346.318512 11.121537 615.677368
v 615.677368 11.121537 346.318512
v 346.318512 11.121537 -615.677368
v -1.762920 10.117650 -267.591827
v 0.000000 11.121537 346.318512
v -274.601624 15.916311 -5.065780
v 346.318512 11.121537 0.000000
v 288.412689 -0.587899 50.136463
v 307.838684 11.121537 346.318512
v 38.479836 11.121537 307.838684
v 346.318512 11.121537 307.838684
v -318.635712 14.653989 28.198040
v -307.838684 11.121537 346.318512
v -577.197510 11.121537 307.838684
v -269.358856 11.121537 307.838684
v -307.838684 11.121537 -577.197510
v -307.838684 11.121537 -269.358856
v -577.197510 11.121537 -307.838684
v 500.237854 67.801804 384.798340
v 308.165741 10.636384 -577.726440
v 313.776154 -5.482035 -280.105713
v 38.689800 8.862290 -310.356995
v 336.890930 -15.507515 -326.672028
v -615.677368 11.121537 423.278198
v 423.278198 11.121537 615.677368
v 615.677368 11.121537 -423.278198
v -423.278198 11.121537 -615.677368
v -615.677368 11.121537 -192.399170
v -192.399170 11.121537 615.677368
v 615.677368 11.121537 192.399170
v 192.399170 11.121537 -615.677368
v -6.331881 -0.178271 -430.915131
v 0.000000 11.121537 192.399170
v -423.278198 11.121537 0.000000
v 196.934601 4.328804 6.421250
v -615.677368 11.121537 115.439507
v 115.439507 11.121537 615.677368
v 615.677368 11.121537 -115.439507
v -115.439507 11.121537 -615.677368
v -615.677368 11.121537 -500.237854
v -500.237854 11.121537 615.677368
v 615.677368 11.121537 500.237854
v 500.237854 11.121537 -615.677368
v 0.000000 11.121537 -115.439507
v 0.000000 11.121537 500.237854
v -115.858505 9.512794 -0.735240
v 500.237854 11.121537 0.000000
v 307.838684 11.121537 192.399170
v 307.838684 11.121537 500.237854
v 192.399170 11.121537 307.838684
v 500.237854 11.121537 307.838684
v -307.838684 11.121537 192.399170
v -307.838684 11.121537 500.237854
v -423.278198 11.121537 307.838684
v -115.439507 11.121537 307.838684
v -307.838684 11.121537 -423.278198
v -307.838684 11.121537 -115.439507
v -423.278198 11.121537 -307.838684
v -120.869522 8.029438 -302.395996
v 313.741150 -9.491786 -453.672607
v 311.416687 4.956939 -116.619476
v 192.399170 11.121537 -307.838684
v 500.237854 11.121537 -307.838684
v 461.758026 11.121537 -269.358856
v 461.758026 11.121537 -115.439507
v 361.533386 -12.910587 -149.571808
v 500.237854 11.121537 -153.919342
v 153.919342 11.121537 -269.358856
v 153.919342 11.121537 -115.439507
v 38.479836 11.121537 -153.919342
v 192.399170 11.121537 -153.919342
v 153.150238 5.485722 -582.767639
v 158.789383 -2.191900 -438.186768
v 31.735268 -2.681167 -477.481842
v 202.764832 -6.495871 -479.900726
v -154.394073 10.851206 -268.883026
v -153.919342 11.121537 -115.439507
v -269.358856 11.121537 -153.919342
v -115.439507 11.121537 -153.919342
v -461.758026 11.121537 -269.358856
v -461.758026 11.121537 -115.439507
v -577.197510 11.121537 -153.919342
v -423.278198 11.121537 -153.919342
v -461.758026 11.121537 -577.197510
v -461.758026 11.121537 -423.278198
v -577.197510 11.121537 -461.758026
v -423.278198 11.121537 -461.758026
v -153.919342 11.121537 346.318512
v -153.919342 11.121537 500.237854
v -269.358856 11.121537 461.758026
v -115.439507 11.121537 461.758026
v 519.477783 67.801804 384.798340
v -461.758026 11.121537 500.237854
v -577.197510 11.121537 461.758026
v -423.278198 11.121537 461.758026
v 538.717712 67.801804 346.318512
v 538.717712 67.801804 365.558441
v -577.197510 11.121537 153.919342
v -423.253418 11.906504 153.919052
v 461.758026 11.121537 346.318512
v 346.318512 11.121537 461.758026
v 500.237854 11.121537 461.758026
v 153.919342 11.121537 346.318512
v 153.919342 11.121537 500.237854
v 38.479836 11.121537 461.758026
v 192.399170 11.121537 461.758026
v 176.774521 -2.681949 47.448376
v 153.919342 11.121537 192.399170
v 40.745464 4.637706 157.848434
v 194.664810 4.637706 157.848434
v 461.758026 11.121537 38.479836
v 461.758026 11.121537 192.399170
v 346.318512 11.121537 153.919342
v 500.237854 11.121537 153.919342
v -165.095245 23.286905 42.288666
v -153.919342 11.121537 192.399170
v -269.073151 20.820669 153.915939
v -115.414719 12.023915 153.919052
v -153.919342 11.121537 -577.197510
v -156.709381 8.191369 -423.645721
v -269.358856 11.121537 -461.758026
v -121.996979 4.086606 -463.014893
v 461.758026 11.121537 -577.197510
v 461.758026 11.121537 -423.278198
v 350.179535 0.158290 -478.788452
v 500.237854 11.121537 -461.758026
v -615.677368 11.121537 500.237854
v 500.237854 11.121537 615.677368
v 615.677368 11.121537 -500.237854
v -500.237854 11.121537 -615.677368
v -615.677368 11.121537 -115.439507
v -115.439507 11.121537 615.677368
v 615.677368 11.121537 115.439507
v 110.618851 8.056154 -619.403748
v -13.348265 -2.359101 -512.474304
v -0.001839 11.124125 115.441223
v 577.197510 67.801804 -230.879013
v 117.705139 4.637706 3.929090
v -615.677368 11.121537 192.399170
v 192.399170 11.121537 615.677368
v 615.677368 11.121537 -192.399170
v -192.399170 11.121537 -615.677368
v -615.677368 11.121537 -423.278198
v -423.278198 11.121537 615.677368
v 615.677368 11.121537 423.278198
v 423.278198 11.121537 -615.677368
v 0.000000 11.121537 -192.399170
v 0.000000 11.121537 423.278198
v -192.113495 20.821579 -0.003400
v 423.278198 11.121537 0.000000
v 304.933167 10.714896 113.034225
v 307.838684 11.121537 423.278198
v 115.439507 11.121537 307.838684
v 423.278198 11.121537 307.838684
v -315.283813 17.748671 108.268822
v -307.838684 11.121537 423.278198
v -500.237854 11.121537 307.838684
v -192.399170 11.121537 307.838684
v -307.838684 11.121537 -500.237854
v -307.838684 11.121537 -192.399170
v -500.237854 11.121537 -307.838684
v -192.399170 11.121537 -307.838684
v 314.242035 1.017134 -515.246460
v 309.482239 5.719505 -203.994904
v 116.198387 7.594851 -312.440063
v 423.070038 10.539629 -308.557037
v -615.677368 11.121537 346.318512
v 346.318512 11.121537 615.677368
v 615.677368 11.121537 -346.318512
v -346.318512 11.121537 -615.677368
v -615.677368 11.121537 -269.358856
v -269.358856 11.121537 615.677368
v 615.677368 11.121537 269.358856
v 269.358856 11.121537 -615.677368
v -4.014958 6.181474 -345.250641
v 0.000000 11.121537 269.358856
v -348.726807 18.185276 -2.555555
v 272.827026 -0.719865 1.970749
v -615.677368 11.121537 38.479836
v 38.479836 11.121537 615.677368
v 615.677368 11.121537 -38.479836
v -38.862705 10.650501 -616.143127
v -615.677368 11.121537 -577.197510
v -577.197510 11.121537 615.677368
v 615.677368 11.121537 577.197510
v 577.197510 11.121537 -615.677368
v -3.297812 15.760413 -35.409103
v 0.000000 11.121537 577.197510
v -53.986740 32.934372 14.439134
v 577.197510 11.121537 0.000000
v 307.838684 11.121537 269.358856
v 307.838684 11.121537 577.197510
v 269.358856 11.121537 307.838684
v -307.838684 11.121537 269.358856
v -307.838684 11.121537 577.197510
v -346.318512 11.121537 307.838684
v -38.479836 11.121537 307.838684
v -307.838684 11.121537 -346.318512
v -307.851166 11.103443 -38.493683
v -346.318512 11.121537 -307.838684
v -45.515831 7.114921 -300.786285
v 306.658875 -7.728384 -363.639801
v 310.104309 4.637706 -34.550747
v 268.798889 7.998523 -311.238861
v 577.197510 11.121537 -307.838684
v 461.758026 11.121537 -192.399170
v 461.758026 11.121537 -38.479836
v 423.278198 11.121537 -153.919342
v 577.197510 11.121537 -153.919342
v 153.919342 11.121537 -192.399170
v 156.184967 4.637706 -34.550747
v 115.439507 11.121537 -153.919342
v 283.860016 -13.768827 -158.354736
v 160.708252 -5.642320 -516.368469
v 155.188583 5.223043 -354.014526
v 117.529869 -4.641360 -478.610077
v 281.505402 -8.717928 -489.609863
v -153.919342 11.121537 -192.399170
v -153.919342 11.121537 -38.479836
v -192.399170 11.121537 -153.919342
v -38.479836 11.121537 -153.919342
v -461.758026 11.121537 -192.399170
v -461.758026 11.121537 -38.479836
v -500.237854 11.121537 -153.919342
v -346.318512 11.121537 -153.919342
v -461.758026 11.121537 -500.237854
v -461.758026 11.121537 -346.318512
v -500.237854 11.121537 -461.758026
v -346.318512 11.121537 -461.758026
v -153.919342 11.121537 423.278198
v -153.919342 11.121537 577.197510
v -192.399170 11.121537 461.758026
v -38.479836 11.121537 461.758026
v -461.758026 11.121537 423.278198
v -461.758026 11.121537 577.197510
v 596.437439 67.801804 -230.879013
v -346.318512 11.121537 461.758026
v 538.717712 67.801804 -192.399170
v 538.717712 67.801804 -173.159256
v 538.717712 67.801804 -269.358856
v -346.032837 20.820669 153.915939
v 461.758026 11.121537 423.278198
v 461.758026 11.121537 577.197510
v 423.278198 11.121537 461.758026
v 577.197510 11.121537 461.758026
v 153.919342 11.121537 423.278198
v 153.919342 11.121537 577.197510
v 115.439507 11.121537 461.758026
v 269.358856 11.121537 461.758026
v 156.448456 4.636389 119.192261
v 153.919342 11.121537 269.358856
v 117.705139 4.637706 157.848434
v 269.358856 11.121537 153.919342
v 461.758026 11.121537 115.439507
v 461.758026 11.121537 269.358856
v 423.278198 11.121537 153.919342
v -153.520569 24.660307 115.434761
v -153.919342 11.121537 269.358856
v -192.113495 20.820669 153.915939
v -38.479836 11.121537 153.919342
v -154.587402 10.405911 -500.358917
v -156.540100 9.557315 -343.861115
v -192.399170 11.121537 -461.758026
v -51.268013 -3.303227 -468.800629
v 461.758026 11.121537 -500.237854
v 461.758026 11.121537 -346.318512
v 423.219666 10.957936 -461.960022
v 577.197510 11.121537 -461.758026
v 538.717712 11.121537 -423.278198
v 538.717712 11.121537 -346.318512
v 500.237854 11.121537 -384.798340
v 384.608551 1.959327 -435.975952
v 382.370392 3.896847 -355.307556
v 346.868378 -6.851531 -410.121216
v 422.219452 8.161715 -388.452240
v 384.798340 11.121537 -577.197510
v 385.344849 10.232500 -501.723755
v 346.481415 10.856561 -539.160583
v 423.278198 11.121537 -538.717712
v -88.953407 -0.777089 -423.464539
v -87.741425 3.687643 -338.564514
v -125.054161 2.979645 -381.451782
v -50.006256 1.448547 -380.555084
v 538.717712 67.801804 -250.118927
v 577.197510 67.801804 -76.959671
v -269.358856 11.121537 -384.798340
v -192.399170 11.121537 -384.798340
v -230.879013 11.121537 -577.197510
v 596.437439 67.801804 -76.959671
v -269.358856 11.121537 -538.717712
v -192.399170 11.121537 -538.717712
v -76.959671 11.121537 192.399170
v -76.959671 11.121537 269.358856
v -115.439507 11.121537 230.879013
v -38.479836 11.121537 230.879013
v -230.879013 11.121537 192.399170
v -230.879013 11.121537 269.358856
v -269.358856 11.121537 230.879013
v -192.399170 11.121537 230.879013
v -230.480240 24.660307 38.475090
v -230.480240 24.660307 115.434761
v -276.772522 17.794344 69.823944
v -192.000412 24.660307 76.954926
v 538.717712 11.121537 192.399170
v 538.717712 11.121537 269.358856
v 500.237854 11.121537 230.879013
v 384.798340 11.121537 192.399170
v 384.798340 11.121537 269.358856
v 346.318512 11.121537 230.879013
v 423.278198 11.121537 230.879013
v 384.798340 11.121537 38.479836
v 384.798340 11.121537 115.439507
v 341.654938 10.810346 76.263405
v 423.278198 11.121537 76.959671
v 230.879013 11.121537 192.399170
v 230.879013 11.121537 269.358856
v 192.399170 11.121537 230.879013
v 269.358856 11.121537 230.879013
v 76.959671 11.121537 192.399170
v 76.959671 11.121537 269.358856
v 38.479836 11.121537 230.879013
v 115.439507 11.121537 230.879013
v 83.778389 18.652899 53.329075
v 78.952278 4.959887 119.629364
v 43.041008 8.645466 83.919060
v 113.313560 4.199255 85.083138
v 230.879013 11.121537 500.237854
v 230.879013 11.121537 577.197510
v 192.399170 11.121537 538.717712
v 76.959671 11.121537 500.237854
v 76.959671 11.121537 577.197510
v 76.959671 11.121537 346.318512
v 76.959671 11.121537 423.278198
v 38.479836 11.121537 384.798340
v 115.439507 11.121537 384.798340
v 538.717712 11.121537 500.237854
v 538.717712 11.121537 577.197510
v 577.197510 11.121537 538.717712
v 384.798340 11.121537 500.237854
v 384.798340 11.121537 577.197510
v 384.798340 11.121537 346.318512
v 384.798340 11.121537 423.278198
v 346.318512 11.121537 384.798340
v 423.278198 11.121537 384.798340
v -384.798340 11.121537 192.399170
v -384.798340 11.121537 269.358856
v -423.278198 11.121537 230.879013
v -346.318512 11.121537 230.879013
v -538.717712 11.121537 192.399170
v -538.717712 11.121537 269.358856
v -577.197510 11.121537 230.879013
v 500.237854 67.801804 -76.959671
v -538.717712 11.121537 38.479836
v -538.717712 11.121537 115.439507
v -577.197510 11.121537 76.959671
v 519.477783 67.801804 -76.959671
v -384.798340 11.121537 500.237854
v -384.798340 11.121537 577.197510
v -423.278198 11.121537 538.717712
v -346.318512 11.121537 538.717712
v -538.717712 11.121537 500.237854
v -538.717712 11.121537 577.197510
v -577.197510 11.121537 538.717712
v 538.717712 67.801804 -38.479836
v -538.717712 11.121537 346.318512
v -538.717712 11.121537 423.278198
v -577.197510 11.121537 384.798340
v 538.717712 67.801804 -19.239918
v -76.959671 11.121537 500.237854
v -76.959671 11.121537 577.197510
v -115.439507 11.121537 538.717712
v -38.479836 11.121537 538.717712
v -230.879013 11.121537 500.237854
v -230.879013 11.121537 577.197510
v -269.358856 11.121537 538.717712
v -192.399170 11.121537 538.717712
v -230.879013 11.121537 346.318512
v -230.879013 11.121537 423.278198
v -269.358856 11.121537 384.798340
v -192.399170 11.121537 384.798340
v -384.798340 11.121537 -423.278198
v -384.798340 11.121537 -346.318512
v -423.278198 11.121537 -384.798340
v -346.318512 11.121537 -384.798340
v -538.717712 11.121537 -423.278198
v -538.717712 11.121537 -346.318512
v -577.197510 11.121537 -384.798340
v -500.237854 11.121537 -384.798340
v -538.717712 11.121537 -577.197510
v -538.717712 11.121537 -500.237854
v -577.197510 11.121537 -538.717712
v -500.237854 11.121537 -538.717712
v -384.798340 11.121537 -115.439507
v -384.798340 11.121537 -38.479836
v -423.278198 11.121537 -76.959671
v 538.717712 67.801804 -115.439507
v -538.717712 11.121537 -115.439507
v -538.717712 11.121537 -38.479836
v -577.197510 11.121537 -76.959671
v -500.237854 11.121537 -76.959671
v -538.717712 11.121537 -269.358856
v -538.717712 11.121537 -192.399170
v -577.197510 11.121537 -230.879013
v -500.237854 11.121537 -230.879013
v -76.959671 11.121537 -115.439507
v -77.923470 12.477262 -37.582409
v -115.439507 11.121537 -76.959671
v -38.479836 11.121537 -76.959671
v -230.879013 11.121537 -115.439507
v -230.879013 11.121537 -38.479836
v -269.358856 11.121537 -76.959671
v -192.399170 11.121537 -76.959671
v 538.717712 67.801804 -96.199585
v -230.879013 11.121537 -192.399170
v -269.358856 11.121537 -230.879013
v -192.399170 11.121537 -230.879013
v 239.922867 -3.150066 -442.359100
v 230.994263 10.332882 -347.470642
v 193.006836 9.134851 -387.363831
v 272.584869 -2.820553 -405.333771
v 79.779709 -8.978351 -448.582886
v 79.993935 -2.979371 -364.716522
v 41.382950 -3.119861 -403.220154
v 119.270554 -6.528914 -407.751801
v 63.212605 1.358033 -588.712891
v 65.648560 -4.160184 -516.684875
v 20.365320 -3.339443 -554.929932
v 107.542892 -1.768811 -552.085876
v 240.008347 -7.586724 -131.200912
v 239.635101 -9.836370 -50.641537
v 194.664810 4.637706 -73.030579
v 275.280823 -8.712064 -104.336555
v 76.959671 11.121537 -115.439507
v 79.225304 4.637706 -34.550747
v 40.745464 4.637706 -73.030579
v 117.705139 4.637706 -73.030579
v 76.962990 11.106084 -269.379028
v 76.959671 11.121537 -192.399170
v 38.479836 11.121537 -230.879013
v 115.439507 11.121537 -230.879013
v 538.717712 11.121537 -38.479836
v 500.237854 11.121537 -76.959671
v 577.197510 11.121537 -76.959671
v 390.342651 2.507787 -113.238464
v 384.798340 11.121537 -38.479836
v 346.318512 11.121537 -76.959671
v 423.278198 11.121537 -76.959671
v 384.790527 10.986898 -269.492126
v 382.336121 9.526337 -216.660126
v 353.966553 -7.798173 -261.389252
v 423.278198 11.121537 -230.879013
v 538.717712 11.121537 -269.358856
v 538.717712 11.121537 -192.399170
v 500.237854 11.121537 -230.879013
v 230.879013 11.121537 -269.358856
v 231.084427 10.712534 -192.704620
v 192.399170 11.121537 -230.879013
v 274.487610 -2.775504 -252.221130
v 233.956787 6.468907 -582.213135
v 242.464203 -6.991215 -521.363586
v 200.359619 -2.486630 -552.377686
v 275.184326 2.419013 -548.606201
v -81.144440 8.738543 -265.164307
v -76.959671 11.121537 -192.399170
v -115.495430 11.089690 -230.822952
v -38.761551 10.961116 -230.596649
v -384.798340 11.121537 -269.358856
v -384.798340 11.121537 -192.399170
v -423.278198 11.121537 -230.879013
v -346.318512 11.121537 -230.879013
v -384.798340 11.121537 -577.197510
v -384.798340 11.121537 -500.237854
v -423.278198 11.121537 -538.717712
v -346.318512 11.121537 -538.717712
v -76.959671 11.121537 346.318512
v -76.959671 11.121537 423.278198
v -115.439507 11.121537 384.798340
v -38.479836 11.121537 384.798340
v -384.798340 11.121537 346.318512
v -384.798340 11.121537 423.278198
v -423.278198 11.121537 384.798340
v -346.318512 11.121537 384.798340
v -387.287964 18.011791 35.828079
v -385.262268 23.796143 114.610588
v -423.253418 11.907312 76.959381
v -357.115570 14.653989 66.677872
v 538.717712 11.121537 346.318512
v 538.717712 11.121537 423.278198
v 500.237854 11.121537 384.798340
v 230.879013 11.121537 346.318512
v 230.879013 11.121537 423.278198
v 192.399170 11.121537 384.798340
v 269.358856 11.121537 384.798340
v 237.829758 -0.587899 50.136463
v 233.653015 4.333045 116.830986
v 212.538300 -0.587899 75.427925
v 263.121246 -0.587899 75.427925
v 538.717712 11.121537 38.479836
v 538.717712 11.121537 115.439507
v 500.237854 11.121537 76.959671
v 577.197510 11.121537 76.959671
v -88.069420 42.183601 48.824589
v -77.923470 12.477262 116.336937
v -125.959862 4.944662 76.251831
v -53.986740 32.934372 91.398804
v -78.754692 8.913178 -579.381226
v -85.245522 1.657524 -505.567474
v -115.914261 10.555886 -539.175415
v -45.962952 2.648894 -547.110291
v 538.717712 11.121537 -577.197510
v 500.237854 11.121537 -538.717712
v 500.237854 11.121537 -500.237854
v 500.237854 11.121537 -577.197510
v -48.617344 -0.745423 -508.870178
v -119.303009 6.874924 -501.641022
v -115.439957 11.120986 -577.198059
v -41.777645 15.760413 118.510239
v -115.354698 14.098603 115.438499
v -129.918961 9.680639 36.866039
v 500.237854 11.121537 115.439507
v 500.237854 11.121537 38.479836
v 270.385956 4.388566 116.817970
v 196.863632 4.479354 116.796707
v 212.538300 -0.587899 50.136463
v 269.358856 11.121537 423.278198
v 192.399170 11.121537 423.278198
v 192.399170 11.121537 346.318512
v 577.197510 11.121537 423.278198
v 500.237854 11.121537 423.278198
v 500.237854 11.121537 346.318512
v -353.763702 17.748671 108.268822
v -423.193390 13.904067 115.438499
v -423.278198 11.121537 38.479836
v -346.318512 11.121537 423.278198
v -423.278198 11.121537 423.278198
v -423.278198 11.121537 346.318512
v -38.479836 11.121537 423.278198
v -115.439507 11.121537 423.278198
v -115.439507 11.121537 346.318512
v -346.318512 11.121537 -500.237854
v -423.278198 11.121537 -500.237854
v -423.278198 11.121537 -577.197510
v -346.318512 11.121537 -192.399170
v -423.278198 11.121537 -192.399170
v -423.278198 11.121537 -269.358856
v -38.479836 11.121537 -192.399170
v -115.439507 11.121537 -192.399170
v -118.049240 9.635435 -266.743042
v 279.255035 -4.041722 -519.953369
v 203.313614 -7.480955 -518.943848
v 194.795242 7.039179 -581.303162
v 272.393433 2.992464 -205.880295
v 192.399170 11.121537 -192.399170
v 192.399170 11.121537 -269.358856
v 500.237854 11.121537 -192.399170
v 500.237854 11.121537 -269.358856
v 423.278198 11.121537 -192.399170
v 344.285278 6.598447 -226.203339
v 357.197144 -9.759253 -279.274597
v 423.278198 11.121537 -38.479836
v 348.584137 4.637706 -34.550747
v 356.893005 -5.608858 -112.537186
v 577.197510 11.121537 -38.479836
v 500.237854 11.121537 -38.479836
v 500.237854 11.121537 -115.439507
v 115.439507 11.121537 -192.399170
v 38.479836 11.121537 -192.399170
v 38.479836 11.121537 -269.358856
v 117.705139 4.637706 -34.550747
v 40.743340 4.640692 -34.548767
v 38.479836 11.121537 -115.439507
v 276.386963 -7.050683 -50.922657
v 195.471802 2.949804 -36.073734
v 192.399170 11.121537 -115.439507
v 111.437691 -3.594190 -514.886780
v 23.859873 -2.322341 -514.823486
v 23.774237 0.440286 -589.557495
v 118.092918 -1.209437 -362.407257
v 40.404522 0.483975 -359.631317
v 39.183559 -3.393904 -441.102448
v 269.118896 4.491566 -355.460785
v 192.422806 11.011747 -346.461761
v 197.859482 1.767211 -433.482147
v -192.399170 11.121537 -192.399170
v -269.358856 11.121537 -192.399170
v 423.278198 67.801804 538.717712
v -192.399170 11.121537 -38.479836
v -269.358856 11.121537 -38.479836
v -269.358856 11.121537 -115.439507
v -41.777645 15.760413 -35.409103
v -115.439507 11.121537 -38.479836
v -115.439507 11.121537 -115.439507
v -500.237854 11.121537 -192.399170
v -577.197510 11.121537 -192.399170
v -577.197510 11.121537 -269.358856
v 442.518097 67.801804 538.717712
v -577.197510 11.121537 -38.479836
v -577.197510 11.121537 -115.439507
v -346.318512 11.121537 -38.479836
v -423.278198 11.121537 -38.479836
v -423.278198 11.121537 -115.439507
v -500.237854 11.121537 -500.237854
v -577.197510 11.121537 -500.237854
v -577.197510 11.121537 -577.197510
v -500.237854 11.121537 -346.318512
v -577.197510 11.121537 -346.318512
v -577.197510 11.121537 -423.278198
v -346.318512 11.121537 -346.318512
v -423.278198 11.121537 -346.318512
v -423.278198 11.121537 -423.278198
v -192.399170 11.121537 423.278198
v -269.358856 11.121537 423.278198
v -269.358856 11.121537 346.318512
v -192.399170 11.121537 577.197510
v -269.358856 11.121537 577.197510
v -269.358856 11.121537 500.237854
v -38.479836 11.121537 577.197510
v -115.439507 11.121537 577.197510
v -115.439507 11.121537 500.237854
v 346.318512 67.801804 538.717712
v -577.197510 11.121537 423.278198
v -577.197510 11.121537 346.318512
v -500.237854 11.121537 577.197510
v -577.197510 11.121537 577.197510
v -577.197510 11.121537 500.237854
v -346.318512 11.121537 577.197510
v -423.278198 11.121537 577.197510
v -423.278198 11.121537 500.237854
v 365.558441 67.801804 538.717712
v -577.197510 11.121537 115.439507
v -577.197510 11.121537 38.479836
v 384.798340 67.801804 500.237854
v -577.197510 11.121537 269.358856
v -577.197510 11.121537 192.399170
v -346.318512 11.121537 269.358856
v -423.278198 11.121537 269.358856
v -423.278198 11.121537 192.399170
v 423.278198 11.121537 423.278198
v 346.318512 11.121537 423.278198
v 346.318512 11.121537 346.318512
v 423.278198 11.121537 577.197510
v 346.318512 11.121537 577.197510
v 346.318512 11.121537 500.237854
v 577.197510 11.121537 577.197510
v 500.237854 11.121537 577.197510
v 115.439507 11.121537 423.278198
v 38.479836 11.121537 423.278198
v 38.479836 11.121537 346.318512
v 115.439507 11.121537 577.197510
v 38.479836 11.121537 577.197510
v 38.479836 11.121537 500.237854
v 269.358856 11.121537 577.197510
v 192.399170 11.121537 577.197510
v 192.399170 11.121537 500.237854
v 116.850853 5.645777 120.184517
v 40.745464 4.637706 119.368599
v 49.321495 22.060133 55.479237
v 115.439507 11.121537 269.358856
v 38.479836 11.121537 269.358856
v 38.479836 11.121537 192.399170
v 269.358856 11.121537 269.358856
v 192.399170 11.121537 269.358856
v 192.399170 11.121537 192.399170
v 423.278198 11.121537 115.439507
v 346.318512 11.121537 115.439507
v 341.157166 10.777130 39.625427
v 423.278198 11.121537 269.358856
v 346.318512 11.121537 269.358856
v 346.318512 11.121537 192.399170
v 500.237854 11.121537 269.358856
v 500.237854 11.121537 192.399170
v -192.000412 24.660307 115.434761
v -274.128723 20.309996 110.783592
v -276.772522 17.794344 31.344109
v -192.399170 11.121537 269.358856
v -269.358856 11.121537 269.358856
v -269.358856 11.121537 192.399170
v -38.479836 11.121537 269.358856
v -115.439507 11.121537 269.358856
v -115.439507 11.121537 192.399170
v -192.399170 11.121537 -500.237854
v -269.358856 11.121537 -500.237854
v -269.358856 11.121537 -577.197510
v -192.434097 11.101651 -346.283508
v -269.358856 11.121537 -346.318512
v -269.358856 11.121537 -423.278198
v -47.743271 4.993936 -339.044556
v -122.783669 6.400716 -340.227966
v -123.480125 2.919210 -423.766083
v 423.278198 11.121537 -500.237854
v 348.950409 6.826074 -507.412842
v 346.318512 11.121537 -577.197510
v 422.555298 9.100677 -348.813232
v 341.738373 -7.070722 -363.677643
v 348.915649 -5.879867 -448.165161
v 577.197510 11.121537 -346.318512
v 500.237854 11.121537 -346.318512
v 500.237854 11.121537 -423.278198
v 422.844025 9.907758 -424.776581
v 423.278198 11.121537 -577.197510
v -50.090298 -0.845280 -425.139252
v -192.410339 11.109583 -423.280212
v -192.399170 11.121537 -577.197510
v -38.479836 11.121537 192.399170
v -192.399170 11.121537 192.399170
v -192.000412 24.660307 38.475090
v 577.197510 11.121537 192.399170
v 423.278198 11.121537 192.399170
v 423.278198 11.121537 38.479836
v 269.358856 11.121537 192.399170
v 115.439507 11.121537 192.399170
v 114.558846 2.729796 45.413937
v 269.358856 11.121537 500.237854
v 115.439507 11.121537 500.237854
v 115.439507 11.121537 346.318512
v 577.197510 11.121537 500.237854
v 423.278198 11.121537 500.237854
v 423.278198 11.121537 346.318512
v -346.318512 11.121537 192.399170
v 384.798340 67.801804 519.477783
v 500.237854 67.801804 538.717712
v -346.318512 11.121537 500.237854
v 519.477783 67.801804 538.717712
v 538.717712 67.801804 500.237854
v -38.479836 11.121537 500.237854
v -192.399170 11.121537 500.237854
v -192.399170 11.121537 346.318512
v -346.318512 11.121537 -423.278198
v -500.237854 11.121537 -423.278198
v -500.237854 11.121537 -577.197510
v -346.318512 11.121537 -115.439507
v -500.237854 11.121537 -115.439507
v -500.237854 11.121537 -269.358856
v -38.479836 11.121537 -115.439507
v -192.399170 11.121537 -115.439507
v -192.399170 11.121537 -269.358856
v 278.599548 -8.732867 -451.840790
v 120.190735 -8.029498 -446.745056
v 106.765991 3.075613 -586.228943
v 284.420593 -19.434620 -140.120712
v 115.439507 11.121537 -115.439507
v 115.439507 11.121537 -269.358856
v 423.278198 11.121537 -115.439507
v 423.278198 11.121537 -269.358856
v 577.197510 11.121537 -269.358856
v 270.733215 7.211828 -273.552887
v 270.768219 9.030839 -579.476868
v -41.834087 9.211474 -265.996765
v -346.318512 11.121537 -269.358856
v -346.318512 11.121537 -577.197510
v -38.479836 11.121537 346.318512
v -346.318512 11.121537 346.318512
v -357.115570 14.653989 28.198040
v 269.358856 11.121537 346.318512
v 263.121246 -0.587899 50.136463
v -53.986740 32.934372 52.918968
v -42.130299 6.938510 -581.408508
v 577.197510 11.121537 -577.197510
v -615.677368 11.121537 596.437439
v 596.437439 11.121537 615.677368
v 615.677368 11.121537 -596.437439
v -596.437439 11.121537 -615.677368
v -615.677368 11.121537 -19.239918
v -19.239918 11.121537 615.677368
v 615.677368 11.121537 19.239918
v 14.263646 7.716108 -619.703918
v -6.505514 5.813955 -602.339844
v -15.506905 32.934372 33.679050
v -596.437439 11.121537 0.000000
v 16.031950 23.932117 17.305717
v -615.677368 11.121537 288.598755
v 288.598755 11.121537 615.677368
v 615.677368 11.121537 -288.598755
v -288.598755 11.121537 -615.677368
v -615.677368 11.121537 -327.078613
v -327.078613 11.121537 615.677368
v 615.677368 11.121537 327.078613
v 327.078613 11.121537 -615.677368
v -2.503818 9.695750 -286.089111
v 0.000000 11.121537 327.078613
v -296.397858 13.500879 -7.457635
v 328.961945 4.635799 4.182930
v 295.650665 1.067981 32.746376
v 307.838684 11.121537 327.078613
v 19.239918 11.121537 307.838684
v 327.078613 11.121537 307.838684
v -318.635712 14.653989 8.958122
v -307.838684 11.121537 327.078613
v -596.437439 11.121537 307.838684
v -288.598755 11.121537 307.838684
v -307.838684 11.121537 -596.437439
v -307.838684 11.121537 -288.598755
v -596.437439 11.121537 -307.838684
v -288.598755 11.121537 -307.838684
v 307.838684 11.121537 -596.437439
v 311.095245 -4.707076 -300.850677
v 17.984730 9.267248 -307.686096
v 317.759460 -15.785207 -326.926636
v -615.677368 11.121537 442.518097
v 442.518097 11.121537 615.677368
v 615.677368 11.121537 -442.518097
v -442.518097 11.121537 -615.677368
v -615.677368 11.121537 -173.159256
v -173.159256 11.121537 615.677368
v 615.677368 11.121537 173.159256
v 173.160416 11.118780 -615.679688
v -8.004616 -0.628837 -450.439301
v 0.000000 11.121537 173.159256
v -442.518097 11.121537 0.000000
v 178.075546 4.595641 6.197694
v -615.677368 11.121537 134.679428
v 134.679428 11.121537 615.677368
v 615.677368 11.121537 -134.679428
v -134.679428 11.121537 -615.677368
v -615.677368 11.121537 -480.997955
v -480.997955 11.121537 615.677368
v 615.677368 11.121537 480.997955
v 480.997955 11.121537 -615.677368
v 0.000000 11.121537 -134.679428
v 0.000000 11.121537 480.997955
v -141.718323 11.231144 0.206762
v 480.997955 11.121537 0.000000
v 307.838684 11.121537 173.159256
v 307.838684 11.121537 480.997955
v 173.159256 11.121537 307.838684
v 480.997955 11.121537 307.838684
v -307.753876 13.999207 173.158249
v -307.838684 11.121537 480.997955
v 538.717712 67.801804 519.477783
v -134.679428 11.121537 307.838684
v -307.838684 11.121537 -442.518097
v -307.838684 11.121537 -134.679428
v -442.518097 11.121537 -307.838684
v -138.129608 9.156842 -304.380432
v 314.977722 -7.308150 -470.153168
v 316.275787 -2.970941 -135.564850
v 173.220703 10.835969 -308.211273
v 480.997955 11.121537 -307.838684
v 461.758026 11.121537 -288.598755
v 461.758026 11.121537 -134.679428
v 340.251801 -10.083039 -151.861328
v 480.997955 11.121537 -153.919342
v 153.919342 11.121537 -288.598755
v 153.919342 11.121537 -134.679428
v 19.239918 11.121537 -153.919342
v 173.159256 11.121537 -153.919342
v 152.661987 8.662265 -598.935486
v 160.111542 -3.189944 -457.339233
v 11.443544 -2.220559 -475.045868
v 182.149673 -5.223227 -477.611511
v -154.894669 10.566147 -287.621185
v -153.919342 11.121537 -134.679428
v 115.439507 67.801804 538.717712
v -134.679428 11.121537 -153.919342
v -461.758026 11.121537 -288.598755
v -461.758026 11.121537 -134.679428
v -596.437439 11.121537 -153.919342
v -442.518097 11.121537 -153.919342
v -461.758026 11.121537 -596.437439
v -461.758026 11.121537 -442.518097
v -596.437439 11.121537 -461.758026
v -442.518097 11.121537 -461.758026
v -153.919342 11.121537 327.078613
v -153.919342 11.121537 480.997955
v -288.598755 11.121537 461.758026
v -134.679428 11.121537 461.758026
v 134.679428 67.801804 538.717712
v -461.758026 11.121537 480.997955
v -596.437439 11.121537 461.758026
v -442.518097 11.121537 461.758026
v 38.479836 67.801804 538.717712
v 57.719753 67.801804 538.717712
v -596.437439 11.121537 153.919342
v -442.518097 11.121537 153.919342
v 461.758026 11.121537 327.078613
v 461.758026 11.121537 480.997955
v 327.078613 11.121537 461.758026
v 480.997955 11.121537 461.758026
v 153.919342 11.121537 327.078613
v 153.919342 11.121537 480.997955
v 19.239918 11.121537 461.758026
v 173.159256 11.121537 461.758026
v 168.685425 3.682145 28.805838
v 156.184967 4.637706 177.088364
v 21.505547 4.637706 157.848434
v 175.424896 4.637706 157.848434
v 461.758026 11.121537 19.239918
v 461.758026 11.121537 173.159256
v 327.078613 11.121537 153.919342
v 480.997955 11.121537 153.919342
v -165.095245 23.286905 23.048746
v -153.834534 13.999207 173.158249
v -288.313080 20.820669 153.915939
v -134.478165 18.005917 153.916946
v -153.919342 11.121537 -596.437439
v -156.711700 8.130357 -443.024048
v -288.598755 11.121537 -461.758026
v -138.853165 6.650617 -462.514282
v 461.758026 11.121537 -596.437439
v 461.758026 11.121537 -442.518097
v 332.732727 -2.708164 -483.275421
v 480.997955 11.121537 -461.758026
v -615.677368 11.121537 519.477783
v 519.477783 11.121537 615.677368
v 615.677368 11.121537 -519.477783
v -519.477783 11.121537 -615.677368
v -615.677368 11.121537 -96.199585
v -96.199585 11.121537 615.677368
v 615.677368 11.121537 96.199585
v 89.959442 7.153526 -620.500977
v -13.159733 -1.541336 -532.517273
v -3.297812 15.760413 99.270325
v 76.959671 67.801804 500.237854
v 99.130104 5.535082 4.618670
v -615.677368 11.121537 211.639099
v 211.639099 11.121537 615.677368
v 615.677368 11.121537 -211.639099
v -211.639099 11.121537 -615.677368
v -615.677368 11.121537 -404.038269
v -404.038269 11.121537 615.677368
v 615.677368 11.121537 404.038269
v 404.038269 11.121537 -615.677368
v 0.000000 11.121537 -211.639099
v 0.000000 11.121537 404.038269
v -211.353409 20.821579 -0.003400
v 404.038269 11.121537 0.000000
v 293.921753 6.002609 89.087730
v 307.838684 11.121537 404.038269
v 96.199585 11.121537 307.838684
v 404.038269 11.121537 307.838684
v -318.635712 14.653989 85.917793
v -307.838684 11.121537 404.038269
v -519.477783 11.121537 307.838684
v -211.639099 11.121537 307.838684
v -307.838684 11.121537 -519.477783
v -307.838684 11.121537 -211.639099
v -519.477783 11.121537 -307.838684
v -211.639099 11.121537 -307.838684
v 312.106659 4.438954 -529.080017
v 310.961517 1.416760 -229.559479
v 97.311432 5.954571 -314.580231
v 403.181396 8.726070 -310.795868
v -615.677368 11.121537 365.558441
v 365.558441 11.121537 615.677368
v 615.677368 11.121537 -365.558441
v -365.558441 11.121537 -615.677368
v -615.677368 11.121537 -250.118927
v -250.118927 11.121537 615.677368
v 615.677368 11.121537 250.118927
v 250.118927 11.121537 -615.677368
v -4.659334 3.375672 -367.403046
v 0.000000 11.121537 250.118927
v -366.472382 19.437986 -1.212552
v 255.653778 -3.255134 -0.253146
v -615.677368 11.121537 57.719753
v 57.719753 11.121537 615.677368
v 615.677368 11.121537 -57.719753
v -57.836449 10.977968 -615.819336
v -615.677368 11.121537 -557.957642
v -557.957642 11.121537 615.677368
v 615.677368 11.121537 557.957642
v 557.957642 11.121537 -615.677368
v 0.000000 11.121537 -57.719753
v 0.000000 11.121537 557.957642
v -73.226662 38.459766 14.439134
v 307.838684 11.121537 250.118927
v 250.118927 11.121537 307.838684
v -307.838684 11.121537 250.118927
v -307.838684 11.121537 557.957642
v -365.558441 11.121537 307.838684
v -57.719753 11.121537 307.838684
v -307.838684 11.121537 -365.558441
v -307.838684 11.121537 -57.719753
v -365.558441 11.121537 -307.838684
v -65.325470 6.789548 -300.217468
v 308.317902 -5.510736 -388.978912
v 310.135956 4.488512 -54.204952
v 249.910950 10.540098 -308.556458
v 461.758026 11.121537 -211.639099
v 461.758026 11.121537 -57.719753
v 405.729401 8.494173 -153.247986
v 557.957642 11.121537 -153.919342
v 153.919342 11.121537 -211.639099
v 156.184967 4.637706 -53.790665
v 96.199585 11.121537 -153.919342
v 263.502747 -11.862425 -158.066177
v 158.958420 -4.405338 -534.463684
v 155.586533 3.373722 -375.667328
v 95.886261 -5.997539 -481.218140
v 263.034668 -9.042176 -488.515778
v -153.919342 11.121537 -211.639099
v -153.919342 11.121537 -57.719753
v -211.639099 11.121537 -153.919342
v -57.719753 11.121537 -153.919342
v -461.758026 11.121537 -211.639099
v -461.758026 11.121537 -57.719753
v -519.477783 11.121537 -153.919342
v -365.558441 11.121537 -153.919342
v -461.758026 11.121537 -519.477783
v -461.758026 11.121537 -365.558441
v -519.477783 11.121537 -461.758026
v -365.558441 11.121537 -461.758026
v -153.919342 11.121537 404.038269
v -153.919342 11.121537 557.957642
v -211.639099 11.121537 461.758026
v -57.719753 11.121537 461.758026
v -461.758026 11.121537 404.038269
v -461.758026 11.121537 557.957642
v 76.959671 67.801804 519.477783
v -365.558441 11.121537 461.758026
v 269.358856 67.801804 538.717712
v 288.598755 67.801804 538.717712
v 192.399170 67.801804 538.717712
v -365.272736 20.820669 153.915939
v 461.758026 11.121537 404.038269
v 404.038269 11.121537 461.758026
v 557.957642 11.121537 461.758026
v 153.919342 11.121537 404.038269
v 96.199585 11.121537 461.758026
v 250.118927 11.121537 461.758026
v 168.684204 3.686548 94.863464
v 153.919342 11.121537 250.118927
v 98.465218 4.637706 157.848434
v 252.384567 4.637706 157.848434
v 461.758026 11.121537 96.199585
v 461.758026 11.121537 250.118927
v 404.038269 11.121537 153.919342
v -153.520569 24.660307 96.194847
v -153.919342 11.121537 250.118927
v -211.353409 20.820669 153.915939
v -57.719753 11.121537 153.919342
v -154.154999 10.869102 -519.520508
v -156.164246 9.576322 -363.937744
v -211.639099 11.121537 -461.758026
v -70.346474 -3.020096 -468.054230
v 461.758026 11.121537 -519.477783
v 461.754883 11.112686 -365.569366
v 404.139984 10.036216 -463.317963
v 557.957642 11.121537 -461.758026
v 538.717712 11.121537 -365.558441
v 480.997955 11.121537 -384.798340
v 385.540436 4.569663 -451.992584
v 382.402954 2.241911 -376.871063
v 328.362885 -8.046285 -412.118042
v 402.126343 5.479612 -391.810974
v 384.798340 11.121537 -596.437439
v 384.978516 10.828494 -519.967529
v 327.805328 9.974387 -540.424255
v 404.038269 11.121537 -538.717712
v -88.588623 -1.345143 -445.674927
v -89.394043 1.601592 -358.848694
v -140.251556 6.426818 -382.802551
v -70.799507 0.124471 -380.059021
v 211.639099 67.801804 538.717712
v 230.879013 67.801804 500.237854
v -288.598755 11.121537 -384.798340
v -211.639099 11.121537 -384.798340
v -230.879013 11.121537 -596.437439
v 230.879013 67.801804 519.477783
v -288.598755 11.121537 -538.717712
v 577.197510 67.801804 230.879013
v -76.959671 11.121537 173.159256
v -76.959671 11.121537 250.118927
v -134.679428 11.121537 230.879013
v -57.719753 11.121537 230.879013
v -230.794205 13.999207 173.158249
v -230.879013 11.121537 250.118927
v -288.598755 11.121537 230.879013
v -211.639099 11.121537 230.879013
v -230.480240 24.660307 19.235172
v -230.480240 24.660307 96.194847
v -299.395782 14.653989 66.677872
v -211.240326 24.660307 76.954926
v 538.717712 11.121537 173.159256
v 538.717712 11.121537 250.118927
v 480.997955 11.121537 230.879013
v 384.798340 11.121537 173.159256
v 384.798340 11.121537 250.118927
v 327.078613 11.121537 230.879013
v 404.038269 11.121537 230.879013
v 384.798340 11.121537 19.239918
v 384.798340 11.121537 96.199585
v 308.589905 6.613512 74.105560
v 404.038269 11.121537 76.959671
v 233.144638 4.637706 177.088364
v 230.879013 11.121537 250.118927
v 173.159256 11.121537 230.879013
v 250.118927 11.121537 230.879013
v 79.225304 4.637706 177.088364
v 76.959671 11.121537 250.118927
v 19.239918 11.121537 230.879013
v 96.199585 11.121537 230.879013
v 85.961456 16.076828 32.004116
v 77.008766 7.253274 102.245689
v 15.901071 12.783064 86.294281
v 94.074913 9.821571 85.084450
v 230.879013 11.121537 480.997955
v 173.159256 11.121537 538.717712
v 76.959671 11.121537 480.997955
v 19.239918 11.121537 538.717712
v 76.959671 11.121537 327.078613
v 76.959671 11.121537 404.038269
v 19.239918 11.121537 384.798340
v 96.199585 11.121537 384.798340
v 538.717712 11.121537 480.997955
v 538.717712 11.121537 557.957642
v 557.957642 11.121537 538.717712
v 384.798340 11.121537 480.997955
v 384.798340 11.121537 557.957642
v 404.038269 11.121537 538.717712
v 384.798340 11.121537 327.078613
v 384.798340 11.121537 404.038269
v 327.078613 11.121537 384.798340
v 404.038269 11.121537 384.798340
v -384.713562 13.999207 173.158249
v -384.798340 11.121537 250.118927
v -442.518097 11.121537 230.879013
v -365.558441 11.121537 230.879013
v -538.717712 11.121537 173.159256
v -538.717712 11.121537 250.118927
v -596.437439 11.121537 230.879013
v -519.477783 11.121537 230.879013
v -538.717712 11.121537 19.239918
v -538.717712 11.121537 96.199585
v -596.437439 11.121537 76.959671
v 596.437439 67.801804 230.879013
v -384.798340 11.121537 480.997955
v -384.798340 11.121537 557.957642
v -442.518097 11.121537 538.717712
v -365.558441 11.121537 538.717712
v -538.717712 11.121537 480.997955
v -538.717712 11.121537 557.957642
v -596.437439 11.121537 538.717712
v -519.477783 11.121537 538.717712
v -538.717712 11.121537 327.078613
v -538.717712 11.121537 404.038269
v -596.437439 11.121537 384.798340
v 500.237854 67.801804 230.879013
v -76.959671 11.121537 480.997955
v -76.959671 11.121537 557.957642
v -134.679428 11.121537 538.717712
v -57.719753 11.121537 538.717712
v -230.879013 11.121537 480.997955
v -230.879013 11.121537 557.957642
v -288.598755 11.121537 538.717712
v -211.639099 11.121537 538.717712
v -230.879013 11.121537 327.078613
v -230.879013 11.121537 404.038269
v -288.598755 11.121537 384.798340
v -211.639099 11.121537 384.798340
v -384.798340 11.121537 -442.518097
v -384.798340 11.121537 -365.558441
v -442.518097 11.121537 -384.798340
v -365.558441 11.121537 -384.798340
v -538.717712 11.121537 -442.518097
v -538.717712 11.121537 -365.558441
v -596.437439 11.121537 -384.798340
v -519.477783 11.121537 -384.798340
v -538.717712 11.121537 -596.437439
v -538.717712 11.121537 -519.477783
v -596.437439 11.121537 -538.717712
v -519.477783 11.121537 -538.717712
v -384.798340 11.121537 -134.679428
v -384.798340 11.121537 -57.719753
v -442.518097 11.121537 -76.959671
v 519.477783 67.801804 230.879013
v -538.717712 11.121537 -134.679428
v -538.717712 11.121537 -57.719753
v -596.437439 11.121537 -76.959671
v -519.477783 11.121537 -76.959671
v -538.717712 11.121537 -288.598755
v -538.717712 11.121537 -211.639099
v -596.437439 11.121537 -230.879013
v -519.477783 11.121537 -230.879013
v -76.959671 11.121537 -134.679428
v -76.959671 11.121537 -57.719753
v -134.679428 11.121537 -76.959671
v -57.719753 11.121537 -76.959671
v -230.879013 11.121537 -134.679428
v -230.879013 11.121537 -57.719753
v -288.598755 11.121537 -76.959671
v -211.639099 11.121537 -76.959671
v 538.717712 67.801804 269.358856
v -230.879013 11.121537 -211.639099
v 538.717712 67.801804 288.598755
v -211.639099 11.121537 -230.879013
v 242.106293 -6.426859 -465.040924
v 231.899384 7.992904 -370.381897
v 174.316742 5.861419 -391.616913
v 253.493393 1.032387 -399.871307
v 76.897652 -8.005444 -465.878662
v 80.724503 -6.374483 -388.386200
v 19.464127 -0.289189 -397.186615
v 100.256927 -7.730745 -409.394165
v 65.817635 3.980885 -605.091675
v 62.765968 -4.020226 -535.835083
v 2.535558 -3.068169 -554.292236
v 84.679848 -2.901320 -553.740601
v 239.587738 -3.924520 -137.764389
v 238.648682 -10.542263 -79.858185
v 175.424896 4.637706 -73.030579
v 256.954071 -10.552711 -105.767677
v 76.959671 11.121537 -134.679428
v 79.225304 4.637706 -53.790665
v 21.505547 4.637706 -73.030579
v 98.465218 4.637706 -73.030579
v 77.308472 9.500585 -290.713684
v 76.959671 11.121537 -211.639099
v 19.239918 11.121537 -230.879013
v 96.199585 11.121537 -230.879013
v 480.997955 11.121537 -76.959671
v 557.957642 11.121537 -76.959671
v 393.395447 -2.235095 -131.266449
v 384.798340 11.121537 -57.719753
v 327.078613 11.121537 -76.959671
v 404.038269 11.121537 -76.959671
v 384.364197 9.907760 -290.097137
v 382.312744 9.856359 -234.647522
v 336.263947 -9.251899 -254.764786
v 403.990356 11.097143 -231.322647
v 480.997955 11.121537 -230.879013
v 230.879013 11.121537 -288.598755
v 231.475952 9.522478 -214.290955
v 173.159256 11.121537 -230.879013
v 253.153519 2.992464 -244.360123
v 232.014572 9.436987 -598.273987
v 240.493103 -3.695023 -535.874390
v 180.072708 -2.515479 -552.181091
v 256.623413 1.437630 -549.385681
v -83.079330 7.636724 -282.464844
v -76.965233 11.118370 -211.633514
v -134.679428 11.121537 -230.879013
v -58.414730 10.725786 -230.182404
v -384.798340 11.121537 -288.598755
v -384.798340 11.121537 -211.639099
v -442.518097 11.121537 -230.879013
v -365.558441 11.121537 -230.879013
v -384.798340 11.121537 -596.437439
v -384.798340 11.121537 -519.477783
v -442.518097 11.121537 -538.717712
v -365.558441 11.121537 -538.717712
v -76.959671 11.121537 327.078613
v -76.959671 11.121537 404.038269
v -134.679428 11.121537 384.798340
v -57.719753 11.121537 384.798340
v -384.798340 11.121537 327.078613
v -384.798340 11.121537 404.038269
v -442.518097 11.121537 384.798340
v -365.558441 11.121537 384.798340
v -385.745819 19.350296 17.989986
v -387.253204 21.845997 93.483917
v -442.518097 11.121537 76.959671
v -373.356079 17.236839 69.397202
v 480.997955 11.121537 384.798340
v 230.879013 11.121537 327.078613
v 230.879013 11.121537 404.038269
v 173.159256 11.121537 384.798340
v 250.118927 11.121537 384.798340
v 236.370544 0.814062 32.776585
v 236.356812 0.844953 92.154854
v 199.892563 -4.282128 75.427925
v 250.475494 -0.587899 75.427925
v 538.717712 11.121537 19.239918
v 538.717712 11.121537 96.199585
v 480.997955 11.121537 76.959671
v 557.957642 11.121537 76.959671
v -88.069420 42.183601 29.584669
v -84.786400 22.131021 103.487381
v -145.023300 10.927242 76.249733
v -73.226662 38.459766 91.398804
v -77.510872 10.443414 -597.107971
v -83.070740 3.973255 -524.503784
v -134.679428 11.121528 -538.717712
v -63.115475 4.581544 -544.665161
v 538.717712 11.121537 -596.437439
v 538.717712 11.121537 -519.477783
v 480.997955 11.121537 -538.717712
v 557.957642 11.121537 -538.717712
v -615.677368 11.121537 557.957642
v 557.957642 11.121537 615.677368
v 615.677368 11.121537 -557.957642
v -557.957642 11.121537 -615.677368
v -615.677368 11.121537 -57.719753
v -57.719753 11.121537 615.677368
v 615.677368 11.121537 57.719753
v 50.251675 6.371408 -621.451172
v -12.449162 0.170501 -569.845276
v -15.506905 32.934372 72.158882
v -557.957642 11.121537 0.000000
v 67.649475 14.981837 11.877927
v -615.677368 11.121537 250.118927
v 250.118927 11.121537 615.677368
v 615.677368 11.121537 -250.118927
v -250.118927 11.121537 -615.677368
v -615.677368 11.121537 -365.558441
v -365.558441 11.121537 615.677368
v 615.677368 11.121537 365.558441
v 365.558441 11.121537 -615.677368
v -0.433196 10.874856 -249.684723
v 0.000000 11.121537 365.558441
v -250.363190 20.424011 -0.463485
v 365.558441 11.121537 0.000000
v 288.412689 -0.587899 62.782196
v 307.838684 11.121537 365.558441
v 57.719753 11.121537 307.838684
v 365.558441 11.121537 307.838684
v -318.635712 14.653989 47.437954
v -307.838684 11.121537 365.558441
v -557.957642 11.121537 307.838684
v -250.118927 11.121537 307.838684
v -307.838684 11.121537 -557.957642
v -307.838684 11.121537 -250.118927
v -557.957642 11.121537 -307.838684
v 577.197510 67.801804 -384.798340
v 308.756531 9.748855 -559.527588
v 315.270996 -7.973701 -267.202148
v 58.478676 7.594663 -312.440338
v 362.060028 5.254840 -316.133728
v -615.677368 11.121537 404.038269
v 404.038269 11.121537 615.677368
v 615.677368 11.121537 -404.038269
v -404.038269 11.121537 -615.677368
v -615.677368 11.121537 -211.639099
v -211.639099 11.121537 615.677368
v 615.677368 11.121537 211.639099
v 211.662247 11.087175 -615.714783
v -5.197220 -0.207393 -411.056091
v 0.000000 11.121537 211.639099
v -404.013489 11.907312 -0.000295
v 217.718781 -0.750448 1.944035
v -615.677368 11.121537 96.199585
v 96.199585 11.121537 615.677368
v 615.677368 11.121537 -96.199585
v -96.199585 11.121537 -615.677368
v -615.677368 11.121537 -519.477783
v -519.477783 11.121537 615.677368
v 615.677368 11.121537 519.477783
v 519.477783 11.121537 -615.677368
v 0.000000 11.121537 -96.199585
v 0.000000 11.121537 519.477783
v -92.852722 14.945098 2.128434
v 519.477783 11.121537 0.000000
v 307.838684 11.121537 211.639099
v 211.639099 11.121537 307.838684
v -307.838684 11.121537 211.639099
v -307.838684 11.121537 519.477783
v -404.038269 11.121537 307.838684
v -96.199585 11.121537 307.838684
v -307.838684 11.121537 -404.038269
v -307.838684 11.121537 -96.199585
v -404.038269 11.121537 -307.838684
v -103.316566 7.068809 -300.705109
v 312.155670 -10.545215 -435.531555
v 309.104767 8.033536 -100.487259
v 211.639099 11.121537 -307.838684
v 519.477783 11.121537 -307.838684
v 461.758026 11.121537 -250.118927
v 461.758026 11.121537 -96.199585
v 378.609253 -9.218397 -149.012955
v 519.477783 11.121537 -153.919342
v 153.919342 11.121537 -250.118927
v 153.919342 11.121537 -96.199585
v 57.719753 11.121537 -153.919342
v 213.396118 8.104196 -154.463745
v 154.767303 0.861163 -568.137329
v 157.041458 -0.633938 -418.436066
v 51.790363 -4.562150 -480.230194
v 223.049973 -7.314164 -482.539764
v -154.056290 11.043551 -249.981659
v -153.919342 11.121537 -96.199585
v -250.118927 11.121537 -153.919342
v -96.199585 11.121537 -153.919342
v -461.758026 11.121537 -250.118927
v -461.758026 11.121537 -96.199585
v -557.957642 11.121537 -153.919342
v -404.038269 11.121537 -153.919342
v -461.758026 11.121537 -557.957642
v -461.758026 11.121537 -404.038269
v -557.957642 11.121537 -461.758026
v -404.038269 11.121537 -461.758026
v -153.919342 11.121537 365.558441
v -153.919342 11.121537 519.477783
v -250.118927 11.121537 461.758026
v -96.199585 11.121537 461.758026
v 596.437439 67.801804 -384.798340
v -461.758026 11.121537 519.477783
v -557.957642 11.121537 461.758026
v -404.038269 11.121537 461.758026
v 538.717712 67.801804 -346.318512
v 538.717712 67.801804 -327.078613
v -557.957642 11.121537 153.919342
v -403.836975 17.902386 153.916946
v 461.758026 11.121537 365.558441
v 365.558441 11.121537 461.758026
v 153.919342 11.121537 365.558441
v 153.919342 11.121537 519.477783
v 57.719753 11.121537 461.758026
v 211.639099 11.121537 461.758026
v 176.778961 -2.697838 62.291153
v 153.919342 11.121537 211.639099
v 59.985382 4.637706 157.848434
v 213.904724 4.637706 157.848434
v 461.758026 11.121537 57.719753
v 461.758026 11.121537 211.639099
v 365.558441 11.121537 153.919342
v 519.477783 11.121537 153.919342
v -153.633652 20.859402 57.716354
v -153.919342 11.121537 211.639099
v -249.833237 20.820669 153.915939
v -96.199585 11.121537 153.919342
v -153.919342 11.121537 -557.957642
v -156.229324 8.886350 -403.892487
v 577.197510 67.801804 -461.758026
v -105.454178 1.069299 -464.337585
v 461.758026 11.121537 -557.957642
v 461.758026 11.121537 -404.038269
v 368.015839 3.928297 -472.897949
v 519.477783 11.121537 -461.758026
v -615.677368 11.121537 480.997955
v 480.997955 11.121537 615.677368
v 615.677368 11.121537 -480.997955
v -480.997955 11.121537 -615.677368
v -615.677368 11.121537 -134.679428
v -134.679428 11.121537 615.677368
v 615.677368 11.121537 134.679428
v 131.228973 8.848706 -618.416992
v -12.543694 -2.346759 -492.142853
v 0.000000 11.121537 134.679428
v 596.437439 67.801804 -461.758026
v 136.945053 4.637706 3.929090
v -615.677368 11.121537 173.159256
v 173.159256 11.121537 615.677368
v 615.677368 11.121537 -173.159256
v -173.159256 11.121537 -615.677368
v -615.677368 11.121537 -442.518097
v -442.518097 11.121537 615.677368
v 615.677368 11.121537 442.518097
v 442.518097 11.121537 -615.677368
v 0.000000 11.121537 -173.159256
v 0.000000 11.121537 442.518097
v -172.873566 20.821579 -0.003400
v 442.518097 11.121537 0.000000
v 307.838684 11.121537 134.679428
v 307.838684 11.121537 442.518097
v 134.679428 11.121537 307.838684
v 442.518097 11.121537 307.838684
v -309.416992 23.118757 132.938004
v -307.838684 11.121537 442.518097
v -480.997955 11.121537 307.838684
v -173.159256 11.121537 307.838684
v -307.838684 11.121537 -480.997955
v -307.838684 11.121537 -173.159256
v -480.997955 11.121537 -307.838684
v -173.481613 10.937980 -307.515594
v 315.582581 -1.784482 -500.641357
v 311.053040 5.573061 -174.266159
v 135.135391 9.002551 -310.603424
v 442.518097 11.121537 -307.838684
v -615.677368 11.121537 327.078613
v 327.078613 11.121537 615.677368
v 615.677368 11.121537 -327.078613
v -327.078613 11.121537 -615.677368
v -615.677368 11.121537 -288.598755
v -288.598755 11.121537 615.677368
v 615.677368 11.121537 288.598755
v 288.598755 11.121537 -615.677368
v -3.874894 7.775469 -324.300232
v 0.000000 11.121537 288.598755
v -332.840393 15.135570 -5.652050
v 288.804535 4.331502 6.423346
v -615.677368 11.121537 19.239918
v 19.239918 11.121537 615.677368
v 615.677368 11.121537 -19.239918
v -20.694117 9.801692 -617.096313
v -615.677368 11.121537 -596.437439
v -596.437439 11.121537 615.677368
v 615.677368 11.121537 596.437439
v 596.437439 11.121537 -615.677368
v -11.109745 26.749094 -8.895165
v 0.000000 11.121537 596.437439
v -34.746822 32.934372 14.439134
v 596.437439 11.121537 0.000000
v 307.838684 11.121537 288.598755
v 307.838684 11.121537 596.437439
v 288.598755 11.121537 307.838684
v 596.437439 11.121537 307.838684
v -307.838684 11.121537 288.598755
v -307.838684 11.121537 596.437439
v -327.078613 11.121537 307.838684
v -19.239918 11.121537 307.838684
v -307.838684 11.121537 -327.078613
v -310.209717 11.549363 -21.584431
v -327.078613 11.121537 -307.838684
v -24.541073 8.102818 -302.525177
v 304.434509 -7.094749 -341.058594
v 310.104309 4.637706 -15.310828
v 289.356842 0.578839 -317.184845
v 596.437439 11.121537 -307.838684
v 461.758026 11.121537 -173.159256
v 461.758026 11.121537 -19.239918
v 442.518097 11.121537 -153.919342
v 596.437439 11.121537 -153.919342
v 153.919342 11.121537 -173.159256
v 156.184967 4.637706 -15.310828
v 134.679428 11.121537 -153.919342
v 300.872681 -9.919203 -157.549896
v 161.347229 -5.085034 -496.464355
v 154.819244 6.939481 -332.535126
v 139.266296 -4.104553 -477.179199
v 298.710388 -6.725245 -487.912079
v -153.919342 11.121537 -173.159256
v -153.894547 11.999063 -19.240213
v -173.159256 11.121537 -153.919342
v -19.239918 11.121537 -153.919342
v -461.758026 11.121537 -173.159256
v 577.197510 67.801804 153.919342
v -480.997955 11.121537 -153.919342
v -327.078613 11.121537 -153.919342
v -461.758026 11.121537 -480.997955
v -461.758026 11.121537 -327.078613
v -480.997955 11.121537 -461.758026
v -327.078613 11.121537 -461.758026
v -153.919342 11.121537 442.518097
v -153.919342 11.121537 596.437439
v -173.159256 11.121537 461.758026
v -19.239918 11.121537 461.758026
v -461.758026 11.121537 442.518097
v -461.758026 11.121537 596.437439
v 596.437439 67.801804 153.919342
v -327.078613 11.121537 461.758026
v 577.197510 67.801804 -307.838684
v 596.437439 67.801804 -307.838684
v 577.197510 67.801804 307.838684
v -326.792908 20.820669 153.915939
v 461.758026 11.121537 442.518097
v 461.758026 11.121537 596.437439
v 442.518097 11.121537 461.758026
v 596.437439 11.121537 461.758026
v 153.919342 11.121537 442.518097
v 153.919342 11.121537 596.437439
v 134.679428 11.121537 461.758026
v 288.598755 11.121537 461.758026
v 156.184967 4.637706 138.608521
v 153.919342 11.121537 288.598755
v 136.945053 4.637706 157.848434
v 288.598755 11.121537 153.919342
v 461.758026 11.121537 134.679428
v 461.758026 11.121537 288.598755
v 442.518097 11.121537 153.919342
v 596.437439 11.121537 153.919342
v -153.520569 24.660307 134.674683
v -153.919342 11.121537 288.598755
v -172.873566 20.820669 153.915939
v -19.239918 11.121537 153.919342
v -155.185776 9.764921 -481.227417
v -156.242447 9.798664 -324.750092
v -173.594818 10.654965 -461.836975
v -30.800798 -2.001125 -469.251862
v 461.758026 11.121537 -480.997955
v 461.758026 11.121537 -327.078613
v 442.518097 11.121537 -461.758026
v 538.717712 11.121537 -404.038269
v 519.477783 11.121537 -384.798340
v 383.764557 1.630301 -416.815918
v 382.656738 5.134529 -334.469482
v 364.579254 -3.138157 -404.253387
v 442.186005 10.193106 -385.944489
v 384.798340 11.121537 -557.957642
v 385.788544 9.411212 -483.829010
v 365.566254 11.108810 -538.738953
v 442.518097 11.121537 -538.717712
v -89.845490 -0.671041 -401.630249
v -85.953407 5.602972 -319.000610
v -107.645821 1.456478 -380.748566
v -28.716166 1.231166 -383.381683
v 596.437439 67.801804 307.838684
v 577.197510 67.801804 0.000000
v 596.437439 67.801804 0.000000
v -173.326614 10.994094 -384.706421
v 615.677368 67.801804 -346.318512
v 615.677368 67.801804 -327.078613
v 615.677368 67.801804 -500.237854
v -173.159256 11.121537 -538.717712
v -76.959671 11.121537 211.639099
v -76.959671 11.121537 288.598755
v -96.199585 11.121537 230.879013
v -19.239918 11.121537 230.879013
v -230.879013 11.121537 211.639099
v -230.879013 11.121537 288.598755
v -250.118927 11.121537 230.879013
v -173.159256 11.121537 230.879013
v -230.480240 24.660307 57.715012
v -230.480240 24.660307 134.674683
v -251.644073 23.195980 75.277359
v -172.760483 24.660307 76.954926
v 538.717712 11.121537 211.639099
v 519.477783 11.121537 230.879013
v 596.437439 11.121537 230.879013
v 384.798340 11.121537 211.639099
v 384.798340 11.121537 288.598755
v 365.558441 11.121537 230.879013
v 442.518097 11.121537 230.879013
v 384.798340 11.121537 57.719753
v 384.798340 11.121537 134.679428
v 365.558441 11.121537 76.959671
v 442.518097 11.121537 76.959671
v 230.879013 11.121537 211.639099
v 230.879013 11.121537 288.598755
v 211.639099 11.121537 230.879013
v 288.598755 11.121537 230.879013
v 76.959671 11.121537 211.639099
v 76.959671 11.121537 288.598755
v 57.719753 11.121537 230.879013
v 134.679428 11.121537 230.879013
v 81.198280 15.968184 70.521194
v 79.225304 4.637706 138.608521
v 61.115734 9.058970 84.341545
v 139.103226 2.317251 82.497871
v 230.879013 11.121537 596.437439
v 76.959671 11.121537 596.437439
v 76.959671 11.121537 365.558441
v 76.959671 11.121537 442.518097
v 57.719753 11.121537 384.798340
v 134.679428 11.121537 384.798340
v 538.717712 11.121537 519.477783
v 538.717712 11.121537 596.437439
v 519.477783 11.121537 538.717712
v 596.437439 11.121537 538.717712
v 384.798340 11.121537 519.477783
v 384.798340 11.121537 596.437439
v 384.798340 11.121537 365.558441
v 384.798340 11.121537 442.518097
v 365.558441 11.121537 384.798340
v 442.518097 11.121537 384.798340
v -384.798340 11.121537 211.639099
v -384.798340 11.121537 288.598755
v -404.038269 11.121537 230.879013
v -327.078613 11.121537 230.879013
v -538.717712 11.121537 211.639099
v -538.717712 11.121537 288.598755
v -557.957642 11.121537 230.879013
v 615.677368 67.801804 -480.997955
v -538.717712 11.121537 57.719753
v -538.717712 11.121537 134.679428
v -557.957642 11.121537 76.959671
v 500.237854 67.801804 153.919342
v -384.798340 11.121537 519.477783
v -384.798340 11.121537 596.437439
v -404.038269 11.121537 538.717712
v -327.078613 11.121537 538.717712
v -538.717712 11.121537 519.477783
v -538.717712 11.121537 596.437439
v -557.957642 11.121537 538.717712
v 519.477783 67.801804 153.919342
v -538.717712 11.121537 365.558441
v -538.717712 11.121537 442.518097
v -557.957642 11.121537 384.798340
v 500.237854 67.801804 461.758026
v -76.959671 11.121537 519.477783
v -76.959671 11.121537 596.437439
v -96.199585 11.121537 538.717712
v -19.239918 11.121537 538.717712
v -230.879013 11.121537 519.477783
v -230.879013 11.121537 596.437439
v -250.118927 11.121537 538.717712
v -173.159256 11.121537 538.717712
v -230.879013 11.121537 365.558441
v -230.879013 11.121537 442.518097
v -250.118927 11.121537 384.798340
v -173.159256 11.121537 384.798340
v -384.798340 11.121537 -404.038269
v -384.798340 11.121537 -327.078613
v -404.038269 11.121537 -384.798340
v -327.078613 11.121537 -384.798340
v -538.717712 11.121537 -404.038269
v -538.717712 11.121537 -327.078613
v -557.957642 11.121537 -384.798340
v -480.997955 11.121537 -384.798340
v -538.717712 11.121537 -557.957642
v -538.717712 11.121537 -480.997955
v -557.957642 11.121537 -538.717712
v -480.997955 11.121537 -538.717712
v -384.798340 11.121537 -96.199585
v -384.773590 11.937014 -19.240213
v -404.038269 11.121537 -76.959671
v -327.078613 11.121537 -76.959671
v -538.717712 11.121537 -96.199585
v -538.717712 11.121537 -19.239918
v -557.957642 11.121537 -76.959671
v -480.997955 11.121537 -76.959671
v -538.717712 11.121537 -250.118927
v -538.717712 11.121537 -173.159256
v -557.957642 11.121537 -230.879013
v -480.997955 11.121537 -230.879013
v -76.959671 11.121537 -96.199585
v -84.786400 27.656418 -11.952123
v -96.199585 11.121537 -76.959671
v -19.239918 11.121537 -76.959671
v -230.879013 11.121537 -96.199585
v -230.794205 14.001521 -19.240927
v -250.118927 11.121537 -76.959671
v -173.159256 11.121537 -76.959671
v -230.879013 11.121537 -250.118927
v -230.879013 11.121537 -173.159256
v -250.118927 11.121537 -230.879013
v -173.159256 11.121537 -230.879013
v 236.496078 1.680127 -417.196808
v 230.856506 11.058614 -327.156281
v 213.188354 8.690742 -388.234283
v 291.560974 -6.447118 -410.472717
v 81.096413 -8.026240 -428.890808
v 79.038223 1.462050 -339.681702
v 61.484585 -6.374483 -407.626129
v 137.926498 -3.466127 -403.583130
v 62.370995 -1.401010 -572.111755
v 69.558884 -5.048046 -498.974152
v 40.443611 -3.182152 -554.782104
v 131.880356 -1.768868 -551.563416
v 235.780807 -1.995450 -117.772156
v 239.291702 -8.219528 -26.911882
v 214.252487 3.207286 -76.692513
v 292.440643 -2.783976 -93.639519
v 76.959671 11.121537 -96.199585
v 79.890182 5.535082 -14.621249
v 59.985382 4.637706 -73.030579
v 136.945053 4.637706 -73.030579
v 76.959671 11.121537 -250.118927
v 76.959671 11.121537 -173.159256
v 57.719753 11.121537 -230.879013
v 134.679428 11.121537 -230.879013
v 538.717712 11.121537 -19.239918
v 519.477783 11.121537 -76.959671
v 596.437439 11.121537 -76.959671
v 384.964111 10.864005 -96.133781
v 384.798340 11.121537 -19.239918
v 365.558441 11.121537 -76.959671
v 442.518097 11.121537 -76.959671
v 384.750427 11.097143 -250.562561
v 389.218109 1.935388 -181.367828
v 366.720245 3.220593 -256.872314
v 442.518097 11.121537 -230.879013
v 538.717712 11.121537 -250.118927
v 538.717712 11.121537 -173.159256
v 519.477783 11.121537 -230.879013
v 230.937531 10.964799 -250.378860
v 236.639389 1.229255 -174.944061
v 211.639099 11.121537 -230.879013
v 294.683319 -5.595669 -254.097702
v 236.237885 2.987664 -566.704956
v 243.109497 -8.005449 -503.910492
v 219.543396 -1.562261 -551.919678
v 292.663971 4.967422 -546.242493
v -79.191566 9.850595 -247.881836
v -76.959671 11.121537 -173.159256
v -96.506866 10.946559 -230.571014
v -19.284746 11.096010 -230.834076
v -384.798340 11.121537 -250.118927
v -384.798340 11.121537 -173.159256
v -404.038269 11.121537 -230.879013
v -327.078613 11.121537 -230.879013
v -384.798340 11.121537 -557.957642
v -384.798340 11.121537 -480.997955
v -404.038269 11.121537 -538.717712
v -327.078613 11.121537 -538.717712
v -76.959671 11.121537 365.558441
v -76.959671 11.121537 442.518097
v -96.199585 11.121537 384.798340
v -19.239918 11.121537 384.798340
v -384.798340 11.121537 365.558441
v -384.798340 11.121537 442.518097
v -404.038269 11.121537 384.798340
v -327.078613 11.121537 384.798340
v -387.287964 18.011791 55.068001
v -384.400635 24.659590 134.673828
v -403.885468 17.833220 76.903397
v -337.875671 14.653989 66.677872
v 538.717712 11.121537 365.558441
v 538.717712 11.121537 442.518097
v 596.437439 11.121537 384.798340
v 230.879013 11.121537 365.558441
v 230.879013 11.121537 442.518097
v 211.639099 11.121537 384.798340
v 288.598755 11.121537 384.798340
v 237.829758 -0.587899 62.782196
v 233.144638 4.637706 138.608521
v 225.184036 -0.587899 75.427925
v 275.766968 -0.587899 75.427925
v 538.717712 11.121537 57.719753
v 596.437439 11.121537 76.959671
v -88.069420 42.183601 68.064507
v -76.959671 11.121537 134.679428
v -99.564049 15.715669 80.025932
v -30.349663 26.749094 87.304420
v -79.412163 8.104465 -560.940063
v -86.934006 -0.038761 -485.901794
v -98.082352 8.863606 -540.628174
v -29.522226 0.772817 -549.503296
v 538.717712 11.121537 -480.997955
v 519.477783 11.121537 -538.717712
v 596.437439 11.121537 -538.717712
v 577.197510 11.121537 -480.997955
v 500.237854 11.121537 -519.477783
v 500.237854 11.121537 -480.997955
v 480.997955 11.121537 -500.237854
v 519.477783 11.121537 -500.237854
v 500.237854 11.121537 -596.437439
v 500.237854 11.121537 -557.957642
v 480.997955 11.121537 -577.197510
v 519.477783 11.121537 -577.197510
v -46.948711 1.213065 -528.073547
v -50.463078 -2.672252 -489.399963
v -67.463875 -0.162619 -507.511108
v -30.454945 -1.318842 -510.395386
v -117.390076 8.915224 -520.591797
v -121.300148 4.795773 -482.371155
v -137.079437 8.547838 -500.691040
v -102.134071 4.441872 -503.413086
v -115.439507 11.121537 -596.437439
v -115.543922 10.993084 -558.084595
v -134.679428 11.121537 -577.197510
v -96.725723 10.474244 -577.837585
v -49.589584 26.749094 106.544334
v -38.479836 11.121537 134.679428
v -61.017563 15.760413 118.510239
v -20.203712 12.477262 116.336937
v -125.899841 7.018693 95.491035
v -115.354698 14.098603 134.678421
v -134.393738 20.859402 115.436104
v -96.201424 11.124125 115.441223
v -129.828522 7.753953 17.523550
v -122.593597 12.260120 58.029381
v -158.292374 18.396952 42.760399
v -101.740707 12.448669 39.467426
v 577.197510 11.121537 96.199585
v 596.437439 11.121537 115.439507
v 500.237854 11.121537 96.199585
v 500.237854 11.121537 134.679428
v 480.997955 11.121537 115.439507
v 519.477783 11.121537 115.439507
v 500.237854 11.121537 19.239918
v 500.237854 11.121537 57.719753
v 480.997955 11.121537 38.479836
v 519.477783 11.121537 38.479836
v 266.024017 0.884002 92.145706
v 271.624481 4.637706 138.608521
v 252.027191 4.333329 116.830910
v 285.790222 10.192274 112.094353
v 206.646637 0.959610 92.127991
v 194.664810 4.637706 138.608521
v 178.074966 4.597744 117.098366
v 215.263474 4.387803 116.818146
v 206.648041 0.954604 32.772934
v 212.538300 -0.587899 62.782196
v 199.892563 -4.282128 50.136463
v 225.184036 -0.587899 50.136463
v 269.358856 11.121537 404.038269
v 269.358856 11.121537 442.518097
v 250.118927 11.121537 423.278198
v 288.598755 11.121537 423.278198
v 192.399170 11.121537 404.038269
v 192.399170 11.121537 442.518097
v 173.159256 11.121537 423.278198
v 211.639099 11.121537 423.278198
v 192.399170 11.121537 327.078613
v 192.399170 11.121537 365.558441
v 173.159256 11.121537 346.318512
v 211.639099 11.121537 346.318512
v 577.197510 11.121537 442.518097
v 557.957642 11.121537 423.278198
v 596.437439 11.121537 423.278198
v 500.237854 11.121537 404.038269
v 500.237854 11.121537 442.518097
v 480.997955 11.121537 423.278198
v 519.477783 11.121537 423.278198
v 500.237854 11.121537 327.078613
v 500.237854 11.121537 365.558441
v 480.997955 11.121537 346.318512
v 519.477783 11.121537 346.318512
v -357.115570 14.653989 85.917793
v -347.896820 23.118757 132.938004
v -370.802429 19.621567 110.256630
v -334.523773 17.748671 108.268822
v -423.193390 13.904067 96.198578
v -423.193390 13.904067 134.678421
v -442.518097 11.121537 115.439507
v -403.752594 20.782976 115.436104
v -423.278198 11.121537 19.239918
v -423.278168 11.121595 57.719753
v -442.518097 11.121537 38.479836
v -403.980652 13.864565 38.448589
v -346.318512 11.121537 404.038269
v -346.318512 11.121537 442.518097
v -365.558441 11.121537 423.278198
v -327.078613 11.121537 423.278198
v -423.278198 11.121537 404.038269
v -423.278198 11.121537 442.518097
v -442.518097 11.121537 423.278198
v -404.038269 11.121537 423.278198
v -423.278198 11.121537 327.078613
v -423.278198 11.121537 365.558441
v 519.477783 67.801804 461.758026
v -404.038269 11.121537 346.318512
v -38.479836 11.121537 404.038269
v -38.479836 11.121537 442.518097
v -57.719753 11.121537 423.278198
v -19.239918 11.121537 423.278198
v -115.439507 11.121537 404.038269
v -115.439507 11.121537 442.518097
v -134.679428 11.121537 423.278198
v -96.199585 11.121537 423.278198
v -115.439507 11.121537 327.078613
v -115.439507 11.121537 365.558441
v -134.679428 11.121537 346.318512
v -96.199585 11.121537 346.318512
v -346.318512 11.121537 -519.477783
v -346.318512 11.121537 -480.997955
v -365.558441 11.121537 -500.237854
v -327.078613 11.121537 -500.237854
v -423.278198 11.121537 -519.477783
v -423.278198 11.121537 -480.997955
v -442.518097 11.121537 -500.237854
v -404.038269 11.121537 -500.237854
v -423.278198 11.121537 -596.437439
v -423.278198 11.121537 -557.957642
v -442.518097 11.121537 -577.197510
v -404.038269 11.121537 -577.197510
v -346.318512 11.121537 -211.639099
v -346.318512 11.121537 -173.159256
v -365.558441 11.121537 -192.399170
v -327.078613 11.121537 -192.399170
v -423.278198 11.121537 -211.639099
v -423.278198 11.121537 -173.159256
v -442.518097 11.121537 -192.399170
v -404.038269 11.121537 -192.399170
v -423.278198 11.121537 -288.598755
v -423.278198 11.121537 -250.118927
v -442.518097 11.121537 -269.358856
v -404.038269 11.121537 -269.358856
v -38.479836 11.121537 -211.639099
v -38.479836 11.121537 -173.159256
v -57.719753 11.121537 -192.399170
v -19.239918 11.121537 -192.399170
v -115.439507 11.121537 -211.639099
v -115.439507 11.121537 -173.159256
v -134.679428 11.121537 -192.399170
v -96.199585 11.121537 -192.399170
v -120.033577 8.505466 -283.993988
v -116.392082 10.579096 -249.164124
v -136.538269 10.063027 -267.495667
v -99.616348 9.175877 -265.934113
v 277.067169 -0.553191 -533.787659
v 280.827393 -6.624464 -505.179626
v 261.143585 -5.732705 -521.014099
v 297.003845 -1.936207 -518.360107
v 202.445221 -5.843373 -536.625610
v 203.386826 -7.596631 -499.946350
v 183.222778 -7.004928 -517.941040
v 222.818390 -7.052398 -519.603088
v 192.900162 10.275878 -597.292480
v 197.481842 2.460386 -566.667358
v 174.709457 6.892583 -581.291138
v 214.537399 6.564107 -581.997620
v 273.905823 -1.058951 -231.838989
v 277.889832 -4.101883 -178.266068
v 252.144302 5.761698 -201.114365
v 291.633362 2.992464 -205.880295
v 192.399170 11.121537 -211.639099
v 192.399170 11.121537 -173.159256
v 173.159256 11.121537 -192.399170
v 211.639099 11.121537 -192.399170
v 192.399170 11.121537 -288.598755
v 192.399170 11.121537 -250.118927
v 173.159256 11.121537 -269.358856
v 211.639099 11.121537 -269.358856
v 577.197510 11.121537 -173.159256
v 596.437439 11.121537 -192.399170
v 500.237854 11.121537 -211.639099
v 500.237854 11.121537 -173.159256
v 480.997955 11.121537 -192.399170
v 519.477783 11.121537 -192.399170
v 500.237854 11.121537 -288.598755
v 500.237854 11.121537 -250.118927
v 480.997955 11.121537 -269.358856
v 519.477783 11.121537 -269.358856
v 423.278198 11.121537 -211.639099
v 423.278198 11.121537 -173.159256
v 403.424011 10.808876 -198.085205
v 442.518097 11.121537 -192.399170
v 349.356171 -2.011366 -250.570404
v 353.591827 -3.971394 -186.563843
v 324.978302 9.552269 -213.989853
v 363.525177 6.598447 -226.203339
v 347.933258 -3.725590 -300.732941
v 356.409546 -7.856538 -262.777161
v 339.085785 -13.669186 -282.036865
v 368.539856 4.209480 -273.230713
v 423.278198 11.121537 -57.719753
v 423.278198 11.121537 -19.239918
v 404.038269 11.121537 -38.479836
v 442.518097 11.121537 -38.479836
v 348.584137 4.637706 -53.790665
v 348.584137 4.637706 -15.310828
v 329.344208 4.637706 -34.550747
v 365.558441 11.121537 -38.479836
v 361.550812 -12.902158 -130.172470
v 348.235779 8.108342 -95.586632
v 335.734894 -2.801793 -114.042122
v 374.214661 -2.335963 -112.041794
v 577.197510 11.121537 -57.719753
v 577.197510 11.121537 -19.239918
v 596.437439 11.121537 -38.479836
v 500.237854 11.121537 -57.719753
v 500.237854 11.121537 -19.239918
v 480.997955 11.121537 -38.479836
v 519.477783 11.121537 -38.479836
v 500.237854 11.121537 -134.679428
v 500.237854 11.121537 -96.199585
v 480.997955 11.121537 -115.439507
v 115.439507 11.121537 -211.639099
v 115.439507 11.121537 -173.159256
v 96.199585 11.121537 -192.399170
v 134.679428 11.121537 -192.399170
v 38.479836 11.121537 -211.639099
v 38.479836 11.121537 -173.159256
v 19.239918 11.121537 -192.399170
v 57.719753 11.121537 -192.399170
v 38.466942 10.990909 -288.705475
v 38.479836 11.121537 -250.118927
v 18.830355 10.888314 -268.948334
v 57.719753 11.121537 -269.358856
v 117.705139 4.637706 -53.790665
v 117.705139 4.637706 -15.310828
v 98.465218 4.637706 -34.550747
v 136.945053 4.637706 -34.550747
v 40.745464 4.637706 -53.790665
v 41.770737 8.693574 -12.339345
v 20.536119 6.001355 -33.648071
v 59.985382 4.637706 -34.550747
v 38.479836 11.121537 -134.679428
v 40.745464 4.637706 -92.270500
v 19.239918 11.121537 -115.439507
v 57.719753 11.121537 -115.439507
v 276.076996 -9.403422 -82.407524
v 275.726929 -3.943017 -23.053196
v 259.271393 -11.702737 -55.824165
v 291.746826 2.594577 -37.060150
v 194.743912 4.472259 -53.939949
v 195.471802 2.949804 -16.833818
v 175.424896 4.637706 -34.550747
v 218.009293 -3.952986 -42.320797
v 192.399170 11.121537 -134.679428
v 192.399170 11.121537 -96.199585
v 173.159256 11.121537 -115.439507
v 211.920166 10.548265 -115.913246
v 109.739166 -3.219274 -533.889465
v 114.895485 -3.582486 -495.817352
v 88.653107 -3.406774 -515.361084
v 136.361740 -4.379255 -515.229004
v 20.628050 -3.985417 -536.150330
v 27.989143 -1.530566 -494.891144
v 4.235704 -2.597699 -514.409607
v 43.749439 -3.496844 -516.120605
v 28.044657 3.924306 -604.922913
v 21.261274 -2.124306 -572.981323
v 6.854920 1.504342 -588.070801
v 42.837666 0.544887 -589.566467
v 118.942749 -5.158813 -386.800049
v 117.106697 3.373722 -337.187469
v 99.233727 -2.978786 -364.715759
v 136.928619 0.669031 -359.956299
v 41.074711 -1.249691 -381.604492
v 39.217739 4.920222 -334.242279
v 18.434320 3.914368 -352.234436
v 60.373211 -1.209661 -362.407532
v 35.760487 -4.410120 -460.870636
v 40.921062 -3.631634 -422.821533
v 16.823179 -1.246575 -435.874176
v 59.341404 -7.250194 -446.711456
v 270.443634 0.604629 -380.718842
v 268.352386 7.413116 -331.798859
v 250.099457 7.957586 -350.724091
v 288.178467 0.632328 -360.764130
v 192.541931 10.458146 -366.423981
v 192.399170 11.121537 -327.078613
v 173.615219 9.002551 -349.083252
v 211.669891 11.071443 -346.402252
v 200.988251 -3.690649 -458.018188
v 194.820190 6.265792 -409.714996
v 177.652817 1.414727 -433.581512
v 219.605057 -1.859008 -438.861511
v -192.399170 11.121537 -211.639099
v -192.399170 11.121537 -173.159256
v -211.639099 11.121537 -192.399170
v -173.159256 11.121537 -192.399170
v -269.358856 11.121537 -211.639099
v -269.358856 11.121537 -173.159256
v 461.758026 67.801804 500.237854
v -250.118927 11.121537 -192.399170
v 461.758026 67.801804 519.477783
v -269.358856 11.121537 -250.118927
v -288.598755 11.121537 -269.358856
v 500.237854 67.801804 -153.919342
v -192.399170 11.121537 -57.719753
v -192.314377 14.001521 -19.240927
v -211.639099 11.121537 -38.479836
v -173.159256 11.121537 -38.479836
v -269.358856 11.121537 -57.719753
v -269.915924 13.367826 -19.850941
v -288.611237 11.103443 -38.493683
v -250.118927 11.121537 -38.479836
v -269.358856 11.121537 -134.679428
v -269.358856 11.121537 -96.199585
v 519.477783 67.801804 -153.919342
v -250.118927 11.121537 -115.439507
v -38.479836 11.121537 -57.719753
v -49.589584 26.749094 -8.895165
v -61.017563 15.760413 -35.409103
v -22.537731 15.760413 -35.409103
v -115.439507 11.121537 -57.719753
v -108.794823 10.306221 -20.182215
v -134.679428 11.121537 -38.479836
v -96.201424 11.124125 -38.478123
v -115.439507 11.121537 -134.679428
v -115.439507 11.121537 -96.199585
v -134.679428 11.121537 -115.439507
v -96.199585 11.121537 -115.439507
v -500.237854 11.121537 -211.639099
v -500.237854 11.121537 -173.159256
v -519.477783 11.121537 -192.399170
v -480.997955 11.121537 -192.399170
v -577.197510 11.121537 -211.639099
v -577.197510 11.121537 -173.159256
v -596.437439 11.121537 -192.399170
v -557.957642 11.121537 -192.399170
v -577.197510 11.121537 -288.598755
v -577.197510 11.121537 -250.118927
v -596.437439 11.121537 -269.358856
v -557.957642 11.121537 -269.358856
v 500.237854 67.801804 307.838684
v 519.477783 67.801804 307.838684
v 307.838684 67.801804 500.237854
v 307.838684 67.801804 519.477783
v -577.197510 11.121537 -57.719753
v -577.197510 11.121537 -19.239918
v -596.437439 11.121537 -38.479836
v -557.957642 11.121537 -38.479836
v -577.197510 11.121537 -134.679428
v -577.197510 11.121537 -96.199585
v -596.437439 11.121537 -115.439507
v -557.957642 11.121537 -115.439507
v -346.318512 11.121537 -57.719753
v -346.518372 13.588202 -19.557304
v -365.558441 11.121537 -38.479836
v -327.078613 11.121537 -38.479836
v -423.278198 11.121537 -57.719753
v -423.278198 11.121537 -19.239918
v -442.518097 11.121537 -38.479836
v -404.038269 11.121537 -38.479836
v -423.278198 11.121537 -134.679428
v -423.278198 11.121537 -96.199585
v -442.518097 11.121537 -115.439507
v -404.038269 11.121537 -115.439507
v -500.237854 11.121537 -519.477783
v -500.237854 11.121537 -480.997955
v -519.477783 11.121537 -500.237854
v -480.997955 11.121537 -500.237854
v -577.197510 11.121537 -519.477783
v -577.197510 11.121537 -480.997955
v -596.437439 11.121537 -500.237854
v -557.957642 11.121537 -500.237854
v -577.197510 11.121537 -596.437439
v -577.197510 11.121537 -557.957642
v -596.437439 11.121537 -577.197510
v -557.957642 11.121537 -577.197510
v -500.237854 11.121537 -365.558441
v -500.237854 11.121537 -327.078613
v -519.477783 11.121537 -346.318512
v -480.997955 11.121537 -346.318512
v -577.197510 11.121537 -365.558441
v -577.197510 11.121537 -327.078613
v -596.437439 11.121537 -346.318512
v -557.957642 11.121537 -346.318512
v -577.197510 11.121537 -442.518097
v -577.197510 11.121537 -404.038269
v -596.437439 11.121537 -423.278198
v -557.957642 11.121537 -423.278198
v -346.318512 11.121537 -365.558441
v -346.318512 11.121537 -327.078613
v -365.558441 11.121537 -346.318512
v -327.078613 11.121537 -346.318512
v -423.278198 11.121537 -365.558441
v -423.278198 11.121537 -327.078613
v -442.518097 11.121537 -346.318512
v -404.038269 11.121537 -346.318512
v -423.278198 11.121537 -442.518097
v -423.278198 11.121537 -404.038269
v -442.518097 11.121537 -423.278198
v -404.038269 11.121537 -423.278198
v -192.399170 11.121537 404.038269
v -192.399170 11.121537 442.518097
v -211.639099 11.121537 423.278198
v -173.159256 11.121537 423.278198
v -269.358856 11.121537 404.038269
v -269.358856 11.121537 442.518097
v -288.598755 11.121537 423.278198
v -250.118927 11.121537 423.278198
v -269.358856 11.121537 327.078613
v -269.358856 11.121537 365.558441
v -288.598755 11.121537 346.318512
v -250.118927 11.121537 346.318512
v -192.399170 11.121537 557.957642
v -192.399170 11.121537 596.437439
v -211.639099 11.121537 577.197510
v -173.159256 11.121537 577.197510
v -269.358856 11.121537 557.957642
v -269.358856 11.121537 596.437439
v -288.598755 11.121537 577.197510
v -250.118927 11.121537 577.197510
v -269.358856 11.121537 480.997955
v -269.358856 11.121537 519.477783
v -288.598755 11.121537 500.237854
v -250.118927 11.121537 500.237854
v -38.479836 11.121537 557.957642
v -38.479836 11.121537 596.437439
v -57.719753 11.121537 577.197510
v -19.239918 11.121537 577.197510
v -115.439507 11.121537 557.957642
v -115.439507 11.121537 596.437439
v -134.679428 11.121537 577.197510
v -96.199585 11.121537 577.197510
v -115.439507 11.121537 480.997955
v -115.439507 11.121537 519.477783
v -134.679428 11.121537 500.237854
v -96.199585 11.121537 500.237854
v 500.237854 67.801804 0.000000
v 519.477783 67.801804 0.000000
v 615.677368 67.801804 -423.278198
v 615.677368 67.801804 -404.038269
v -577.197510 11.121537 404.038269
v -577.197510 11.121537 442.518097
v -596.437439 11.121537 423.278198
v -557.957642 11.121537 423.278198
v -577.197510 11.121537 327.078613
v -577.197510 11.121537 365.558441
v -596.437439 11.121537 346.318512
v -557.957642 11.121537 346.318512
v 615.677368 67.801804 -269.358856
v -500.237854 11.121537 596.437439
v -519.477783 11.121537 577.197510
v -480.997955 11.121537 577.197510
v -577.197510 11.121537 557.957642
v -577.197510 11.121537 596.437439
v -596.437439 11.121537 577.197510
v -557.957642 11.121537 577.197510
v -577.197510 11.121537 480.997955
v -577.197510 11.121537 519.477783
v -596.437439 11.121537 500.237854
v -557.957642 11.121537 500.237854
v -346.318512 11.121537 557.957642
v -346.318512 11.121537 596.437439
v -365.558441 11.121537 577.197510
v -327.078613 11.121537 577.197510
v -423.278198 11.121537 557.957642
v -423.278198 11.121537 596.437439
v -442.518097 11.121537 577.197510
v -404.038269 11.121537 577.197510
v -423.278198 11.121537 480.997955
v -423.278198 11.121537 519.477783
v -442.518097 11.121537 500.237854
v -404.038269 11.121537 500.237854
v 615.677368 67.801804 -250.118927
v 538.717712 67.801804 -538.717712
v 557.957642 67.801804 -538.717712
v 557.957642 67.801804 76.959671
v -577.197510 11.121537 96.199585
v -577.197510 11.121537 134.679428
v -596.437439 11.121537 115.439507
v -557.957642 11.121537 115.439507
v -577.197510 11.121537 19.239918
v -577.197510 11.121537 57.719753
v -596.437439 11.121537 38.479836
v -557.957642 11.121537 38.479836
v 538.717712 67.801804 76.959671
v 538.717712 67.801804 96.199585
v -519.477783 11.121537 269.358856
v 538.717712 67.801804 19.239918
v -577.197510 11.121537 250.118927
v -577.197510 11.121537 288.598755
v -596.437439 11.121537 269.358856
v -557.957642 11.121537 269.358856
v -577.197510 11.121537 173.159256
v -577.197510 11.121537 211.639099
v -596.437439 11.121537 192.399170
v -557.957642 11.121537 192.399170
v -346.318512 11.121537 250.118927
v -346.318512 11.121537 288.598755
v -365.558441 11.121537 269.358856
v -327.078613 11.121537 269.358856
v -423.278198 11.121537 250.118927
v -423.278198 11.121537 288.598755
v -442.518097 11.121537 269.358856
v -404.038269 11.121537 269.358856
v -423.278168 11.121584 173.159256
v -423.278198 11.121537 211.639099
v -442.518097 11.121537 192.399170
v -404.038269 11.121537 192.399170
v 423.278198 11.121537 404.038269
v 423.278198 11.121537 442.518097
v 404.038269 11.121537 423.278198
v 442.518097 11.121537 423.278198
v 346.318512 11.121537 404.038269
v 346.318512 11.121537 442.518097
v 327.078613 11.121537 423.278198
v 365.558441 11.121537 423.278198
v 346.318512 11.121537 327.078613
v 346.318512 11.121537 365.558441
v 327.078613 11.121537 346.318512
v 365.558441 11.121537 346.318512
v 423.278198 11.121537 557.957642
v 423.278198 11.121537 596.437439
v 404.038269 11.121537 577.197510
v 442.518097 11.121537 577.197510
v 346.318512 11.121537 596.437439
v 327.078613 11.121537 577.197510
v 365.558441 11.121537 577.197510
v 346.318512 11.121537 480.997955
v 327.078613 11.121537 500.237854
v 365.558441 11.121537 500.237854
v 577.197510 11.121537 557.957642
v 577.197510 11.121537 596.437439
v 557.957642 11.121537 577.197510
v 596.437439 11.121537 577.197510
v 500.237854 11.121537 557.957642
v 500.237854 11.121537 596.437439
v 480.997955 11.121537 577.197510
v 519.477783 11.121537 577.197510
v 500.237854 11.121537 480.997955
v 115.439507 11.121537 404.038269
v 115.439507 11.121537 442.518097
v 96.199585 11.121537 423.278198
v 134.679428 11.121537 423.278198
v 38.479836 11.121537 404.038269
v 38.479836 11.121537 442.518097
v 19.239918 11.121537 423.278198
v 57.719753 11.121537 423.278198
v 38.479836 11.121537 327.078613
v 38.479836 11.121537 365.558441
v 19.239918 11.121537 346.318512
v 57.719753 11.121537 346.318512
v 115.439507 11.121537 596.437439
v 96.199585 11.121537 577.197510
v 134.679428 11.121537 577.197510
v 38.479836 11.121537 596.437439
v 19.239918 11.121537 577.197510
v 57.719753 11.121537 577.197510
v 38.479836 11.121537 480.997955
v 19.239918 11.121537 500.237854
v 57.719753 11.121537 500.237854
v 269.358856 11.121537 596.437439
v 250.118927 11.121537 577.197510
v 288.598755 11.121537 577.197510
v 192.399170 11.121537 557.957642
v 192.399170 11.121537 596.437439
v 173.159256 11.121537 577.197510
v 211.639099 11.121537 577.197510
v 192.399170 11.121537 480.997955
v 192.399170 11.121537 519.477783
v 173.159256 11.121537 500.237854
v 211.639099 11.121537 500.237854
v 114.647835 8.245384 103.048698
v 117.705139 4.637706 138.608521
v 97.531151 5.739936 120.260735
v 136.719925 4.903362 119.583618
v 40.745464 4.637706 100.128677
v 40.745464 4.637706 138.608521
v 21.505547 4.637706 119.368599
v 59.984859 4.638321 119.369095
v 49.321495 22.060133 36.239319
v 46.288097 17.965998 71.573059
v 16.502953 24.567823 56.274052
v 69.550781 20.411871 54.585117
v 115.439507 11.121537 250.118927
v 115.439507 11.121537 288.598755
v 96.199585 11.121537 269.358856
v 134.679428 11.121537 269.358856
v 38.479836 11.121537 250.118927
v 38.479836 11.121537 288.598755
v 19.239918 11.121537 269.358856
v 57.719753 11.121537 269.358856
v 40.745464 4.637706 177.088364
v 38.479836 11.121537 211.639099
v 19.239918 11.121537 192.399170
v 57.719753 11.121537 192.399170
v 269.358856 11.121537 250.118927
v 269.358856 11.121537 288.598755
v 250.118927 11.121537 269.358856
v 288.598755 11.121537 269.358856
v 192.399170 11.121537 250.118927
v 192.399170 11.121537 288.598755
v 173.159256 11.121537 269.358856
v 211.639099 11.121537 269.358856
v 194.664810 4.637706 177.088364
v 192.399170 11.121537 211.639099
v 173.159256 11.121537 192.399170
v 211.639099 11.121537 192.399170
v 423.278198 11.121537 96.199585
v 423.278198 11.121537 134.679428
v 404.038269 11.121537 115.439507
v 442.518097 11.121537 115.439507
v 345.861389 11.091035 96.046486
v 346.318512 11.121537 134.679428
v 326.706360 11.091035 115.201553
v 365.558441 11.121537 115.439507
v 345.672028 11.078398 19.503420
v 341.157166 10.777130 57.907257
v 308.094086 6.435408 44.604309
v 365.558441 11.121537 38.479836
v 423.278198 11.121537 250.118927
v 423.278198 11.121537 288.598755
v 404.038269 11.121537 269.358856
v 442.518097 11.121537 269.358856
v 346.318512 11.121537 250.118927
v 346.318512 11.121537 288.598755
v 327.078613 11.121537 269.358856
v 365.558441 11.121537 269.358856
v 346.318512 11.121537 173.159256
v 346.318512 11.121537 211.639099
v 327.078613 11.121537 192.399170
v 365.558441 11.121537 192.399170
v 557.957642 11.121537 269.358856
v 596.437439 11.121537 269.358856
v 500.237854 11.121537 250.118927
v 500.237854 11.121537 288.598755
v 480.997955 11.121537 269.358856
v 519.477783 11.121537 269.358856
v 500.237854 11.121537 173.159256
v 500.237854 11.121537 211.639099
v 480.997955 11.121537 192.399170
v 519.477783 11.121537 192.399170
v -192.000412 24.660307 96.194847
v -192.000412 24.660307 134.674683
v -211.240326 24.660307 115.434761
v -172.760483 24.660307 115.434761
v -276.772522 17.794344 89.063866
v -269.433411 24.361511 134.283264
v -296.043915 17.748671 108.268822
v -250.193314 24.361738 115.043526
v -276.772522 17.794344 12.104191
v -276.772522 17.794344 50.584026
v -299.395782 14.653989 28.198040
v -251.644073 23.195980 36.797523
v -192.399170 11.121537 250.118927
v -192.399170 11.121537 288.598755
v -211.639099 11.121537 269.358856
v -173.159256 11.121537 269.358856
v -269.358856 11.121537 250.118927
v -269.358856 11.121537 288.598755
v -288.598755 11.121537 269.358856
v -250.118927 11.121537 269.358856
v -269.274048 13.999207 173.158249
v -269.358856 11.121537 211.639099
v -288.598755 11.121537 192.399170
v -250.118927 11.121537 192.399170
v -38.479836 11.121537 250.118927
v -38.479836 11.121537 288.598755
v -57.719753 11.121537 269.358856
v -19.239918 11.121537 269.358856
v -115.439507 11.121537 250.118927
v -115.439507 11.121537 288.598755
v -134.679428 11.121537 269.358856
v -96.199585 11.121537 269.358856
v -115.439461 11.126751 173.159256
v -115.439507 11.121537 211.639099
v -134.679428 11.121537 192.399170
v -96.199585 11.121537 192.399170
v -192.399170 11.121537 -519.477783
v -192.399170 11.121537 -480.997955
v 557.957642 67.801804 384.798340
v -173.159256 11.121537 -500.237854
v -269.358856 11.121537 -519.477783
v -269.358856 11.121537 -480.997955
v -288.598755 11.121537 -500.237854
v 538.717712 67.801804 384.798340
v -269.358856 11.121537 -596.437439
v -269.358856 11.121537 -557.957642
v -288.598755 11.121537 -577.197510
v -250.118927 11.121537 -577.197510
v -192.399170 11.121537 -365.558441
v -192.412308 11.114056 -327.065430
v -211.639099 11.121537 -346.318512
v -174.028564 10.626518 -345.447174
v -269.358856 11.121537 -365.558441
v 538.717712 67.801804 404.038269
v -288.598755 11.121537 -346.318512
v 538.717712 67.801804 327.078613
v -269.358856 11.121537 -442.518097
v -269.358856 11.121537 -404.038269
v -288.598755 11.121537 -423.278198
v 557.957642 67.801804 -230.879013
v -49.441463 2.959968 -359.098969
v -46.356644 6.490318 -319.527374
v -68.443916 3.749334 -338.554077
v -26.212208 6.523014 -340.640503
v -123.774689 4.871719 -360.749969
v -121.697014 7.530884 -320.871002
v -139.607208 8.058078 -341.986298
v -105.646049 4.844432 -338.967896
v -122.811493 3.243033 -443.810516
v -124.128136 3.008083 -402.796631
v -140.043930 5.575303 -423.777924
v -106.600815 0.646494 -423.662231
v 423.278198 11.121537 -519.477783
v 423.278198 11.121537 -480.997955
v 404.038574 11.121051 -500.238678
v 442.518097 11.121537 -500.237854
v 347.465942 9.254916 -522.597534
v 350.211365 3.320029 -493.631409
v 331.168243 4.545340 -510.679169
v 367.375000 8.166400 -505.176941
v 346.318512 11.121537 -596.437439
v 346.318512 11.121537 -557.957642
v 327.078613 11.121537 -577.197510
v 365.558441 11.121537 -577.197510
v 422.219452 8.161715 -369.212311
v 422.843781 9.907120 -328.577789
v 402.450470 6.682741 -351.798157
v 442.382050 10.741127 -346.788147
v 345.115814 -4.000474 -386.116150
v 334.676514 -12.865790 -346.017853
v 323.096100 -8.042998 -365.302643
v 362.709564 0.955792 -359.256775
v 349.827057 -3.338290 -464.268524
v 347.781677 -7.111361 -430.133942
v 331.091583 -8.167407 -451.893677
v 366.761047 -2.007828 -442.136414
v 577.197510 11.121537 -365.558441
v 577.197510 11.121537 -327.078613
v 596.437439 11.121537 -346.318512
v 500.237854 11.121537 -365.558441
v 500.237854 11.121537 -327.078613
v 480.997955 11.121537 -346.318512
v 519.477783 11.121537 -346.318512
v 500.237854 11.121537 -442.518097
v 500.237854 11.121537 -404.038269
v 480.997955 11.121537 -423.278198
v 519.477783 11.121537 -423.278198
v 557.957642 11.121537 -423.278198
v 423.070190 10.540084 -443.235901
v 422.555573 9.101452 -406.532043
v 403.353973 6.890074 -428.874451
v 442.495605 11.058630 -423.355835
v 423.278198 11.121537 -596.437439
v 423.278198 11.121537 -557.957642
v 404.038269 11.121537 -577.197510
v 442.518097 11.121537 -577.197510
v -50.450382 -2.086267 -447.491791
v -50.228409 0.127074 -402.559662
v -70.070328 -1.251177 -424.016510
v -29.017963 -0.067274 -426.953156
v -192.422714 11.096322 -442.522369
v -192.399170 11.121537 -404.038269
v -211.639099 11.121537 -423.278198
v -174.012192 10.207881 -423.432709
v -192.399170 11.121537 -596.437439
v -192.399170 11.121537 -557.957642
v -211.639099 11.121537 -577.197510
v -173.159256 11.121537 -577.197510
v -38.479836 11.121537 173.159256
v -38.479836 11.121537 211.639099
v -57.719753 11.121537 192.399170
v -19.239918 11.121537 192.399170
v -192.314377 13.999207 173.158249
v -192.399170 11.121537 211.639099
v -211.639099 11.121537 192.399170
v -173.159256 11.121537 192.399170
v -192.000412 24.660307 19.235172
v -192.000412 24.660307 57.715012
v -211.240326 24.660307 38.475090
v -172.760483 24.660307 38.475090
v 577.197510 11.121537 173.159256
v 557.957642 11.121537 192.399170
v 596.437439 11.121537 192.399170
v 423.278198 11.121537 173.159256
v 423.278198 11.121537 211.639099
v 404.038269 11.121537 192.399170
v 442.518097 11.121537 192.399170
v 423.278198 11.121537 19.239918
v 423.278198 11.121537 57.719753
v 404.038269 11.121537 38.479836
v 442.518097 11.121537 38.479836
v 269.358856 11.121537 173.159256
v 269.358856 11.121537 211.639099
v 250.118927 11.121537 192.399170
v 288.598755 11.121537 192.399170
v 117.705139 4.637706 177.088364
v 115.439507 11.121537 211.639099
v 96.199585 11.121537 192.399170
v 134.679428 11.121537 192.399170
v 116.850853 5.645777 23.984930
v 113.313560 4.199255 65.843216
v 97.436478 11.606750 47.923851
v 139.847534 1.438951 45.038521
v 269.358856 11.121537 480.997955
v 250.118927 11.121537 500.237854
v 288.598755 11.121537 500.237854
v 115.439507 11.121537 480.997955
v 115.439507 11.121537 519.477783
v 96.199585 11.121537 500.237854
v 134.679428 11.121537 500.237854
v 115.439507 11.121537 327.078613
v 115.439507 11.121537 365.558441
v 96.199585 11.121537 346.318512
v 134.679428 11.121537 346.318512
v 577.197510 11.121537 480.997955
v 577.197510 11.121537 519.477783
v 557.957642 11.121537 500.237854
v 596.437439 11.121537 500.237854
v 423.278198 11.121537 480.997955
v 404.038269 11.121537 500.237854
v 442.518097 11.121537 500.237854
v 423.278198 11.121537 327.078613
v 423.278198 11.121537 365.558441
v 404.038269 11.121537 346.318512
v 442.518097 11.121537 346.318512
v -346.233704 13.999207 173.158249
v -346.318512 11.121537 211.639099
v -365.558441 11.121537 192.399170
v -327.078613 11.121537 192.399170
v 538.717712 67.801804 -230.879013
v 538.717712 67.801804 -211.639099
v 538.717712 67.801804 -288.598755
v 557.957642 67.801804 -76.959671
v 538.717712 67.801804 -76.959671
v 538.717712 67.801804 -57.719753
v 538.717712 67.801804 -134.679428
v 327.078613 67.801804 538.717712
v -346.318512 11.121537 480.997955
v -346.318512 11.121537 519.477783
v -365.558441 11.121537 500.237854
v -327.078613 11.121537 500.237854
v 384.798340 67.801804 538.717712
v 384.798340 67.801804 557.957642
v -519.477783 11.121537 500.237854
v 480.997955 67.801804 538.717712
v -500.237854 11.121537 327.078613
v 538.717712 67.801804 480.997955
v -519.477783 11.121537 346.318512
v 96.199585 67.801804 538.717712
v -38.479836 11.121537 480.997955
v -38.479836 11.121537 519.477783
v -57.719753 11.121537 500.237854
v -19.239918 11.121537 500.237854
v -192.399170 11.121537 480.997955
v -192.399170 11.121537 519.477783
v -211.639099 11.121537 500.237854
v -173.159256 11.121537 500.237854
v -192.399170 11.121537 327.078613
v -192.399170 11.121537 365.558441
v -211.639099 11.121537 346.318512
v -173.159256 11.121537 346.318512
v -346.318512 11.121537 -442.518097
v -346.318512 11.121537 -404.038269
v -365.558441 11.121537 -423.278198
v -327.078613 11.121537 -423.278198
v -500.237854 11.121537 -442.518097
v -500.237854 11.121537 -404.038269
v -519.477783 11.121537 -423.278198
v -480.997955 11.121537 -423.278198
v -500.237854 11.121537 -596.437439
v -500.237854 11.121537 -557.957642
v -519.477783 11.121537 -577.197510
v -480.997955 11.121537 -577.197510
v -346.318512 11.121537 -134.679428
v -346.318512 11.121537 -96.199585
v -365.558441 11.121537 -115.439507
v -327.078613 11.121537 -115.439507
v -500.237854 11.121537 -134.679428
v -500.237854 11.121537 -96.199585
v -519.477783 11.121537 -115.439507
v -480.997955 11.121537 -115.439507
v -500.237854 11.121537 -288.598755
v -500.237854 11.121537 -250.118927
v -519.477783 11.121537 -269.358856
v -480.997955 11.121537 -269.358856
v -38.479836 11.121537 -134.679428
v -38.479836 11.121537 -96.199585
v -57.719753 11.121537 -115.439507
v -19.239918 11.121537 -115.439507
v -192.399170 11.121537 -134.679428
v -192.399170 11.121537 -96.199585
v -211.639099 11.121537 -115.439507
v -173.159256 11.121537 -115.439507
v -192.399170 11.121537 -288.598755
v -192.399170 11.121537 -250.118927
v -211.639099 11.121537 -269.358856
v -173.159256 11.121537 -269.358856
v 280.856506 -10.574747 -472.938263
v 275.829865 -6.164372 -429.418549
v 259.566254 -5.544694 -446.858521
v 296.696960 -11.102226 -455.273193
v 119.302971 -6.255980 -462.592316
v 119.758469 -7.685680 -427.951721
v 100.450172 -8.864040 -448.217926
v 139.358597 -5.321630 -442.614746
v 107.406761 5.375193 -603.233765
v 106.478348 0.341074 -569.557495
v 84.155960 1.923359 -587.922607
v 130.129303 4.269743 -584.423340
v 284.027100 -14.981697 -143.118668
v 282.385834 -18.283028 -130.248199
v 264.418579 -18.134361 -139.923904
v 300.357300 -12.067119 -131.854584
v 115.439507 11.121537 -134.679428
v 115.439507 11.121537 -96.199585
v 96.199585 11.121537 -115.439507
v 134.679428 11.121537 -115.439507
v 115.582260 10.458146 -289.464325
v 115.439507 11.121537 -250.118927
v 96.202904 11.106128 -269.378967
v 134.679428 11.121537 -269.358856
v 577.197510 11.121537 -134.679428
v 577.197510 11.121537 -96.199585
v 596.437439 11.121537 -115.439507
v 423.278198 11.121537 -134.679428
v 423.278198 11.121537 -96.199585
v 404.204041 10.864005 -115.373703
v 442.518097 11.121537 -115.439507
v 423.219666 10.957936 -288.800720
v 423.278198 11.121537 -250.118927
v 404.038269 11.121537 -269.358856
v 442.518097 11.121537 -269.358856
v 577.197510 11.121537 -288.598755
v 577.197510 11.121537 -250.118927
v 557.957642 11.121537 -269.358856
v 596.437439 11.121537 -269.358856
v 270.018066 7.662944 -291.319214
v 273.231567 0.519523 -265.245575
v 250.177444 10.964799 -269.618774
v 291.963654 0.338805 -278.403107
v 269.550568 10.837132 -596.747498
v 272.704163 6.158932 -563.367981
v 252.270477 7.929839 -580.677185
v 289.388641 9.949813 -578.474976
v -43.828846 8.075567 -283.237274
v -40.000504 10.255600 -248.594711
v -61.905525 8.737967 -265.163300
v -21.790201 9.669291 -266.802612
v -346.318512 11.121537 -288.598755
v -346.318512 11.121537 -250.118927
v -365.558441 11.121537 -269.358856
v -327.078613 11.121537 -269.358856
v -346.318512 11.121537 -596.437439
v -346.318512 11.121537 -557.957642
v -365.558441 11.121537 -577.197510
v -327.078613 11.121537 -577.197510
v -38.479836 11.121537 327.078613
v -38.479836 11.121537 365.558441
v -57.719753 11.121537 346.318512
v -19.239918 11.121537 346.318512
v -346.318512 11.121537 327.078613
v -346.318512 11.121537 365.558441
v -365.558441 11.121537 346.318512
v -327.078613 11.121537 346.318512
v -354.081055 17.287863 11.716501
v -357.115570 14.653989 47.437954
v -373.356079 17.236839 30.917362
v -337.875671 14.653989 28.198040
v 596.437439 11.121537 346.318512
v 269.358856 11.121537 327.078613
v 269.358856 11.121537 365.558441
v 250.118927 11.121537 346.318512
v 288.598755 11.121537 346.318512
v 266.025452 0.878911 32.790665
v 263.121246 -0.587899 62.782196
v 250.475494 -0.587899 50.136463
v 275.766968 -0.587899 50.136463
v 577.197510 11.121537 57.719753
v 557.957642 11.121537 38.479836
v 596.437439 11.121537 38.479836
v -53.986740 32.934372 33.679050
v -53.986740 32.934372 72.158882
v -73.226662 38.459766 52.918968
v -34.746822 32.934372 52.918968
v -40.121155 9.154984 -598.394836
v -44.434341 4.517700 -564.662720
v -60.213989 8.052942 -580.231812
v -25.506969 5.027203 -583.615784
v 577.197510 11.121537 -596.437439
v 577.197510 11.121537 -557.957642
v 557.957642 11.121537 -577.197510
v 596.437439 11.121537 -577.197510
v 596.437439 11.121537 -557.957642
v 557.957642 11.121537 -557.957642
v 557.957642 11.121537 -596.437439
v -28.273703 2.333329 -567.211914
v -61.872181 6.018383 -563.005005
v -58.734489 9.873132 -597.671936
v -34.746822 32.934372 72.158882
v -73.226662 38.459766 72.158882
v -73.226662 38.459766 33.679050
v 596.437439 11.121537 57.719753
v 557.957642 11.121537 57.719753
v 557.957642 11.121537 19.239918
v 275.766968 -0.587899 62.782196
v 250.475494 -0.587899 62.782196
v 251.212082 0.808984 32.771790
v 288.598755 11.121537 365.558441
v 250.118927 11.121537 365.558441
v 250.118927 11.121537 327.078613
v 596.437439 11.121537 365.558441
v -337.875671 14.653989 47.437954
v -373.356079 17.236839 50.157284
v -371.270447 18.941994 13.536858
v -327.078613 11.121537 365.558441
v -365.558441 11.121537 365.558441
v -365.558441 11.121537 327.078613
v -19.239918 11.121537 365.558441
v -57.719753 11.121537 365.558441
v -57.719753 11.121537 327.078613
v -327.078613 11.121537 -557.957642
v -365.558441 11.121537 -557.957642
v -365.558441 11.121537 -596.437439
v -327.078613 11.121537 -250.118927
v -365.558441 11.121537 -250.118927
v -365.558441 11.121537 -288.598755
v -20.150473 10.603027 -249.206253
v -59.952560 9.850077 -247.880920
v -63.840305 7.636217 -282.463928
v 291.120850 7.372454 -562.095886
v 254.367035 4.819687 -564.828064
v 250.697357 10.263480 -597.372925
v 294.631226 -5.936761 -269.564880
v 252.075958 5.879063 -258.812958
v 250.075394 10.999800 -288.749054
v 557.957642 11.121537 -250.118927
v 442.518097 11.121537 -250.118927
v 404.038269 11.121537 -250.118927
v 403.830261 10.540097 -289.316559
v 442.518097 11.121537 -96.199585
v 404.038269 11.121537 -96.199585
v 405.729401 8.494173 -134.008072
v 596.437439 11.121537 -96.199585
v 557.957642 11.121537 -96.199585
v 134.679428 11.121537 -250.118927
v 96.199585 11.121537 -250.118927
v 96.548302 9.500978 -290.713165
v 134.679428 11.121537 -96.199585
v 96.199585 11.121537 -96.199585
v 96.199585 11.121537 -134.679428
v 294.546814 -3.779405 -118.037041
v 262.448151 -17.092501 -130.067993
v 263.811768 -13.317490 -142.866776
v 130.258209 0.886621 -568.429810
v 83.980782 -0.536729 -570.963745
v 86.541924 4.813089 -604.056580
v 138.623047 -5.032322 -424.117859
v 100.559425 -8.456180 -429.244141
v 98.799484 -8.142573 -465.431671
v 294.195892 -8.972926 -433.432312
v 256.408051 -1.979040 -423.090088
v 261.733337 -7.793600 -468.439667
v -173.159256 11.121537 -250.118927
v -211.639099 11.121537 -250.118927
v -211.639099 11.121537 -288.598755
v -173.159256 11.121537 -96.199585
v -211.639099 11.121537 -96.199585
v -211.639099 11.121537 -134.679428
v -19.239918 11.121537 -96.199585
v -57.719753 11.121537 -96.199585
v -57.719753 11.121537 -134.679428
v -480.997955 11.121537 -250.118927
v -519.477783 11.121537 -250.118927
v -519.477783 11.121537 -288.598755
v -480.997955 11.121537 -96.199585
v -519.477783 11.121537 -96.199585
v -519.477783 11.121537 -134.679428
v -327.078613 11.121537 -96.199585
v -365.558441 11.121537 -96.199585
v -365.558441 11.121537 -134.679428
v -480.997955 11.121537 -557.957642
v -519.477783 11.121537 -557.957642
v -519.477783 11.121537 -596.437439
v -480.997955 11.121537 -404.038269
v -519.477783 11.121537 -404.038269
v -519.477783 11.121537 -442.518097
v -327.078613 11.121537 -404.038269
v -365.558441 11.121537 -404.038269
v -365.558441 11.121537 -442.518097
v -173.159256 11.121537 365.558441
v -211.639099 11.121537 365.558441
v -211.639099 11.121537 327.078613
v -173.159256 11.121537 519.477783
v -211.639099 11.121537 519.477783
v -211.639099 11.121537 480.997955
v -19.239918 11.121537 519.477783
v -57.719753 11.121537 519.477783
v -57.719753 11.121537 480.997955
v 76.959671 67.801804 538.717712
v 76.959671 67.801804 557.957642
v -519.477783 11.121537 327.078613
v 250.118927 67.801804 538.717712
v -519.477783 11.121537 519.477783
v 173.159256 67.801804 538.717712
v -327.078613 11.121537 519.477783
v -365.558441 11.121537 519.477783
v -365.558441 11.121537 480.997955
v 230.879013 67.801804 538.717712
v 230.879013 67.801804 557.957642
v 557.957642 67.801804 230.879013
v 538.717712 67.801804 230.879013
v -519.477783 11.121537 211.639099
v 538.717712 67.801804 250.118927
v -327.078613 11.121537 211.639099
v -365.558441 11.121537 211.639099
v -365.473633 13.999207 173.158249
v 442.518097 11.121537 365.558441
v 404.038269 11.121537 365.558441
v 404.038269 11.121537 327.078613
v 404.038269 11.121537 519.477783
v 404.038269 11.121537 480.997955
v 596.437439 11.121537 519.477783
v 557.957642 11.121537 519.477783
v 557.957642 11.121537 480.997955
v 134.679428 11.121537 365.558441
v 96.199585 11.121537 365.558441
v 96.199585 11.121537 327.078613
v 134.679428 11.121537 519.477783
v 96.199585 11.121537 480.997955
v 250.118927 11.121537 480.997955
v 139.101349 2.319470 64.125435
v 94.738525 10.717235 66.532799
v 99.655571 8.988173 26.564489
v 134.679428 11.121537 211.639099
v 96.199585 11.121537 211.639099
v 98.465218 4.637706 177.088364
v 288.598755 11.121537 211.639099
v 250.118927 11.121537 211.639099
v 252.384567 4.637706 177.088364
v 442.518097 11.121537 57.719753
v 404.038269 11.121537 57.719753
v 404.038269 11.121537 19.239918
v 442.518097 11.121537 211.639099
v 404.038269 11.121537 211.639099
v 404.038269 11.121537 173.159256
v 596.437439 11.121537 211.639099
v 557.957642 11.121537 211.639099
v 557.957642 11.121537 173.159256
v -172.760483 24.660307 57.715012
v -211.240326 24.660307 57.715012
v -211.240326 24.660307 19.235172
v -173.159256 11.121537 211.639099
v -211.639099 11.121537 211.639099
v -211.554291 13.999207 173.158249
v -19.239918 11.121537 211.639099
v -57.719753 11.121537 211.639099
v -57.719753 11.121537 173.159256
v -173.159256 11.121537 -557.957642
v 538.717712 67.801804 173.159256
v -211.639099 11.121537 -596.437439
v -173.515778 10.739639 -404.102875
v -211.639099 11.121537 -404.038269
v -211.639099 11.121537 -442.518097
v -28.303730 0.547673 -405.643311
v -70.608574 -0.684786 -401.684021
v -69.937920 -2.100073 -446.492554
v 442.518097 11.121537 -557.957642
v 404.038269 11.121537 -557.957642
v 404.038269 11.121537 -596.437439
v 442.382172 10.741513 -404.507416
v 402.719269 6.246995 -410.246613
v 403.753937 7.794661 -447.031982
v 557.957642 11.121537 -404.038269
v 519.477783 11.121537 -404.038269
v 480.997955 11.121537 -404.038269
v 480.997955 11.121537 -442.518097
v 519.477783 11.121537 -327.078613
v 480.997955 11.121537 -327.078613
v 480.997955 11.121537 -365.558441
v 596.437439 11.121537 -327.078613
v 365.482666 -3.506504 -424.413086
v 330.006500 -9.492706 -434.105377
v 332.125458 -5.807448 -468.194550
v 360.780579 3.849503 -337.743042
v 315.856750 -13.594398 -347.139069
v 326.618011 -5.207757 -388.133942
v 442.495544 11.058465 -327.156464
v 402.829407 7.742031 -331.250549
v 402.059204 5.588881 -372.388428
v 365.558441 11.121537 -557.957642
v 327.110352 11.074441 -558.008972
v 327.078613 11.121537 -596.437439
v 367.965515 6.604610 -488.381317
v 332.388885 1.095276 -496.861938
v 329.323334 7.537759 -525.059204
v 442.518097 11.121537 -480.997955
v 404.140472 10.955253 -481.275848
v 404.038269 11.121537 -519.477783
v -107.611481 0.465788 -402.405884
v -140.374161 5.876003 -403.054138
v -139.775085 5.663051 -443.441406
v -104.173248 6.413122 -319.482269
v -138.964767 8.681273 -322.783264
v -140.233765 6.893507 -362.503540
v -25.345551 7.626193 -321.002411
v -66.676460 5.642635 -318.993896
v -70.089958 1.670408 -358.836914
v 557.957642 67.801804 -384.798340
v -288.598755 11.121537 -404.038269
v -288.598755 11.121537 -442.518097
v 538.717712 67.801804 -384.798340
v -288.598755 11.121537 -327.078613
v -288.598755 11.121537 -365.558441
v -173.913849 10.691844 -326.322266
v -211.639099 11.121537 -327.078613
v -211.639099 11.121537 -365.558441
v -250.118927 11.121537 -557.957642
v -288.598755 11.121537 -557.957642
v -288.598755 11.121537 -596.437439
v 538.717712 67.801804 -365.558441
v -288.598755 11.121537 -480.997955
v -288.598755 11.121537 -519.477783
v -173.271500 11.001308 -481.018280
v 538.717712 67.801804 -442.518097
v 538.717712 67.801804 -461.758026
v -96.199585 11.121537 211.639099
v -134.679428 11.121537 211.639099
v -134.654633 11.997679 173.158966
v -96.199585 11.121537 288.598755
v -134.679428 11.121537 288.598755
v -134.679428 11.121537 250.118927
v -19.239918 11.121537 288.598755
v -57.719753 11.121537 288.598755
v -57.719753 11.121537 250.118927
v -250.118927 11.121537 211.639099
v -288.598755 11.121537 211.639099
v -288.513947 13.999207 173.158249
v -250.118927 11.121537 288.598755
v -288.598755 11.121537 288.598755
v -288.598755 11.121537 250.118927
v -173.159256 11.121537 288.598755
v -211.639099 11.121537 288.598755
v -211.639099 11.121537 250.118927
v -251.644073 23.195980 56.037441
v -299.395782 14.653989 47.437954
v -299.395782 14.653989 8.958122
v -249.721054 24.659739 134.673935
v -290.177094 23.118757 132.938004
v -299.395782 14.653989 85.917793
v -172.760483 24.660307 134.674683
v -211.240326 24.660307 134.674683
v -211.240326 24.660307 96.194847
v 519.477783 11.121537 211.639099
v 480.997955 11.121537 211.639099
v 480.997955 11.121537 173.159256
v 480.997955 11.121537 288.598755
v 480.997955 11.121537 250.118927
v 596.437439 11.121537 288.598755
v 557.957642 11.121537 250.118927
v 365.558441 11.121537 211.639099
v 327.078613 11.121537 211.639099
v 327.078613 11.121537 173.159256
v 365.558441 11.121537 288.598755
v 327.078613 11.121537 288.598755
v 327.078613 11.121537 250.118927
v 442.518097 11.121537 288.598755
v 404.038269 11.121537 288.598755
v 404.038269 11.121537 250.118927
v 365.558441 11.121537 57.719753
v 308.110504 6.376711 59.335533
v 316.833130 3.592864 29.050955
v 365.558441 11.121537 134.679428
v 327.078613 11.121537 134.679428
v 314.927551 9.028006 91.330208
v 442.518097 11.121537 134.679428
v 404.038269 11.121537 134.679428
v 404.038269 11.121537 96.199585
v 211.639099 11.121537 211.639099
v 173.159256 11.121537 211.639099
v 175.424896 4.637706 177.088364
v 211.639099 11.121537 288.598755
v 173.159256 11.121537 288.598755
v 173.159256 11.121537 250.118927
v 288.598755 11.121537 288.598755
v 250.118927 11.121537 288.598755
v 250.118927 11.121537 250.118927
v 57.719753 11.121537 211.639099
v 19.239918 11.121537 211.639099
v 21.505547 4.637706 177.088364
v 57.719753 11.121537 288.598755
v 19.239918 11.121537 288.598755
v 19.239918 11.121537 250.118927
v 134.679428 11.121537 288.598755
v 96.199585 11.121537 288.598755
v 96.199585 11.121537 250.118927
v 66.234390 16.651672 70.949226
v 13.971760 21.151505 72.888741
v 16.502953 24.567823 37.034138
v 59.985382 4.637706 138.608521
v 21.505547 4.637706 138.608521
v 21.347794 4.859612 100.275566
v 136.945053 4.637706 138.608521
v 98.465218 4.637706 138.608521
v 95.318779 8.350571 103.133835
v 211.639099 11.121537 519.477783
v 173.159256 11.121537 519.477783
v 173.159256 11.121537 480.997955
v 211.639099 11.121537 596.437439
v 173.159256 11.121537 596.437439
v 173.159256 11.121537 557.957642
v 288.598755 11.121537 596.437439
v 250.118927 11.121537 596.437439
v 19.239918 11.121537 519.477783
v 19.239918 11.121537 480.997955
v 57.719753 11.121537 596.437439
v 19.239918 11.121537 596.437439
v 19.239918 11.121537 557.957642
v 134.679428 11.121537 596.437439
v 96.199585 11.121537 596.437439
v 57.719753 11.121537 365.558441
v 19.239918 11.121537 365.558441
v 19.239918 11.121537 327.078613
v 57.719753 11.121537 442.518097
v 19.239918 11.121537 442.518097
v 19.239918 11.121537 404.038269
v 134.679428 11.121537 442.518097
v 96.199585 11.121537 442.518097
v 96.199585 11.121537 404.038269
v 519.477783 11.121537 519.477783
v 480.997955 11.121537 480.997955
v 519.477783 11.121537 596.437439
v 480.997955 11.121537 596.437439
v 480.997955 11.121537 557.957642
v 596.437439 11.121537 596.437439
v 557.957642 11.121537 596.437439
v 557.957642 11.121537 557.957642
v 327.078613 11.121537 480.997955
v 365.558441 11.121537 596.437439
v 327.078613 11.121537 596.437439
v 442.518097 11.121537 596.437439
v 404.038269 11.121537 596.437439
v 404.038269 11.121537 557.957642
v 365.558441 11.121537 365.558441
v 327.078613 11.121537 365.558441
v 327.078613 11.121537 327.078613
v 365.558441 11.121537 442.518097
v 327.078613 11.121537 442.518097
v 327.078613 11.121537 404.038269
v 442.518097 11.121537 442.518097
v 404.038269 11.121537 442.518097
v 404.038269 11.121537 404.038269
v -404.038269 11.121537 211.639099
v -442.518097 11.121537 211.639099
v -442.518097 11.121537 173.159256
v -404.038269 11.121537 288.598755
v 557.957642 67.801804 -461.758026
v -442.518097 11.121537 250.118927
v -327.078613 11.121537 288.598755
v -365.558441 11.121537 288.598755
v -365.558441 11.121537 250.118927
v -557.957642 11.121537 211.639099
v -596.437439 11.121537 211.639099
v -596.437439 11.121537 173.159256
v -557.957642 11.121537 288.598755
v -596.437439 11.121537 288.598755
v -596.437439 11.121537 250.118927
v 538.717712 67.801804 153.919342
v -519.477783 11.121537 288.598755
v -519.477783 11.121537 250.118927
v -557.957642 11.121537 57.719753
v -596.437439 11.121537 57.719753
v -596.437439 11.121537 19.239918
v -557.957642 11.121537 134.679428
v -596.437439 11.121537 134.679428
v -596.437439 11.121537 96.199585
v 557.957642 67.801804 153.919342
v 153.919342 67.801804 538.717712
v 153.919342 67.801804 557.957642
v -404.038269 11.121537 519.477783
v -442.518097 11.121537 519.477783
v -442.518097 11.121537 480.997955
v -404.038269 11.121537 596.437439
v -442.518097 11.121537 596.437439
v -442.518097 11.121537 557.957642
v -327.078613 11.121537 596.437439
v -365.558441 11.121537 596.437439
v -365.558441 11.121537 557.957642
v -557.957642 11.121537 519.477783
v -596.437439 11.121537 519.477783
v -596.437439 11.121537 480.997955
v -557.957642 11.121537 596.437439
v -596.437439 11.121537 596.437439
v -596.437439 11.121537 557.957642
v -480.997955 11.121537 596.437439
v -519.477783 11.121537 596.437439
v -519.477783 11.121537 557.957642
v -557.957642 11.121537 365.558441
v -596.437439 11.121537 365.558441
v -596.437439 11.121537 327.078613
v -557.957642 11.121537 442.518097
v -596.437439 11.121537 442.518097
v -596.437439 11.121537 404.038269
v 538.717712 67.801804 461.758026
v 557.957642 67.801804 461.758026
v 461.758026 67.801804 538.717712
v -96.199585 11.121537 519.477783
v -134.679428 11.121537 519.477783
v -134.679428 11.121537 480.997955
v -96.199585 11.121537 596.437439
v -134.679428 11.121537 596.437439
v -134.679428 11.121537 557.957642
v -19.239918 11.121537 596.437439
v -57.719753 11.121537 596.437439
v -57.719753 11.121537 557.957642
v -250.118927 11.121537 519.477783
v -288.598755 11.121537 519.477783
v -288.598755 11.121537 480.997955
v -250.118927 11.121537 596.437439
v -288.598755 11.121537 596.437439
v -288.598755 11.121537 557.957642
v -173.159256 11.121537 596.437439
v -211.639099 11.121537 596.437439
v -211.639099 11.121537 557.957642
v -250.118927 11.121537 365.558441
v -288.598755 11.121537 365.558441
v -288.598755 11.121537 327.078613
v -250.118927 11.121537 442.518097
v -288.598755 11.121537 442.518097
v -288.598755 11.121537 404.038269
v -173.159256 11.121537 442.518097
v -211.639099 11.121537 442.518097
v -211.639099 11.121537 404.038269
v -404.038269 11.121537 -404.038269
v -442.518097 11.121537 -404.038269
v -442.518097 11.121537 -442.518097
v -404.038269 11.121537 -327.078613
v -442.518097 11.121537 -327.078613
v -442.518097 11.121537 -365.558441
v -327.078613 11.121537 -327.078613
v -365.558441 11.121537 -327.078613
v -365.558441 11.121537 -365.558441
v -557.957642 11.121537 -404.038269
v -596.437439 11.121537 -404.038269
v -596.437439 11.121537 -442.518097
v -557.957642 11.121537 -327.078613
v -596.437439 11.121537 -327.078613
v -596.437439 11.121537 -365.558441
v -480.997955 11.121537 -327.078613
v -519.477783 11.121537 -327.078613
v -519.477783 11.121537 -365.558441
v -557.957642 11.121537 -557.957642
v -596.437439 11.121537 -557.957642
v -596.437439 11.121537 -596.437439
v -557.957642 11.121537 -480.997955
v -596.437439 11.121537 -480.997955
v -596.437439 11.121537 -519.477783
v -480.997955 11.121537 -480.997955
v -519.477783 11.121537 -480.997955
v -519.477783 11.121537 -519.477783
v -404.038269 11.121537 -96.199585
v -442.518097 11.121537 -96.199585
v -442.518097 11.121537 -134.679428
v -404.038239 11.121595 -19.239918
v -442.518097 11.121537 -19.239918
v -442.518097 11.121537 -57.719753
v -328.063568 12.725251 -20.333889
v -365.473633 14.001521 -19.240927
v -365.558441 11.121537 -57.719753
v -557.957642 11.121537 -96.199585
v -596.437439 11.121537 -96.199585
v -596.437439 11.121537 -134.679428
v -557.957642 11.121537 -19.239918
v -596.437439 11.121537 -19.239918
v -596.437439 11.121537 -57.719753
v 461.758026 67.801804 557.957642
v 538.717712 67.801804 -153.919342
v 557.957642 67.801804 -153.919342
v -557.957642 11.121537 -250.118927
v -596.437439 11.121537 -250.118927
v -596.437439 11.121537 -288.598755
v -557.957642 11.121537 -173.159256
v -596.437439 11.121537 -173.159256
v -596.437439 11.121537 -211.639099
v -480.997955 11.121537 -173.159256
v -519.477783 11.121537 -173.159256
v -519.477783 11.121537 -211.639099
v -96.199585 11.121537 -96.199585
v -134.679428 11.121537 -96.199585
v -134.679428 11.121537 -134.679428
v -90.518700 11.661945 -19.284784
v -134.679382 11.126863 -19.239918
v -134.679428 11.121537 -57.719753
v -30.349663 26.749094 -8.895165
v -68.829498 32.274490 -8.895165
v -57.719753 11.121537 -57.719753
v -250.118927 11.121537 -96.199585
v 538.717712 67.801804 -307.838684
v 557.957642 67.801804 -307.838684
v -250.034119 14.001521 -19.240927
v -290.969818 11.549363 -21.584431
v -288.598755 11.121537 -57.719753
v -173.074448 14.001521 -19.240927
v -211.554291 14.001521 -19.240927
v -211.639099 11.121537 -57.719753
v -250.118927 11.121537 -250.118927
v -288.598755 11.121537 -250.118927
v -288.598755 11.121537 -288.598755
v -250.118927 11.121537 -173.159256
v 538.717712 67.801804 307.838684
v 557.957642 67.801804 307.838684
v -173.159256 11.121537 -173.159256
v -211.639099 11.121537 -173.159256
v -211.639099 11.121537 -211.639099
v 215.855331 4.478156 -412.541382
v 175.547989 3.740311 -412.831696
v 180.390823 -2.268606 -455.816559
v 211.639099 11.121537 -327.078613
v 173.377686 10.106514 -328.402924
v 173.918137 7.594851 -370.159821
v 287.404114 3.370139 -336.651154
v 249.695328 9.890442 -328.605896
v 251.206787 4.669645 -375.048767
v 61.393372 -6.503243 -426.987793
v 18.727057 -1.330292 -417.587616
v 14.442637 -1.630424 -454.853760
v 59.386997 3.373487 -337.187805
v 18.115072 5.786273 -330.505859
v 19.037075 1.930857 -374.684143
v 135.948669 5.223043 -334.774597
v 98.278000 1.462713 -339.680878
v 99.964348 -6.374119 -388.385742
v 41.112968 -1.534633 -572.473450
v 3.955470 -1.296193 -571.786072
v 9.785888 4.257137 -604.381653
v 47.765369 -3.622478 -497.459473
v 7.615437 -1.566998 -493.465363
v 3.202913 -3.042404 -534.740417
v 137.418152 -4.237926 -495.881195
v 92.474617 -4.327353 -497.613647
v 85.395576 -3.741630 -535.100037
v 211.948120 9.666472 -100.240089
v 173.159256 11.121537 -96.199585
v 173.159256 11.121537 -134.679428
v 218.007187 -3.943017 -23.053196
v 175.424896 4.637706 -15.310828
v 175.424896 4.637706 -53.790665
v 291.671387 2.949804 -16.833818
v 258.531616 -8.219528 -26.911882
v 258.322937 -12.587299 -85.536949
v 57.719753 11.121537 -96.199585
v 21.505547 4.637706 -92.270500
v 19.239918 11.121537 -134.679428
v 62.260387 7.708253 -12.951299
v 14.006869 16.120058 -7.661300
v 21.505547 4.637706 -53.790665
v 136.945053 4.637706 -15.310828
v 98.466484 4.639418 -15.309512
v 98.465218 4.637706 -53.790665
v 57.719753 11.121537 -250.118927
v 19.133261 11.060802 -250.012039
v 18.361990 10.621605 -287.718781
v 57.719753 11.121537 -173.159256
v 19.239918 11.121537 -173.159256
v 19.239918 11.121537 -211.639099
v 134.679428 11.121537 -173.159256
v 96.199585 11.121537 -173.159256
v 96.199585 11.121537 -211.639099
v 519.477783 11.121537 -96.199585
v 480.997955 11.121537 -96.199585
v 480.997955 11.121537 -134.679428
v 519.477783 11.121537 -19.239918
v 480.997955 11.121537 -19.239918
v 480.997955 11.121537 -57.719753
v 596.437439 11.121537 -19.239918
v 367.249542 8.494173 -95.528229
v 327.828979 9.866561 -96.284752
v 340.270020 -10.073772 -132.452911
v 365.558441 11.121537 -19.239918
v 329.344208 4.637706 -15.310828
v 329.344208 4.637706 -53.790665
v 442.518097 11.121537 -19.239918
v 404.038269 11.121537 -19.239918
v 404.038269 11.121537 -57.719753
v 367.762939 5.869970 -256.952850
v 338.265350 -9.617833 -260.371307
v 329.753418 -7.826967 -303.731567
v 372.352112 -3.153040 -186.439972
v 331.768829 0.246868 -186.708099
v 330.407623 -1.014657 -241.625565
v 442.518097 11.121537 -173.159256
v 404.110962 10.816641 -173.954819
v 403.549316 10.872665 -216.165054
v 519.477783 11.121537 -250.118927
v 480.997955 11.121537 -250.118927
v 480.997955 11.121537 -288.598755
v 519.477783 11.121537 -173.159256
v 480.997955 11.121537 -173.159256
v 480.997955 11.121537 -211.639099
v 596.437439 11.121537 -173.159256
v 557.957642 11.121537 -173.159256
v 211.639099 11.121537 -250.118927
v 173.159256 11.121537 -250.118927
v 173.159256 11.121537 -288.598755
v 211.811310 10.825779 -173.212616
v 173.159256 11.121537 -173.159256
v 173.159256 11.121537 -211.639099
v 295.647400 -1.538813 -177.726013
v 259.009674 -4.202741 -176.155777
v 253.153519 2.992464 -225.120209
v 217.222824 2.091698 -567.314148
v 176.955750 2.236047 -566.708130
v 173.372330 10.162289 -597.317383
v 223.261124 -7.741017 -501.595764
v 183.180222 -6.896270 -498.581116
v 182.073975 -5.427145 -535.634644
v 298.467560 -4.442128 -503.432831
v 262.739594 -8.310717 -506.268768
v 259.174164 -2.527510 -535.338257
v -97.771103 10.226645 -248.543762
v -135.143555 10.857243 -249.653717
v -137.309219 9.624018 -285.962830
v -96.199585 11.121537 -173.159256
v -134.679428 11.121537 -173.159256
v -134.679428 11.121537 -211.639099
v -19.239918 11.121537 -173.159256
v -57.719753 11.121537 -173.159256
v -57.725376 11.118337 -211.633469
v -404.038269 11.121537 -250.118927
v -442.518097 11.121537 -250.118927
v -442.518097 11.121537 -288.598755
v -404.038269 11.121537 -173.159256
v -442.518097 11.121537 -173.159256
v -442.518097 11.121537 -211.639099
v -327.078613 11.121537 -173.159256
v -365.558441 11.121537 -173.159256
v -365.558441 11.121537 -211.639099
v -404.038269 11.121537 -557.957642
v -442.518097 11.121537 -557.957642
v -442.518097 11.121537 -596.437439
v -404.038269 11.121537 -480.997955
v -442.518097 11.121537 -480.997955
v -442.518097 11.121537 -519.477783
v -327.078613 11.121537 -480.997955
v -365.558441 11.121537 -480.997955
v -365.558441 11.121537 -519.477783
v -96.199585 11.121537 365.558441
v -134.679428 11.121537 365.558441
v -134.679428 11.121537 327.078613
v -96.199585 11.121537 442.518097
v -134.679428 11.121537 442.518097
v -134.679428 11.121537 404.038269
v -19.239918 11.121537 442.518097
v -57.719753 11.121537 442.518097
v -57.719753 11.121537 404.038269
v -404.038269 11.121537 365.558441
v 307.838684 67.801804 538.717712
v 307.838684 67.801804 557.957642
v -404.038269 11.121537 442.518097
v -442.518097 11.121537 442.518097
v -442.518097 11.121537 404.038269
v -327.078613 11.121537 442.518097
v -365.558441 11.121537 442.518097
v -365.558441 11.121537 404.038269
v -403.980652 13.864565 57.688507
v -442.518097 11.121537 57.719753
v -442.518097 11.121537 19.239918
v -403.752594 20.782976 134.676025
v -442.518097 11.121537 134.679428
v -442.518097 11.121537 96.199585
v -328.656921 23.118757 132.938004
v -365.753937 24.185959 134.148895
v -373.356079 17.236839 88.637123
v 519.477783 11.121537 365.558441
v 480.997955 11.121537 365.558441
v 480.997955 11.121537 327.078613
v 519.477783 11.121537 442.518097
v 480.997955 11.121537 442.518097
v 480.997955 11.121537 404.038269
v 596.437439 11.121537 442.518097
v 557.957642 11.121537 442.518097
v 211.639099 11.121537 365.558441
v 173.159256 11.121537 365.558441
v 173.159256 11.121537 327.078613
v 211.639099 11.121537 442.518097
v 173.159256 11.121537 442.518097
v 173.159256 11.121537 404.038269
v 288.598755 11.121537 442.518097
v 250.118927 11.121537 442.518097
v 250.118927 11.121537 404.038269
v 225.184036 -0.587899 62.782196
v 199.892563 -4.282128 62.782196
v 191.209183 1.194927 32.413437
v 213.904724 4.637706 138.608521
v 175.424896 4.637706 138.608521
v 191.207733 1.200095 92.379059
v 288.598755 11.121537 134.679428
v 252.384567 4.637706 138.608521
v 251.195831 0.845144 92.154808
v 480.997955 11.121537 57.719753
v 480.997955 11.121537 19.239918
v 519.477783 11.121537 134.679428
v 480.997955 11.121537 134.679428
v 480.997955 11.121537 96.199585
v 596.437439 11.121537 134.679428
v 557.957642 11.121537 96.199585
v -99.497406 15.760413 60.790485
v -141.748749 15.231861 58.028374
v -158.201935 16.470266 23.417910
v -96.199585 11.121537 134.679428
v -134.393738 20.859402 134.676025
v -144.938873 13.779491 95.488647
v -19.239918 11.121537 134.679428
v -57.719753 11.121537 134.679428
v -68.829498 26.749094 106.544334
v -97.182007 9.912886 -559.152710
v -134.679428 11.121537 -557.957642
v -134.679428 11.121537 -596.437439
v -103.939842 2.605936 -483.859802
v -137.942688 7.625925 -481.589203
v -135.387466 10.358463 -519.636169
v -31.554092 -2.773247 -490.311951
v -69.217690 -1.938311 -487.918640
v -65.300613 2.142734 -526.436768
v 519.477783 11.121537 -557.957642
v 480.997955 11.121537 -557.957642
v 480.997955 11.121537 -596.437439
v 519.477783 11.121537 -480.997955
v 480.997955 11.121537 -480.997955
v 480.997955 11.121537 -519.477783
v 557.957642 11.121537 -480.997955
v 557.957642 11.121537 -519.477783
v 519.477783 11.121537 -519.477783
v 519.477783 11.121537 -596.437439
v -29.641216 0.015869 -530.117432
v -100.076515 6.633069 -522.363892
v -96.396797 10.878916 -596.677368
v -27.066643 22.131021 103.487381
v -97.163383 12.477262 97.097023
v -101.740707 12.448669 20.227509
v 596.437439 11.121537 96.199585
v 519.477783 11.121537 96.199585
v 519.477783 11.121537 19.239918
v 280.841644 0.960539 92.127777
v 221.507004 0.883434 92.145836
v 221.508423 0.878342 32.790798
v 288.598755 11.121537 404.038269
v 211.639099 11.121537 404.038269
v 211.639099 11.121537 327.078613
v 596.437439 11.121537 404.038269
v -337.875671 14.653989 85.917793
v -403.797241 20.718121 96.146545
v -403.953461 13.904067 19.238909
v -327.078613 11.121537 404.038269
v -404.038269 11.121537 404.038269
v -404.038269 11.121537 327.078613
v -19.239918 11.121537 404.038269
v -96.199585 11.121537 404.038269
v -96.199585 11.121537 327.078613
v -327.078613 11.121537 -519.477783
v -404.038269 11.121537 -519.477783
v -404.038269 11.121537 -596.437439
v -327.078613 11.121537 -211.639099
v -404.038269 11.121537 -211.639099
v -404.038269 11.121537 -288.598755
v -19.239918 11.121537 -211.639099
v -96.199585 11.121537 -211.639099
v -101.609283 8.041012 -283.176453
v 294.725586 1.696820 -531.968262
v 221.540649 -4.794289 -536.253540
v 212.525665 9.797729 -597.875061
v 293.219849 -1.277554 -231.984467
v 211.639099 11.121537 -211.639099
v 211.639099 11.121537 -288.598755
v 519.477783 11.121537 -211.639099
v 519.477783 11.121537 -288.598755
v 442.518097 11.121537 -211.639099
v 363.249481 6.569129 -247.355499
v 365.620483 6.446238 -292.950745
v 442.518097 11.121537 -57.719753
v 365.558441 11.121537 -57.719753
v 378.626587 -9.209773 -129.613586
v 596.437439 11.121537 -57.719753
v 519.477783 11.121537 -134.679428
v 134.679428 11.121537 -211.639099
v 57.719753 11.121537 -211.639099
v 57.862522 10.458053 -289.464447
v 136.945053 4.637706 -53.790665
v 59.985382 4.637706 -53.790665
v 57.719753 11.121537 -134.679428
v 291.956665 -0.298135 -67.186646
v 216.676132 -1.488033 -60.427628
v 213.203903 8.434292 -135.164261
v 134.250793 -3.588588 -533.850220
v 40.914597 -4.157794 -536.270386
v 46.412930 3.661478 -605.379272
v 137.332840 -1.209437 -381.647156
v 61.223030 -5.158982 -386.800262
v 55.594566 -6.321862 -463.965302
v 289.685211 -3.422357 -386.338013
v 211.952621 10.597501 -366.430450
v 221.857849 -5.401858 -461.799591
v -173.159256 11.121537 -211.639099
v -250.118927 11.121537 -211.639099
v 538.717712 67.801804 0.000000
v -173.159256 11.121537 -57.719753
v -250.118927 11.121537 -57.719753
v -250.118927 11.121537 -134.679428
v -19.239918 11.121537 -57.719753
v -96.199585 11.121537 -57.719753
v -96.199585 11.121537 -134.679428
v -480.997955 11.121537 -211.639099
v -557.957642 11.121537 -211.639099
v -557.957642 11.121537 -288.598755
v 557.957642 67.801804 0.000000
v -557.957642 11.121537 -57.719753
v -557.957642 11.121537 -134.679428
v -327.078613 11.121537 -57.719753
v -404.038269 11.121537 -57.719753
v -404.038269 11.121537 -134.679428
v -480.997955 11.121537 -519.477783
v -557.957642 11.121537 -519.477783
v -557.957642 11.121537 -596.437439
v -480.997955 11.121537 -365.558441
v -557.957642 11.121537 -365.558441
v -557.957642 11.121537 -442.518097
v -327.078613 11.121537 -365.558441
v -404.038269 11.121537 -365.558441
v -404.038269 11.121537 -442.518097
v -173.159256 11.121537 404.038269
v -250.118927 11.121537 404.038269
v -250.118927 11.121537 327.078613
v -173.159256 11.121537 557.957642
v -250.118927 11.121537 557.957642
v -250.118927 11.121537 480.997955
v -19.239918 11.121537 557.957642
v -96.199585 11.121537 557.957642
v -96.199585 11.121537 480.997955
v 615.677368 67.801804 -384.798340
v -557.957642 11.121537 404.038269
v -557.957642 11.121537 327.078613
v 615.677368 67.801804 -365.558441
v -557.957642 11.121537 557.957642
v -557.957642 11.121537 480.997955
v -327.078613 11.121537 557.957642
v -404.038269 11.121537 557.957642
v -404.038269 11.121537 480.997955
v 615.677368 67.801804 -230.879013
v -557.957642 11.121537 96.199585
v -557.957642 11.121537 19.239918
v 615.677368 67.801804 -211.639099
v -557.957642 11.121537 250.118927
v -557.957642 11.121537 173.159256
v -327.078613 11.121537 250.118927
v -404.038269 11.121537 250.118927
v -404.013489 11.935601 173.158966
v 442.518097 11.121537 404.038269
v 365.558441 11.121537 404.038269
v 365.558441 11.121537 327.078613
v 365.558441 11.121537 480.997955
v 596.437439 11.121537 557.957642
v 519.477783 11.121537 557.957642
v 134.679428 11.121537 404.038269
v 57.719753 11.121537 404.038269
v 57.719753 11.121537 327.078613
v 57.719753 11.121537 480.997955
v 211.639099 11.121537 480.997955
v 135.136902 7.150125 102.045540
v 59.673176 5.006114 100.426865
v 70.142761 19.713322 34.779800
v 134.679428 11.121537 250.118927
v 57.719753 11.121537 250.118927
v 59.985382 4.637706 177.088364
v 288.598755 11.121537 250.118927
v 211.639099 11.121537 250.118927
v 213.904724 4.637706 177.088364
v 442.518097 11.121537 96.199585
v 365.558441 11.121537 96.199585
v 365.558441 11.121537 19.239918
v 442.518097 11.121537 250.118927
v 365.558441 11.121537 250.118927
v 365.558441 11.121537 173.159256
v 596.437439 11.121537 250.118927
v 519.477783 11.121537 250.118927
v 519.477783 11.121537 173.159256
v -172.760483 24.660307 96.194847
v -251.644073 23.195980 94.517281
v -251.644073 23.195980 17.557606
v -173.159256 11.121537 250.118927
v -250.118927 11.121537 250.118927
v -250.034119 13.999207 173.158249
v -19.239918 11.121537 250.118927
v -96.199585 11.121537 250.118927
v -96.199585 11.121537 173.159256
v -173.159256 11.121537 -519.477783
v 615.677368 67.801804 -538.717712
v -250.118927 11.121537 -596.437439
v -173.566513 10.889627 -365.150208
v 615.677368 67.801804 -519.477783
v 615.677368 67.801804 -461.758026
v -27.373621 4.267470 -361.613617
v -107.132217 2.920247 -359.260651
v -105.822098 0.847677 -444.471527
v 442.518097 11.121537 -519.477783
v 366.147125 10.163879 -521.078369
v 365.558441 11.121537 -596.437439
v 442.186005 10.193106 -366.704559
v 363.840240 -1.935959 -383.004181
v 367.697998 0.620658 -458.130035
v 596.437439 11.121537 -365.558441
v 519.477783 11.121537 -365.558441
v 519.477783 11.121537 -442.518097
v 442.518097 11.121537 -442.518097
v 442.518097 11.121537 -596.437439
v -29.995472 -1.087572 -448.202118
v -174.091858 10.122536 -442.687103
v -173.159256 11.121537 -596.437439
v -19.239918 11.121537 173.159256
v -173.074448 13.999207 173.158249
v -172.760483 24.660307 19.235172
v 596.437439 11.121537 173.159256
v 442.518097 11.121537 173.159256
v 442.518097 11.121537 19.239918
v 288.598755 11.121537 173.159256
v 136.945053 4.637706 177.088364
v 137.037109 4.907853 23.505457
v 288.598755 11.121537 480.997955
v 134.679428 11.121537 480.997955
v 134.679428 11.121537 327.078613
v 596.437439 11.121537 480.997955
v 442.518097 11.121537 480.997955
v 442.518097 11.121537 327.078613
v -326.993805 13.999207 173.158249
v 615.677368 67.801804 -442.518097
v 615.677368 67.801804 -307.838684
v -327.078613 11.121537 480.997955
v 615.677368 67.801804 -288.598755
v -480.997955 11.121537 327.078613
v -19.239918 11.121537 480.997955
v -173.159256 11.121537 480.997955
v -173.159256 11.121537 327.078613
v -327.078613 11.121537 -442.518097
v -480.997955 11.121537 -442.518097
v -480.997955 11.121537 -596.437439
v -327.078613 11.121537 -134.679428
v -480.997955 11.121537 -134.679428
v -480.997955 11.121537 -288.598755
v -19.239918 11.121537 -134.679428
v -173.159256 11.121537 -134.679428
v -173.222061 11.085774 -288.535797
v 298.024658 -9.079308 -471.931335
v 140.070297 -5.552745 -460.934601
v 130.390060 7.056734 -600.982666
v 300.844391 -9.961424 -138.688644
v 134.679428 11.121537 -134.679428
v 134.703049 11.011747 -288.742004
v 596.437439 11.121537 -134.679428
v 442.518097 11.121537 -134.679428
v 442.518097 11.121537 -288.598755
v 596.437439 11.121537 -288.598755
v 290.996429 -0.028806 -297.146820
v 288.608459 11.107144 -596.453186
v -23.721169 8.569711 -284.107056
v -327.078613 11.121537 -288.598755
v -327.078613 11.121537 -596.437439
v -19.239918 11.121537 327.078613
v -327.078613 11.121537 327.078613
v -334.876251 17.236845 11.677449
v 596.437439 11.121537 327.078613
v 288.598755 11.121537 327.078613
v 280.843048 0.955534 32.772717
v 596.437439 11.121537 19.239918
v -34.746822 32.934372 33.679050
v -22.834347 7.673220 -600.083496
v 596.437439 11.121537 -596.437439
v -82.493362 11.121537 615.677368
v -82.494530 11.120103 -615.678833
v -89.445168 29.801662 7.981615
v -82.493362 11.121537 307.838684
v -89.960014 6.868071 -300.358429
v -82.493362 11.121537 -153.919342
v -82.493362 11.121537 461.758026
v -82.493362 11.121537 153.919342
v -93.093674 -0.533748 -465.632690
v -95.144081 0.463888 -380.264740
v -82.493362 11.121537 230.879013
v -82.493362 11.121537 538.717712
v -82.493362 11.121537 -76.959671
v -83.076401 10.789524 -230.294617
v -82.493362 11.121537 384.798340
v -91.375443 28.513391 102.749908
v -85.743111 7.217772 -542.057251
v -90.102921 2.458345 -504.947845
v -83.923431 9.362164 -578.937256
v -83.180481 12.088079 116.079323
v -92.001480 22.636074 46.133327
v -82.493362 11.121537 423.278198
v -82.493362 11.121537 346.318512
v -82.493362 11.121537 -192.399170
v -86.457245 8.864326 -265.385742
v -83.180481 12.088079 -37.840027
v -82.493362 11.121537 -115.439507
v -82.493362 11.121537 577.197510
v -82.493362 11.121537 500.237854
v -82.493362 11.121537 269.358856
v -82.493362 11.121537 192.399170
v -92.891068 4.020352 -338.680511
v -94.029068 -0.367645 -423.521423
v -94.955261 -0.344072 -401.853333
v -91.193710 5.835984 -319.139160
v -82.493362 11.121537 211.639099
v -82.493362 11.121537 288.598755
v -82.493362 11.121537 519.477783
v -82.493362 11.121537 596.437439
v -82.493362 11.121537 -96.199585
v -86.435097 25.658720 -14.061107
v -84.535332 9.958754 -248.072220
v -82.493362 11.121537 -173.159256
v -82.493362 11.121537 365.558441
v -82.493362 11.121537 442.518097
v -91.356277 23.588583 65.972389
v -82.493362 11.121537 134.679428
v -84.523041 8.624594 -560.425964
v -91.825142 0.721893 -485.314484
v -87.961861 4.738258 -523.888306
v -82.942749 10.568670 -596.984131
v -88.346207 19.354454 101.649422
v -92.001480 25.577065 26.893410
v -82.493362 11.121537 404.038269
v -82.493362 11.121537 327.078613
v -82.497322 11.119281 -211.635117
v -88.408821 7.753004 -282.669495
v -82.493362 11.121537 -57.719753
v -82.493362 11.121537 -134.679428
v -82.493362 11.121537 557.957642
v -82.493362 11.121537 480.997955
v -82.493362 11.121537 250.118927
v -82.493362 11.121537 173.159256
v -94.495811 1.980857 -358.967163
v -93.545235 -0.714454 -445.328827
v -442.518097 44.799004 0.000000
v -461.758026 44.799004 0.000000
v -480.997955 44.799004 615.677368
v -461.758026 44.799004 615.677368
v -442.518097 44.799004 307.838684
v -461.758026 44.799004 307.838684
v -307.838684 44.799004 -134.679428
v -307.838684 44.799004 -153.919342
v -288.598755 44.799004 -153.919342
v -461.758026 44.799004 327.078613
v -461.758026 44.799004 480.997955
v -461.758026 44.799004 461.758026
v -461.758026 44.799004 19.239918
v -461.758026 44.799004 173.159256
v -461.758026 44.799004 153.919342
v -442.518097 44.799004 153.919342
v -519.477783 44.799004 0.000000
v -538.717712 44.799004 0.000000
v -307.838684 44.799004 -211.639099
v -307.838684 44.799004 -230.879013
v -211.639099 44.799004 -307.838684
v -230.879013 44.799004 -307.838684
v -461.758026 44.799004 -57.719753
v -461.758026 44.799004 -76.959671
v -461.758026 44.799004 404.038269
v -461.758026 44.799004 384.798340
v -461.758026 44.799004 557.957642
v -461.758026 44.799004 538.717712
v -519.477783 44.799004 461.758026
v -538.717712 44.799004 461.758026
v -461.758026 44.799004 96.199585
v -461.758026 44.799004 76.959671
v -461.758026 44.799004 250.118927
v -461.758026 44.799004 230.879013
v -519.477783 44.799004 153.919342
v -538.717712 44.799004 153.919342
v -211.639099 44.799004 -461.758026
v -230.879013 44.799004 -461.758026
v -230.879013 44.799004 -442.518097
v -230.879013 44.799004 -365.558441
v -230.879013 44.799004 -384.798340
v -211.639099 44.799004 -384.798340
v -230.879013 44.799004 -519.477783
v -230.879013 44.799004 -538.717712
v -211.639099 44.799004 -538.717712
v -442.518097 44.799004 230.879013
v -538.717712 44.799004 173.159256
v -538.717712 44.799004 19.239918
v -538.717712 44.799004 96.199585
v -538.717712 44.799004 76.959671
v -519.477783 44.799004 76.959671
v -538.717712 44.799004 480.997955
v -538.717712 44.799004 404.038269
v -538.717712 44.799004 384.798340
v -519.477783 44.799004 384.798340
v -384.798340 44.799004 -57.719753
v -384.798340 44.799004 -76.959671
v -365.558441 44.799004 -76.959671
v -538.717712 44.799004 -57.719753
v -538.717712 44.799004 -76.959671
v -519.477783 44.799004 -76.959671
v -288.598755 44.799004 -76.959671
v -307.838684 44.799004 -76.959671
v -230.879013 44.799004 -288.598755
v -288.598755 44.799004 -230.879013
v -442.518097 44.799004 384.798340
v -442.518097 44.799004 76.959671
v -250.118927 44.799004 -307.838684
v -269.358856 44.799004 -307.838684
v -519.477783 44.799004 615.677368
v -500.237854 44.799004 615.677368
v -307.838684 44.799004 -96.199585
v -307.838684 44.799004 -115.439507
v -461.758026 44.799004 365.558441
v -461.758026 44.799004 346.318512
v -461.758026 44.799004 519.477783
v -461.758026 44.799004 500.237854
v -461.758026 44.799004 57.719753
v -461.758026 44.799004 38.479836
v -461.758026 44.799004 211.639099
v -461.758026 44.799004 192.399170
v -250.118927 44.799004 -461.758026
v -269.358856 44.799004 -461.758026
v -480.997955 44.799004 0.000000
v -500.237854 44.799004 0.000000
v -480.997955 44.799004 307.838684
v -500.237854 44.799004 307.838684
v -307.838684 44.799004 -173.159256
v -307.838684 44.799004 -192.399170
v -461.758026 44.799004 -19.239918
v -461.758026 44.799004 -38.479836
v -461.758026 44.799004 442.518097
v -461.758026 44.799004 423.278198
v -461.758026 44.799004 596.437439
v -461.758026 44.799004 577.197510
v -480.997955 44.799004 461.758026
v -500.237854 44.799004 461.758026
v -461.758026 44.799004 134.679428
v -461.758026 44.799004 115.439507
v -461.758026 44.799004 288.598755
v -461.758026 44.799004 269.358856
v -480.997955 44.799004 153.919342
v -500.237854 44.799004 153.919342
v -230.879013 44.799004 -404.038269
v -230.879013 44.799004 -423.278198
v -230.879013 44.799004 -327.078613
v -230.879013 44.799004 -346.318512
v -250.118927 44.799004 -384.798340
v -269.358856 44.799004 -384.798340
v -230.879013 44.799004 -557.957642
v -230.879013 44.799004 -577.197510
v -230.879013 44.799004 -480.997955
v -230.879013 44.799004 -500.237854
v -250.118927 44.799004 -538.717712
v -269.358856 44.799004 -538.717712
v -538.717712 44.799004 211.639099
v -538.717712 44.799004 192.399170
v -480.997955 44.799004 230.879013
v -500.237854 44.799004 230.879013
v -538.717712 44.799004 57.719753
v -538.717712 44.799004 38.479836
v -538.717712 44.799004 134.679428
v -538.717712 44.799004 115.439507
v -480.997955 44.799004 76.959671
v -500.237854 44.799004 76.959671
v -480.997955 44.799004 538.717712
v -500.237854 44.799004 538.717712
v -538.717712 44.799004 365.558441
v -538.717712 44.799004 346.318512
v -538.717712 44.799004 442.518097
v -538.717712 44.799004 423.278198
v -480.997955 44.799004 384.798340
v -500.237854 44.799004 384.798340
v -404.038269 44.799004 -76.959671
v -423.278198 44.799004 -76.959671
v -327.078613 44.799004 -76.959671
v -346.318512 44.799004 -76.959671
v -538.717712 44.799004 -19.239918
v -538.717712 44.799004 -38.479836
v -480.997955 44.799004 -76.959671
v -500.237854 44.799004 -76.959671
v -230.879013 44.799004 -250.118927
v -230.879013 44.799004 -269.358856
v -442.518097 44.799004 115.439507
v -442.518097 44.799004 38.479836
v -423.278198 44.799004 404.038269
v -423.278198 44.799004 384.798340
v -423.278198 44.799004 327.078613
v -423.278198 44.799004 307.838684
v -423.278198 44.799004 365.558441
v -423.278198 44.799004 346.318512
v -442.518097 44.799004 346.318512
v -269.358856 44.799004 -211.639099
v -269.358856 44.799004 -230.879013
v -269.358856 44.799004 -173.159256
v -269.358856 44.799004 -192.399170
v -288.598755 44.799004 -192.399170
v -269.358856 44.799004 -288.598755
v -269.358856 44.799004 -250.118927
v -269.358856 44.799004 -269.358856
v -250.118927 44.799004 -269.358856
v -269.358856 44.799004 -134.679428
v -269.358856 44.799004 -153.919342
v -269.358856 44.799004 -96.199585
v -269.358856 44.799004 -115.439507
v -288.598755 44.799004 -115.439507
v -500.237854 44.799004 -57.719753
v -500.237854 44.799004 -19.239918
v -500.237854 44.799004 -38.479836
v -519.477783 44.799004 -38.479836
v -480.997955 44.799004 -38.479836
v -346.318512 44.799004 -57.719753
v -327.078613 44.799004 -38.479836
v -346.318512 44.799004 -38.479836
v -442.518097 44.799004 -38.479836
v -423.278198 44.799004 -96.199585
v -423.278198 44.799004 -115.439507
v -404.038269 44.799004 -115.439507
v -500.237854 44.799004 404.038269
v -500.237854 44.799004 442.518097
v -500.237854 44.799004 423.278198
v -519.477783 44.799004 423.278198
v -480.997955 44.799004 423.278198
v -500.237854 44.799004 557.957642
v -480.997955 44.799004 577.197510
v -500.237854 44.799004 577.197510
v -500.237854 44.799004 96.199585
v -500.237854 44.799004 134.679428
v -500.237854 44.799004 115.439507
v -519.477783 44.799004 115.439507
v -480.997955 44.799004 115.439507
v -500.237854 44.799004 250.118927
v -500.237854 44.799004 288.598755
v -500.237854 44.799004 269.358856
v -480.997955 44.799004 269.358856
v -423.278198 44.799004 288.598755
v -423.278198 44.799004 269.358856
v -442.518097 44.799004 269.358856
v -442.518097 44.799004 192.399170
v -192.399170 44.799004 -519.477783
v -192.399170 44.799004 -538.717712
v -192.399170 44.799004 -480.997955
v -192.399170 44.799004 -500.237854
v -211.639099 44.799004 -500.237854
v -269.358856 44.799004 -519.477783
v -269.358856 44.799004 -480.997955
v -269.358856 44.799004 -500.237854
v -250.118927 44.799004 -500.237854
v -211.639099 44.799004 -346.318512
v -269.358856 44.799004 -365.558441
v -269.358856 44.799004 -327.078613
v -269.358856 44.799004 -346.318512
v -250.118927 44.799004 -346.318512
v -269.358856 44.799004 -442.518097
v -269.358856 44.799004 -404.038269
v -269.358856 44.799004 -423.278198
v -250.118927 44.799004 -423.278198
v -211.639099 44.799004 -423.278198
v -192.399170 44.799004 -557.957642
v -192.399170 44.799004 -577.197510
v -211.639099 44.799004 -577.197510
v -500.237854 44.799004 173.159256
v -500.237854 44.799004 211.639099
v -500.237854 44.799004 192.399170
v -519.477783 44.799004 192.399170
v -480.997955 44.799004 192.399170
v -500.237854 44.799004 19.239918
v -500.237854 44.799004 57.719753
v -500.237854 44.799004 38.479836
v -519.477783 44.799004 38.479836
v -480.997955 44.799004 38.479836
v -500.237854 44.799004 480.997955
v -500.237854 44.799004 519.477783
v -500.237854 44.799004 500.237854
v -519.477783 44.799004 500.237854
v -538.717712 44.799004 500.237854
v -480.997955 44.799004 500.237854
v -500.237854 44.799004 365.558441
v -500.237854 44.799004 346.318512
v -519.477783 44.799004 346.318512
v -480.997955 44.799004 346.318512
v -211.639099 44.799004 -269.358856
v -288.598755 44.799004 -307.838684
v -519.477783 44.799004 307.838684
v -192.399170 44.799004 -461.758026
v -519.477783 44.799004 230.879013
v -519.477783 44.799004 538.717712
v -269.358856 44.799004 -76.959671
v -307.838684 44.799004 -250.118927
v -442.518097 44.799004 615.677368
v -384.798340 44.799004 -96.199585
v -557.957642 44.799004 -76.959671
v -288.598755 44.799004 -269.358856
v -500.237854 44.799004 596.437439
v -519.477783 44.799004 577.197510
v -519.477783 44.799004 269.358856
v -269.358856 44.799004 -557.957642
v -250.118927 44.799004 -577.197510
v -288.598755 44.799004 -346.318512
v -192.399170 44.799004 -596.437439
v -500.237854 44.799004 327.078613
v -346.318512 44.799004 -96.199585
v -211.639099 44.799004 -250.118927
v -211.639099 44.799004 -288.598755
v -327.078613 44.799004 -96.199585
v -365.558441 44.799004 -96.199585
v -480.997955 44.799004 365.558441
v -519.477783 44.799004 365.558441
v -519.477783 44.799004 327.078613
v -480.997955 44.799004 519.477783
v -519.477783 44.799004 519.477783
v -519.477783 44.799004 480.997955
v -480.997955 44.799004 57.719753
v -519.477783 44.799004 57.719753
v -519.477783 44.799004 19.239918
v -480.997955 44.799004 211.639099
v -519.477783 44.799004 211.639099
v -519.477783 44.799004 173.159256
v -211.639099 44.799004 -557.957642
v -211.639099 44.799004 -404.038269
v -211.639099 44.799004 -442.518097
v -250.118927 44.799004 -404.038269
v -250.118927 44.799004 -327.078613
v -288.598755 44.799004 -327.078613
v -211.639099 44.799004 -327.078613
v -211.639099 44.799004 -365.558441
v -250.118927 44.799004 -557.957642
v -250.118927 44.799004 -480.997955
v -211.639099 44.799004 -480.997955
v -211.639099 44.799004 -519.477783
v -442.518097 44.799004 211.639099
v -442.518097 44.799004 173.159256
v -442.518097 44.799004 288.598755
v -442.518097 44.799004 250.118927
v -480.997955 44.799004 288.598755
v -519.477783 44.799004 288.598755
v -519.477783 44.799004 250.118927
v -480.997955 44.799004 134.679428
v -519.477783 44.799004 134.679428
v -519.477783 44.799004 96.199585
v -442.518097 44.799004 596.437439
v -480.997955 44.799004 596.437439
v -519.477783 44.799004 596.437439
v -519.477783 44.799004 557.957642
v -480.997955 44.799004 442.518097
v -519.477783 44.799004 442.518097
v -519.477783 44.799004 404.038269
v -404.038269 44.799004 -96.199585
v -442.518097 44.799004 -19.239918
v -365.558441 44.799004 -57.719753
v -480.997955 44.799004 -19.239918
v -519.477783 44.799004 -19.239918
v -519.477783 44.799004 -57.719753
v -288.598755 44.799004 -96.199585
v -288.598755 44.799004 -134.679428
v -250.118927 44.799004 -250.118927
v -288.598755 44.799004 -250.118927
v -288.598755 44.799004 -288.598755
v -288.598755 44.799004 -173.159256
v -288.598755 44.799004 -211.639099
v -442.518097 44.799004 365.558441
v -442.518097 44.799004 327.078613
v -442.518097 44.799004 57.719753
v -442.518097 44.799004 19.239918
v -442.518097 44.799004 134.679428
v -442.518097 44.799004 96.199585
v -250.118927 44.799004 -288.598755
v -480.997955 44.799004 -57.719753
v -327.078613 44.799004 -57.719753
v -404.038269 44.799004 -57.719753
v -480.997955 44.799004 404.038269
v -480.997955 44.799004 557.957642
v -480.997955 44.799004 96.199585
v -480.997955 44.799004 250.118927
v -250.118927 44.799004 -519.477783
v -250.118927 44.799004 -365.558441
v -250.118927 44.799004 -442.518097
v -480.997955 44.799004 173.159256
v -480.997955 44.799004 19.239918
v -480.997955 44.799004 480.997955
v -480.997955 44.799004 327.078613
v 538.717712 67.801804 -557.957642
v 538.717712 67.801804 -577.197510
v 538.717712 67.801804 -480.997955
v 538.717712 67.801804 -500.237854
v 596.437439 67.801804 -538.717712
v 577.197510 67.801804 -538.717712
v 577.197510 67.801804 -519.477783
v 577.197510 67.801804 -480.997955
v 577.197510 67.801804 -500.237854
v 557.957642 67.801804 -500.237854
v 596.437439 67.801804 -500.237854
v 577.197510 67.801804 134.679428
v 577.197510 67.801804 115.439507
v 557.957642 67.801804 115.439507
v 596.437439 67.801804 115.439507
v 500.237854 67.801804 96.199585
v 500.237854 67.801804 134.679428
v 500.237854 67.801804 115.439507
v 519.477783 67.801804 115.439507
v 500.237854 67.801804 57.719753
v 500.237854 67.801804 38.479836
v 519.477783 67.801804 38.479836
v 577.197510 67.801804 404.038269
v 577.197510 67.801804 442.518097
v 577.197510 67.801804 423.278198
v 557.957642 67.801804 423.278198
v 538.717712 67.801804 423.278198
v 596.437439 67.801804 423.278198
v 500.237854 67.801804 404.038269
v 500.237854 67.801804 442.518097
v 500.237854 67.801804 423.278198
v 519.477783 67.801804 423.278198
v 500.237854 67.801804 327.078613
v 500.237854 67.801804 365.558441
v 500.237854 67.801804 346.318512
v 519.477783 67.801804 346.318512
v 577.197510 67.801804 -211.639099
v 577.197510 67.801804 -173.159256
v 577.197510 67.801804 -192.399170
v 557.957642 67.801804 -192.399170
v 596.437439 67.801804 -192.399170
v 500.237854 67.801804 -173.159256
v 500.237854 67.801804 -192.399170
v 577.197510 67.801804 -57.719753
v 577.197510 67.801804 -19.239918
v 577.197510 67.801804 -38.479836
v 557.957642 67.801804 -38.479836
v 596.437439 67.801804 -38.479836
v 500.237854 67.801804 -57.719753
v 500.237854 67.801804 -19.239918
v 500.237854 67.801804 -38.479836
v 519.477783 67.801804 -38.479836
v 500.237854 67.801804 -96.199585
v 500.237854 67.801804 -115.439507
v 519.477783 67.801804 -115.439507
v 423.278198 67.801804 557.957642
v 442.518097 67.801804 577.197510
v 423.278198 67.801804 577.197510
v 346.318512 67.801804 557.957642
v 327.078613 67.801804 577.197510
v 307.838684 67.801804 577.197510
v 365.558441 67.801804 577.197510
v 346.318512 67.801804 577.197510
v 346.318512 67.801804 519.477783
v 346.318512 67.801804 500.237854
v 327.078613 67.801804 500.237854
v 365.558441 67.801804 500.237854
v 500.237854 67.801804 557.957642
v 480.997955 67.801804 577.197510
v 461.758026 67.801804 577.197510
v 500.237854 67.801804 480.997955
v 500.237854 67.801804 519.477783
v 500.237854 67.801804 500.237854
v 480.997955 67.801804 500.237854
v 519.477783 67.801804 500.237854
v 115.439507 67.801804 557.957642
v 96.199585 67.801804 577.197510
v 76.959671 67.801804 577.197510
v 134.679428 67.801804 577.197510
v 115.439507 67.801804 577.197510
v 38.479836 67.801804 557.957642
v 57.719753 67.801804 577.197510
v 38.479836 67.801804 577.197510
v 38.479836 67.801804 519.477783
v 38.479836 67.801804 500.237854
v 57.719753 67.801804 500.237854
v 269.358856 67.801804 557.957642
v 250.118927 67.801804 577.197510
v 230.879013 67.801804 577.197510
v 288.598755 67.801804 577.197510
v 269.358856 67.801804 577.197510
v 192.399170 67.801804 557.957642
v 173.159256 67.801804 577.197510
v 153.919342 67.801804 577.197510
v 211.639099 67.801804 577.197510
v 192.399170 67.801804 577.197510
v 577.197510 67.801804 250.118927
v 577.197510 67.801804 288.598755
v 577.197510 67.801804 269.358856
v 557.957642 67.801804 269.358856
v 596.437439 67.801804 269.358856
v 500.237854 67.801804 250.118927
v 500.237854 67.801804 288.598755
v 500.237854 67.801804 269.358856
v 519.477783 67.801804 269.358856
v 500.237854 67.801804 173.159256
v 500.237854 67.801804 211.639099
v 500.237854 67.801804 192.399170
v 519.477783 67.801804 192.399170
v 577.197510 67.801804 -365.558441
v 577.197510 67.801804 -327.078613
v 577.197510 67.801804 -346.318512
v 557.957642 67.801804 -346.318512
v 596.437439 67.801804 -346.318512
v 577.197510 67.801804 -442.518097
v 577.197510 67.801804 -404.038269
v 577.197510 67.801804 -423.278198
v 557.957642 67.801804 -423.278198
v 538.717712 67.801804 -423.278198
v 596.437439 67.801804 -423.278198
v 577.197510 67.801804 173.159256
v 577.197510 67.801804 211.639099
v 577.197510 67.801804 192.399170
v 557.957642 67.801804 192.399170
v 538.717712 67.801804 192.399170
v 596.437439 67.801804 192.399170
v 269.358856 67.801804 519.477783
v 269.358856 67.801804 500.237854
v 250.118927 67.801804 500.237854
v 288.598755 67.801804 500.237854
v 115.439507 67.801804 519.477783
v 115.439507 67.801804 500.237854
v 96.199585 67.801804 500.237854
v 423.278198 67.801804 519.477783
v 423.278198 67.801804 500.237854
v 404.038269 67.801804 500.237854
v 442.518097 67.801804 500.237854
v 577.197510 67.801804 -134.679428
v 577.197510 67.801804 -153.919342
v 577.197510 67.801804 -96.199585
v 577.197510 67.801804 -115.439507
v 557.957642 67.801804 -115.439507
v 596.437439 67.801804 -115.439507
v 577.197510 67.801804 -288.598755
v 577.197510 67.801804 -250.118927
v 577.197510 67.801804 -269.358856
v 557.957642 67.801804 -269.358856
v 596.437439 67.801804 -269.358856
v 577.197510 67.801804 327.078613
v 577.197510 67.801804 365.558441
v 577.197510 67.801804 346.318512
v 557.957642 67.801804 346.318512
v 596.437439 67.801804 346.318512
v 577.197510 67.801804 19.239918
v 577.197510 67.801804 57.719753
v 577.197510 67.801804 38.479836
v 557.957642 67.801804 38.479836
v 596.437439 67.801804 38.479836
v 557.957642 67.801804 -577.197510
v 461.758026 67.801804 480.997955
v 615.677368 67.801804 -192.399170
v 577.197510 67.801804 461.758026
v 19.239918 67.801804 538.717712
v 384.798340 67.801804 577.197510
v 404.038269 67.801804 538.717712
v 538.717712 67.801804 -596.437439
v 538.717712 67.801804 -519.477783
v 519.477783 67.801804 -307.838684
v 153.919342 67.801804 519.477783
v 519.477783 67.801804 -461.758026
v 538.717712 67.801804 -404.038269
v 519.477783 67.801804 -384.798340
v 538.717712 67.801804 211.639099
v 519.477783 67.801804 -230.879013
v 538.717712 67.801804 442.518097
v 519.477783 67.801804 -538.717712
v 519.477783 67.801804 -500.237854
v 519.477783 67.801804 -577.197510
v 577.197510 67.801804 96.199585
v 500.237854 67.801804 19.239918
v 519.477783 67.801804 -192.399170
v 519.477783 67.801804 -269.358856
v 500.237854 67.801804 -134.679428
v 500.237854 67.801804 577.197510
v 19.239918 67.801804 577.197510
v 19.239918 67.801804 500.237854
v 192.399170 67.801804 519.477783
v 211.639099 67.801804 500.237854
v 519.477783 67.801804 -346.318512
v 519.477783 67.801804 -423.278198
v 577.197510 67.801804 -557.957642
v 577.197510 67.801804 -577.197510
v 596.437439 67.801804 -557.957642
v 557.957642 67.801804 -557.957642
v 596.437439 67.801804 57.719753
v 557.957642 67.801804 57.719753
v 557.957642 67.801804 19.239918
v 596.437439 67.801804 365.558441
v 557.957642 67.801804 365.558441
v 557.957642 67.801804 327.078613
v 596.437439 67.801804 -250.118927
v 557.957642 67.801804 -250.118927
v 557.957642 67.801804 -288.598755
v 596.437439 67.801804 -96.199585
v 557.957642 67.801804 -96.199585
v 557.957642 67.801804 -134.679428
v 442.518097 67.801804 519.477783
v 404.038269 67.801804 519.477783
v 134.679428 67.801804 519.477783
v 96.199585 67.801804 519.477783
v 288.598755 67.801804 519.477783
v 250.118927 67.801804 519.477783
v 596.437439 67.801804 211.639099
v 557.957642 67.801804 211.639099
v 557.957642 67.801804 173.159256
v 596.437439 67.801804 -404.038269
v 557.957642 67.801804 -404.038269
v 557.957642 67.801804 -442.518097
v 519.477783 67.801804 -404.038269
v 519.477783 67.801804 -327.078613
v 596.437439 67.801804 -327.078613
v 557.957642 67.801804 -327.078613
v 557.957642 67.801804 -365.558441
v 519.477783 67.801804 211.639099
v 519.477783 67.801804 288.598755
v 596.437439 67.801804 288.598755
v 557.957642 67.801804 288.598755
v 557.957642 67.801804 250.118927
v 211.639099 67.801804 519.477783
v 173.159256 67.801804 519.477783
v 173.159256 67.801804 557.957642
v 250.118927 67.801804 557.957642
v 57.719753 67.801804 519.477783
v 19.239918 67.801804 519.477783
v 19.239918 67.801804 557.957642
v 96.199585 67.801804 557.957642
v 519.477783 67.801804 519.477783
v 480.997955 67.801804 519.477783
v 480.997955 67.801804 480.997955
v 480.997955 67.801804 557.957642
v 365.558441 67.801804 519.477783
v 327.078613 67.801804 519.477783
v 327.078613 67.801804 557.957642
v 404.038269 67.801804 557.957642
v 519.477783 67.801804 -96.199585
v 519.477783 67.801804 -19.239918
v 596.437439 67.801804 -19.239918
v 557.957642 67.801804 -19.239918
v 557.957642 67.801804 -57.719753
v 519.477783 67.801804 -250.118927
v 519.477783 67.801804 -173.159256
v 596.437439 67.801804 -173.159256
v 557.957642 67.801804 -173.159256
v 557.957642 67.801804 -211.639099
v 519.477783 67.801804 365.558441
v 519.477783 67.801804 442.518097
v 596.437439 67.801804 442.518097
v 557.957642 67.801804 442.518097
v 557.957642 67.801804 404.038269
v 519.477783 67.801804 57.719753
v 519.477783 67.801804 134.679428
v 596.437439 67.801804 134.679428
v 557.957642 67.801804 134.679428
v 557.957642 67.801804 96.199585
v 519.477783 67.801804 -557.957642
v 519.477783 67.801804 -480.997955
v 596.437439 67.801804 -480.997955
v 557.957642 67.801804 -480.997955
v 557.957642 67.801804 -519.477783
v 596.437439 67.801804 -519.477783
v 519.477783 67.801804 -519.477783
v 519.477783 67.801804 -596.437439
v 596.437439 67.801804 96.199585
v 519.477783 67.801804 96.199585
v 519.477783 67.801804 19.239918
v 596.437439 67.801804 404.038269
v 519.477783 67.801804 404.038269
v 519.477783 67.801804 327.078613
v 596.437439 67.801804 -211.639099
v 519.477783 67.801804 -211.639099
v 519.477783 67.801804 -288.598755
v 596.437439 67.801804 -57.719753
v 519.477783 67.801804 -57.719753
v 519.477783 67.801804 -134.679428
v 442.518097 67.801804 557.957642
v 365.558441 67.801804 557.957642
v 519.477783 67.801804 557.957642
v 519.477783 67.801804 480.997955
v 134.679428 67.801804 557.957642
v 57.719753 67.801804 557.957642
v 288.598755 67.801804 557.957642
v 211.639099 67.801804 557.957642
v 596.437439 67.801804 250.118927
v 519.477783 67.801804 250.118927
v 519.477783 67.801804 173.159256
v 596.437439 67.801804 -365.558441
v 519.477783 67.801804 -365.558441
v 519.477783 67.801804 -442.518097
v 596.437439 67.801804 -442.518097
v 596.437439 67.801804 173.159256
v 442.518097 67.801804 480.997955
v 596.437439 67.801804 -134.679428
v 596.437439 67.801804 -288.598755
v 596.437439 67.801804 327.078613
v 596.437439 67.801804 19.239918
v 14.111011 61.151512 -615.307617
v -4.065500 61.657520 -614.612549
v -6.658149 59.249363 -597.943481
v 326.925964 64.556946 -611.281067
v 307.686035 64.556946 -611.281067
v 307.686035 64.556946 -592.041138
v 173.007767 64.554184 -611.283386
v 152.858627 63.793694 -612.153870
v -134.832062 64.556946 -611.281067
v -154.071991 64.556946 -611.281067
v 480.845306 64.556946 -611.281067
v 461.605408 64.556946 -611.281067
v 152.509354 62.097668 -594.539124
v 461.605408 64.556946 -592.041138
v 89.806808 60.588936 -616.104675
v 69.115471 59.666000 -617.226562
v 403.885651 64.556946 -611.281067
v 384.645721 64.556946 -611.281067
v 249.966293 64.556946 -611.281067
v 230.815750 64.424355 -611.425537
v -57.989082 64.413376 -611.422974
v -77.113937 64.554932 -611.283020
v 384.645721 64.556946 -592.041138
v 65.665001 57.416290 -600.695374
v 231.861923 62.872395 -593.877686
v 50.099041 59.806816 -617.054810
v 32.177944 60.560001 -616.099121
v 211.509613 64.522583 -611.318481
v 192.246536 64.556946 -611.281067
v -96.352219 64.556946 -611.281067
v -115.592140 64.556946 -611.281067
v 131.076340 62.284115 -614.020630
v 110.466217 61.491558 -615.007446
v -173.311905 64.556946 -611.281067
v -192.551819 64.556946 -611.281067
v 442.365479 64.556946 -611.281067
v 423.125580 64.556946 -611.281067
v 288.446136 64.556946 -611.281067
v 269.206207 64.556946 -611.281067
v -20.846752 63.237099 -612.699951
v -39.015339 64.085907 -611.746826
v 192.747528 63.711281 -592.896118
v 27.892021 57.359711 -600.526611
v 346.165894 64.556946 -592.041138
v 346.165894 64.556946 -611.281067
v 423.125580 64.556946 -592.041138
v 107.254128 58.810600 -598.837463
v 269.397919 64.272537 -592.351196
v 365.405823 64.556946 -611.281067
v -82.647163 64.555511 -611.282532
v 250.544708 63.698887 -592.976624
v 86.389290 58.248497 -599.660278
v 403.885651 64.556946 -592.041138
v 326.925964 64.556946 -592.041138
v 9.633252 57.692543 -599.985352
v 173.219681 63.597694 -592.921082
v 480.845306 64.556946 -592.041138
v 212.373016 63.233135 -593.478760
v 46.260296 57.096886 -600.982910
v 365.405823 64.556946 -592.041138
v 442.365479 64.556946 -592.041138
v 130.237427 60.492142 -596.586304
v 288.455841 64.542549 -592.056824
v -22.986982 61.108627 -595.687134
v -142.483490 39.739338 26.612398
v -142.483490 29.830229 7.372481
v -142.483490 39.739338 65.092239
v -142.483490 39.739338 45.852318
v -142.483490 39.739338 101.871033
v -143.859238 27.357405 5.009344
v -145.789505 26.069130 99.777634
v -146.415543 23.132807 23.921139
v -146.415543 20.191816 43.161057
v -145.770340 21.144325 63.000118
v -229.941833 36.138016 28.757038
v -229.941833 26.228910 9.517118
v -229.941833 36.138016 67.236870
v -229.941833 36.138016 47.996956
v -229.941833 36.138016 104.015678
v -231.317596 23.756086 7.153982
v -233.247879 22.467812 101.922264
v -233.873917 19.531483 26.065777
v -233.873917 16.590492 45.305695
v -233.228699 17.543005 65.144753
v -340.011505 24.828131 24.241037
v -340.011505 14.919025 5.001116
v -340.011505 24.828131 62.720871
v -340.011505 24.828131 43.480953
v -340.011505 24.828131 99.499680
v -341.387268 12.446200 2.637979
v -343.317535 11.157926 97.406265
v -343.943573 8.221597 21.549776
v -343.943573 5.280608 40.789692
v -343.298370 6.233121 60.628754
vn 0.0000 1.0000 0.0000
vn -0.0134 -0.0820 0.9965
vn -0.0108 0.9920 0.1258
vn 0.1143 0.9903 -0.0785
vn -0.0494 0.9983 -0.0305
vn 0.0000 -0.0820 0.9966
vn 0.3498 0.9218 -0.1672
vn 1.0000 0.0000 0.0000
vn -0.0287 0.9970 -0.0715
vn -0.4102 0.9120 -0.0008
vn -0.0509 0.9987 0.0075
vn -0.1296 0.9800 0.1509
vn 0.0352 0.9993 -0.0142
vn 0.0000 0.9425 0.3341
vn 0.0230 0.9997 0.0090
vn 0.1748 0.9711 -0.1628
vn 0.1041 0.9938 0.0399
vn -0.0382 0.9989 -0.0265
vn 0.0000 0.0000 -1.0000
vn 0.0000 0.0000 1.0000
vn -0.2617 0.9462 0.1904
vn -0.2127 0.9757 -0.0533
vn -0.0469 0.9989 0.0000
vn 1.0000 0.0029 0.0000
vn -0.0188 0.9992 0.0344
vn 0.1284 0.9917 0.0113
vn 0.0787 0.9942 -0.0739
vn -0.0110 0.9931 -0.1167
vn 0.0852 0.9964 -0.0024
vn 0.0066 1.0000 0.0066
vn -0.0356 0.9838 -0.1757
vn -0.0690 0.9976 0.0000
vn 0.0981 0.9903 -0.0981
vn -1.0000 0.0000 0.0000
vn 0.1653 0.9652 -0.2029
vn -0.0864 0.9807 0.1756
vn 0.0671 0.9613 -0.2671
vn -0.1215 0.9423 0.3119
vn 0.0294 0.9961 -0.0826
vn 0.1223 0.9884 -0.0896
vn 0.0890 0.9897 -0.1125
vn 0.0896 0.9926 0.0814
vn 0.0604 0.9963 -0.0604
vn -0.2112 0.9718 -0.1045
vn 0.0236 -0.0819 0.9964
vn -0.0084 0.9985 0.0540
vn 0.0256 0.9933 0.1125
vn 0.4227 0.9062 -0.0102
vn 0.5006 0.8422 0.2003
vn -0.2244 0.9713 -0.0784
vn 0.0542 0.9895 -0.1338
vn -0.4270 0.9042 -0.0000
vn -0.1356 0.9889 -0.0606
vn -0.1677 0.9707 -0.1722
vn 0.0803 0.9968 0.0000
vn -0.0014 0.9618 -0.2739
vn 0.0000 0.0820 -0.9966
vn -0.0663 0.9741 0.2160
vn -0.1850 0.9533 0.2389
vn 0.0200 0.9985 -0.0506
vn 0.0061 0.9998 -0.0196
vn -0.0007 1.0000 -0.0007
vn -0.2857 0.9527 -0.1040
vn -0.0670 0.9830 -0.1707
vn 0.0682 0.9934 -0.0917
vn 0.0014 0.9963 -0.0863
vn -0.3543 0.9349 0.0198
vn 0.0423 -0.9980 0.0465
vn -0.2355 -0.1319 0.9629
vn 0.1733 0.8887 0.4244
vn 0.0118 0.9994 0.0332
vn 0.1600 0.9747 0.1558
vn 0.1176 0.9928 0.0219
vn 0.0925 0.9895 0.1108
vn 0.0422 0.9943 0.0981
vn 0.0209 0.9991 0.0358
vn 0.0570 0.9961 0.0669
vn 0.1335 0.9872 0.0872
vn 0.1695 0.9804 0.1003
vn 0.0034 1.0000 0.0033
vn 0.0979 0.9942 0.0449
vn 0.1249 0.8697 0.4776
vn 0.0000 0.9612 0.2758
vn 0.0351 0.9988 0.0352
vn 0.3148 0.9413 -0.1217
vn 0.3346 0.9423 0.0000
vn -0.0375 0.9972 0.0644
vn 0.1961 0.9786 0.0619
vn 0.2216 0.9665 -0.1297
vn -0.0014 0.9963 -0.0864
vn -0.0015 0.9999 -0.0126
vn -0.0129 0.9995 -0.0285
vn -0.1203 0.9600 -0.2527
vn 0.0031 1.0000 -0.0042
vn 0.0015 0.9999 -0.0127
vn 0.0126 0.9924 0.1224
vn -0.2804 0.9599 0.0000
vn 0.1571 0.9876 0.0000
vn 0.0626 0.9749 -0.2135
vn 0.0000 0.9771 -0.2127
vn -0.0920 0.9944 -0.0515
vn -0.1425 0.9898 0.0000
vn -0.1795 0.9836 -0.0177
vn -0.2411 0.9705 0.0000
vn -0.0063 0.9999 -0.0146
vn 0.0008 1.0000 -0.0008
vn 0.0681 0.9973 -0.0286
vn 0.0206 0.9985 -0.0508
vn 0.0245 0.9975 -0.0664
vn -0.0940 0.9646 0.2463
vn -0.1020 0.9780 0.1819
vn -0.1901 0.9630 0.1911
vn 0.0149 0.9819 0.1887
vn 0.0292 0.9996 0.0002
vn 0.0101 0.9988 0.0477
vn -0.0030 0.9988 0.0490
vn -0.0089 0.9530 0.3027
vn -0.0228 0.9658 0.2582
vn 0.2142 0.9760 -0.0391
vn 0.1145 0.9525 0.2821
vn -0.2977 0.9488 0.1054
vn 0.2247 0.9500 0.2166
vn -0.0074 0.9999 -0.0074
vn 0.0041 1.0000 0.0041
vn -0.0078 0.9999 0.0064
vn -0.0158 0.9999 0.0001
vn -0.2512 0.7835 -0.5684
vn 0.2312 0.9464 0.2255
vn -0.3170 0.9074 0.2760
vn -0.0805 0.9374 -0.3389
vn -0.1511 0.9757 -0.1586
vn -0.3243 0.9444 -0.0550
vn 0.0000 0.9630 0.2695
vn 0.1318 0.9913 -0.0006
vn 0.1196 0.8170 -0.5640
vn -0.2028 0.8165 -0.5405
vn -0.0066 0.9965 -0.0834
vn -0.0076 1.0000 -0.0045
vn 0.0004 1.0000 -0.0004
vn 0.1440 0.9537 -0.2640
vn 0.0541 0.9936 -0.0988
vn -0.1464 0.9866 0.0713
vn -0.2218 0.9679 -0.1178
vn -0.0999 0.9950 -0.0091
vn 0.0043 1.0000 0.0043
vn 0.0839 0.9965 0.0000
vn 0.2208 0.9747 -0.0351
vn 0.4592 0.8850 -0.0769
vn -0.0389 0.9971 0.0651
vn -0.0137 0.9995 0.0274
vn 0.0430 0.9989 -0.0196
vn 0.0353 0.9993 0.0153
vn -0.0098 0.9990 -0.0428
vn 0.0486 0.9987 0.0172
vn 0.0678 0.9828 0.1716
vn -0.0266 0.9898 0.1401
vn -0.0578 0.9962 -0.0656
vn -0.0730 0.9811 -0.1790
vn -0.1358 0.9814 -0.1358
vn 0.1089 0.9900 -0.0900
vn 0.0650 0.9893 -0.1304
vn 0.0708 0.9823 -0.1737
vn 0.0807 0.9966 0.0154
vn 0.0991 0.9951 -0.0011
vn 0.0760 0.9959 -0.0494
vn 0.1658 0.9782 -0.1249
vn 0.1342 0.9858 -0.1011
vn 0.4626 0.8859 -0.0343
vn -0.1464 0.9865 -0.0741
vn -0.0765 0.9966 -0.0307
vn 0.0202 0.9996 -0.0195
vn 0.0510 0.9907 -0.1265
vn -0.0590 0.9857 -0.1579
vn 0.0570 0.9773 -0.2041
vn 0.0000 0.9890 -0.1480
vn 0.0518 0.9939 -0.0972
vn -0.0420 0.9960 -0.0789
vn 0.1286 0.8953 -0.4265
vn 0.0000 0.9238 -0.3829
vn 0.0186 0.9997 0.0183
vn -0.1159 0.8480 -0.5172
vn 0.0096 0.9903 -0.1387
vn 0.0302 0.9980 -0.0555
vn -0.0212 0.9996 -0.0212
vn -0.0204 0.9996 0.0204
vn 0.1462 0.9859 -0.0810
vn 0.0026 0.9984 0.0572
vn 0.0069 1.0000 0.0069
vn 0.1063 0.9285 0.3558
vn -0.0085 0.9999 0.0085
vn 0.1242 0.9849 -0.1209
vn 0.0922 0.9669 0.2377
vn 0.0933 0.9746 0.2036
vn -0.0923 0.9947 -0.0461
vn -0.0008 1.0000 -0.0008
vn -0.3065 0.9496 -0.0650
vn -0.1309 0.9914 0.0018
vn -0.1375 0.9905 0.0000
vn -0.0716 0.9817 -0.1763
vn -0.0076 0.9999 -0.0076
vn -0.1104 0.9882 -0.1062
vn 0.1735 0.9692 0.1748
vn 0.0533 0.9984 0.0208
vn 0.0007 1.0000 -0.0003
vn 0.0565 0.9984 -0.0086
vn -0.0641 0.9955 -0.0694
vn -0.0528 0.9952 -0.0821
vn -0.0076 0.9978 -0.0661
vn 0.1758 0.9825 -0.0621
vn 0.0872 0.9950 -0.0492
vn 0.0565 0.9934 -0.0998
vn 0.1469 0.9877 0.0539
vn 0.1661 0.9861 -0.0053
vn 0.0721 0.9974 0.0000
vn -0.0044 1.0000 0.0044
vn -0.0830 0.9878 0.1315
vn -0.1671 0.9524 0.2551
vn -0.1504 0.9860 0.0722
vn -0.0012 1.0000 0.0012
vn -0.1290 0.9916 -0.0030
vn -0.1073 0.9933 -0.0437
vn -0.0114 0.9999 -0.0081
vn -0.0512 0.9913 -0.1213
vn -0.0639 0.9584 0.2781
vn -0.0835 0.9915 -0.1000
vn -0.1951 0.9586 0.2073
vn -0.1429 0.9878 0.0617
vn -0.2561 0.9661 0.0331
vn -0.1046 0.9918 0.0737
vn -0.1544 0.9874 0.0349
vn -0.0116 0.9999 0.0083
vn 0.0069 0.0820 -0.9966
vn 0.0047 0.9987 -0.0499
vn -0.0319 0.9989 -0.0347
vn 0.0159 0.9998 -0.0149
vn 0.0007 1.0000 0.0007
vn 0.0003 1.0000 -0.0003
vn 0.1111 0.9932 -0.0340
vn 0.0000 0.9807 -0.1957
vn 0.1887 0.9820 0.0064
vn -0.3568 0.9342 0.0000
vn 0.1077 0.9887 -0.1042
vn 0.3979 0.9171 0.0266
vn 0.1217 0.9923 -0.0226
vn 0.0093 0.9999 -0.0051
vn 0.0682 0.9975 0.0201
vn 0.1558 0.9816 -0.1104
vn -0.0015 0.9996 -0.0270
vn -0.0928 0.9871 0.1304
vn -0.0397 0.9990 -0.0202
vn -0.1795 0.9820 -0.0591
vn -0.0358 0.0818 -0.9960
vn -0.0548 0.9869 0.1517
vn -0.0346 0.9664 0.2547
vn 0.0885 0.9924 0.0856
vn 0.0610 0.9933 -0.0981
vn -0.3900 0.8208 -0.4172
vn -0.0555 0.9890 -0.1370
vn -0.0004 1.0000 -0.0004
vn -0.1481 0.9890 0.0000
vn -0.0067 1.0000 -0.0067
vn -0.0529 0.9972 -0.0530
vn 0.1486 0.9889 -0.0083
vn 0.2960 0.8421 0.4508
vn 0.1659 0.9252 0.3413
vn -0.0787 0.9780 0.1930
vn -0.0929 0.9901 0.1055
vn -0.0208 0.9986 -0.0492
vn -0.0242 0.9979 -0.0594
vn -0.0196 0.9988 -0.0459
vn 0.0898 0.9928 0.0791
vn -0.0737 0.9922 -0.1010
vn 0.2760 0.9611 0.0000
vn 0.0298 0.9968 0.0740
vn 0.0837 0.9867 0.1392
vn 0.1589 0.9687 0.1910
vn 0.1467 0.9740 0.1727
vn 0.1388 0.9846 0.1067
vn 0.1505 0.9838 0.0972
vn 0.0879 0.9925 0.0848
vn 0.1244 0.9882 0.0894
vn 0.1100 0.9889 0.0996
vn 0.0197 0.9986 0.0492
vn 0.0418 0.9943 0.0980
vn 0.0558 0.9910 0.1219
vn 0.1556 0.9755 0.1556
vn 0.0000 0.9258 0.3781
vn 0.2433 0.9699 0.0000
vn -0.0115 0.9683 -0.2494
vn -0.1932 0.9620 -0.1932
vn 0.0002 0.9925 -0.1222
vn 0.0002 0.9968 0.0803
vn -0.0026 0.9966 0.0820
vn 0.0555 0.9985 0.0000
vn 0.0565 0.9984 -0.0010
vn -0.0549 0.9972 -0.0506
vn 0.0721 0.9930 0.0932
vn 0.1440 0.9786 0.1472
vn -0.0221 0.9983 -0.0542
vn -0.0130 0.9994 -0.0322
vn -0.0079 0.9998 -0.0196
vn 0.0000 0.9979 -0.0642
vn 0.0000 0.9988 -0.0494
vn -0.0174 0.9989 -0.0429
vn -0.0000 0.9989 -0.0477
vn 0.0000 0.9980 -0.0636
vn -0.0252 0.9978 -0.0618
vn -0.0672 0.9827 0.1724
vn -0.1230 0.9698 0.2108
vn -0.1618 0.9746 0.1548
vn -0.1081 0.9697 0.2189
vn -0.1188 0.9668 0.2263
vn -0.0754 0.9678 0.2400
vn 0.0189 -0.0819 0.9965
vn -0.0718 0.9834 0.1669
vn -0.0505 0.9909 0.1249
vn 0.3545 0.7941 0.4938
vn 0.2295 0.9691 0.0899
vn 0.0754 0.9952 -0.0622
vn 0.1608 0.9738 0.1608
vn 0.3079 0.9445 0.1147
vn 0.3065 0.9339 0.1841
vn 0.0181 0.9998 -0.0118
vn 0.0072 1.0000 0.0009
vn 0.1739 0.9847 0.0091
vn -0.0041 1.0000 -0.0029
vn -0.0323 0.9990 0.0323
vn -0.0006 1.0000 0.0006
vn -0.0366 0.9953 -0.0901
vn -0.0188 0.9990 -0.0406
vn -0.0106 0.9998 -0.0188
vn -0.2605 0.9296 -0.2605
vn -0.6563 0.7545 0.0000
vn -0.6008 0.7674 -0.2239
vn -0.0797 0.9947 -0.0654
vn -0.0000 1.0000 -0.0008
vn -0.0000 0.9891 -0.1470
vn -0.0000 0.9972 -0.0750
vn -0.0235 0.9982 -0.0549
vn -0.3283 0.8351 -0.4415
vn -0.4081 0.8756 -0.2586
vn -0.5260 0.8483 0.0601
vn 0.3920 0.9070 -0.1540
vn 0.3902 0.9202 -0.0323
vn -0.0061 0.9517 -0.3069
vn 0.3386 0.9404 0.0312
vn 0.4452 0.6916 0.5687
vn 0.0494 0.5427 0.8385
vn -0.0477 0.9818 0.1837
vn -0.0160 0.9902 0.1387
vn 0.0075 0.9860 0.1668
vn -0.0401 0.9875 0.1524
vn -0.0261 0.9933 0.1129
vn -0.0527 0.9901 0.1304
vn -0.0401 0.9861 0.1610
vn -0.0476 0.9875 0.1503
vn -0.1352 0.9906 -0.0211
vn -0.1356 0.9883 -0.0700
vn -0.2121 0.9733 -0.0873
vn 0.0079 0.9993 -0.0354
vn 0.0109 0.9996 -0.0259
vn -0.0478 0.9977 -0.0478
vn -0.0103 0.9931 0.1172
vn -0.0004 0.9988 0.0491
vn -0.0759 0.9938 0.0808
vn 0.1219 0.9884 -0.0904
vn 0.1439 0.9840 -0.1048
vn 0.0805 0.9921 -0.0961
vn 0.1099 0.9820 -0.1537
vn 0.1612 0.9794 -0.1215
vn 0.1709 0.9792 -0.1093
vn 0.0501 0.9965 -0.0663
vn 0.0714 0.9906 -0.1166
vn 0.1344 0.9876 -0.0807
vn 0.0020 1.0000 -0.0020
vn 0.0000 0.9890 0.1479
vn 0.0596 0.9966 -0.0563
vn 0.0727 0.9974 0.0001
vn 0.1317 0.9913 -0.0004
vn 0.4508 0.8792 0.1542
vn 0.1750 0.9530 0.2475
vn 0.3060 0.9516 0.0279
vn 0.3728 0.9119 -0.1717
vn 0.4380 0.8967 -0.0640
vn 0.3407 0.9392 0.0424
vn 0.0000 0.9208 -0.3900
vn 0.1949 0.9808 0.0000
vn 0.0343 0.9993 -0.0145
vn 0.0134 0.9999 -0.0067
vn 0.1013 0.9947 -0.0190
vn 0.0010 1.0000 -0.0003
vn -0.0319 0.9989 -0.0357
vn -0.0109 0.9989 -0.0453
vn 0.0046 0.9988 -0.0480
vn 0.0126 0.9998 -0.0148
vn -0.0013 0.9994 -0.0357
vn -0.0534 0.9974 -0.0487
vn 0.0697 0.9974 -0.0178
vn 0.0316 0.9990 -0.0313
vn -0.0131 0.9988 -0.0465
vn 0.0445 0.0820 -0.9956
vn -0.0730 0.9969 0.0294
vn -0.0962 0.9946 0.0390
vn -0.0339 0.9993 0.0146
vn -0.2506 0.9680 0.0151
vn -0.2263 0.9739 0.0162
vn -0.1446 0.9886 0.0425
vn -0.1911 0.9694 0.1541
vn -0.2425 0.9660 0.0899
vn -0.1545 0.9872 0.0388
vn -0.0002 1.0000 0.0002
vn -0.0005 1.0000 0.0000
vn -0.0002 1.0000 -0.0002
vn -0.2242 0.9728 0.0592
vn -0.1947 0.9806 -0.0241
vn -0.2506 0.9680 -0.0153
vn -0.0727 0.9955 0.0605
vn -0.0298 0.9959 -0.0857
vn -0.0905 0.9948 -0.0459
vn -0.1205 0.9764 0.1792
vn -0.0949 0.9869 0.1302
vn -0.1606 0.9773 0.1382
vn -0.4566 0.8888 -0.0390
vn -0.6064 0.7916 0.0756
vn -0.0716 0.9936 -0.0869
vn 0.2804 0.9431 0.1790
vn 0.4908 0.8684 0.0712
vn -0.0308 0.9918 0.1244
vn -0.0091 0.9931 -0.1167
vn 0.0028 0.9945 0.1046
vn -0.0698 0.9905 0.1186
vn -0.0681 0.9973 -0.0274
vn -0.0433 0.9989 -0.0174
vn -0.0016 1.0000 -0.0016
vn -0.1239 0.9909 -0.0530
vn -0.0807 0.9935 -0.0807
vn -0.0945 0.9948 -0.0384
vn -0.1805 0.9833 -0.0252
vn -0.1398 0.9882 -0.0632
vn -0.1158 0.9922 -0.0472
vn -0.0067 1.0000 0.0073
vn -0.0003 1.0000 0.0003
vn -0.0499 0.9984 0.0258
vn -0.1153 0.9879 0.1034
vn -0.0258 0.9989 0.0381
vn -0.0409 0.0818 -0.9958
vn -0.0129 0.9998 0.0129
vn -0.1596 0.9723 0.1708
vn -0.2461 0.9518 0.1834
vn -0.2124 0.9671 0.1397
vn -0.2361 0.9444 0.2290
vn -0.1772 0.9579 0.2259
vn -0.1892 0.9533 0.2356
vn -0.1924 0.9602 0.2023
vn -0.2443 0.9376 0.2476
vn -0.1390 0.9712 0.1937
vn -0.0043 1.0000 0.0043
vn -0.0685 0.9973 0.0277
vn -0.1250 0.9888 0.0817
vn -0.0297 0.9991 0.0292
vn -0.0077 0.9999 0.0077
vn -0.0321 0.9994 0.0162
vn 0.1426 0.9898 0.0078
vn 0.1196 0.9926 -0.0195
vn 0.0728 0.9967 -0.0349
vn 0.1709 0.9850 -0.0249
vn 0.1856 0.9823 -0.0261
vn 0.1973 0.9803 -0.0085
vn 0.1413 0.9885 0.0544
vn 0.1496 0.9887 0.0017
vn 0.1498 0.9886 0.0138
vn 0.0824 0.9938 -0.0745
vn 0.0621 0.9975 -0.0337
vn 0.0311 0.9977 -0.0610
vn 0.0790 0.9966 -0.0244
vn 0.0654 0.9975 -0.0267
vn 0.0691 0.9972 -0.0295
vn 0.1751 0.9844 -0.0166
vn 0.1290 0.9912 -0.0288
vn 0.1169 0.9907 -0.0696
vn -0.0669 0.9958 -0.0623
vn -0.0526 0.9982 -0.0272
vn -0.0288 0.9987 -0.0424
vn -0.0026 0.9953 -0.0967
vn -0.0011 0.9981 -0.0619
vn -0.0304 0.9985 -0.0454
vn -0.0033 0.9974 -0.0724
vn -0.0033 0.9948 -0.1019
vn -0.0626 0.9934 -0.0961
vn 0.0244 0.9997 -0.0021
vn 0.0164 0.9998 -0.0069
vn 0.0470 0.9987 -0.0190
vn 0.0002 1.0000 -0.0002
vn 0.0005 1.0000 0.0005
vn 0.0031 1.0000 0.0031
vn 0.0155 0.9998 0.0091
vn 0.0810 0.9962 0.0312
vn 0.1183 0.9417 0.3151
vn 0.0518 0.9939 0.0971
vn 0.0226 0.9995 0.0229
vn -0.2102 0.9777 0.0000
vn 0.0000 0.9975 -0.0701
vn -0.0893 0.9920 -0.0893
vn -0.0094 0.9824 0.1866
vn -0.0000 0.9807 0.1957
vn 0.0000 0.9941 0.1089
vn -0.0356 0.9889 0.1441
vn 0.0000 0.9906 -0.1371
vn -0.1124 0.9875 -0.1104
vn -0.0141 0.9999 0.0000
vn -0.0136 0.9999 -0.0007
vn -0.3343 0.9425 0.0022
vn -0.2381 0.9540 -0.1825
vn -0.1289 0.9916 -0.0043
vn -0.0508 0.9966 0.0652
vn -0.2587 0.9527 -0.1598
vn -0.2194 0.9640 -0.1502
vn -0.0086 0.9999 -0.0099
vn -0.1308 0.9875 -0.0878
vn -0.0677 0.9918 -0.1083
vn -0.0377 0.9986 -0.0377
vn 0.2887 0.9574 0.0000
vn 0.1709 0.9704 -0.1709
vn 0.0806 0.9651 0.2493
vn 0.0226 0.8321 0.5542
vn 0.0138 0.8862 0.4631
vn 0.3028 0.9465 0.1116
vn 0.3903 0.8524 0.3480
vn 0.1353 0.8134 0.5657
vn 0.2653 0.9640 -0.0189
vn 0.2529 0.9675 0.0000
vn 0.0762 0.9971 0.0000
vn 0.2887 0.9574 0.0001
vn 0.3978 0.8262 0.3989
vn 0.3420 0.9349 0.0953
vn 0.0058 1.0000 0.0058
vn 0.0195 0.9993 0.0334
vn -0.0213 0.9990 0.0388
vn -0.0480 0.9937 0.1010
vn -0.0563 0.9875 0.1471
vn 0.0057 0.9887 0.1496
vn -0.0204 0.9996 -0.0204
vn -0.1635 0.9732 -0.1620
vn 0.0205 0.9939 -0.1085
vn 0.0891 0.9765 -0.1963
vn 0.0684 0.9897 -0.1256
vn -0.0532 0.9940 -0.0953
vn -0.1081 0.9520 -0.2864
vn 0.0313 0.9616 -0.2726
vn -0.0366 0.9991 0.0194
vn -0.1531 0.9836 -0.0951
vn -0.6806 0.6943 -0.2338
vn 0.0227 0.9995 -0.0229
vn 0.2372 0.9652 -0.1104
vn 0.0503 0.9981 0.0359
vn 0.0000 0.9666 -0.2562
vn -0.1147 0.8342 -0.5393
vn -0.2641 0.9276 -0.2641
vn 0.2705 0.9420 -0.1987
vn -0.0807 0.9858 -0.1473
vn 0.0000 0.9791 -0.2036
vn -0.0140 0.9908 -0.1343
vn -0.0801 0.9599 -0.2686
vn -0.0057 0.9443 -0.3290
vn 0.0000 0.9997 -0.0264
vn 0.0000 0.9906 -0.1368
vn -0.0795 0.9804 -0.1804
vn 0.0000 1.0000 0.0009
vn -0.0005 1.0000 0.0005
vn 0.0000 0.9425 -0.3341
vn 0.1183 0.9416 -0.3151
vn 0.0852 0.9762 -0.1996
vn 0.0404 0.9884 -0.1461
vn 0.1083 0.9826 -0.1507
vn -0.1785 0.9777 -0.1107
vn -0.2086 0.9727 -0.1012
vn -0.1268 0.9844 -0.1216
vn 0.0004 0.9951 -0.0993
vn -0.0953 0.9881 -0.1211
vn 0.0159 0.9817 -0.1899
vn -0.0015 1.0000 -0.0041
vn 0.0016 1.0000 -0.0016
vn -0.1680 0.9834 -0.0682
vn -0.0904 0.9918 -0.0904
vn -0.0332 0.9993 -0.0186
vn -0.2086 0.9736 -0.0931
vn -0.1909 0.9785 -0.0777
vn -0.1208 0.9915 -0.0486
vn 0.1735 0.9786 -0.1103
vn 0.2867 0.9573 0.0356
vn 0.5439 0.8358 0.0748
vn 0.0853 0.9945 -0.0612
vn 0.0451 0.9988 -0.0184
vn 0.1275 0.9913 -0.0322
vn 0.1618 0.9803 -0.1129
vn 0.1231 0.9860 -0.1122
vn 0.1562 0.9786 -0.1339
vn 0.1565 0.9873 -0.0288
vn 0.1455 0.9892 -0.0183
vn 0.0721 0.9973 -0.0110
vn 0.0463 0.9989 -0.0007
vn 0.0371 0.9975 -0.0600
vn 0.1049 0.9936 -0.0417
vn 0.0477 0.9985 -0.0269
vn 0.0400 0.9989 -0.0259
vn 0.0990 0.9938 -0.0507
vn 0.0547 0.9834 -0.1729
vn 0.0488 0.9853 -0.1639
vn 0.0690 0.9832 -0.1693
vn 0.0713 0.9942 -0.0804
vn 0.0155 0.9938 -0.1097
vn 0.0060 0.9876 -0.1569
vn 0.0317 0.9948 -0.0968
vn 0.0469 0.9932 -0.1067
vn 0.1228 0.9893 -0.0793
vn -0.0737 0.9808 -0.1807
vn -0.0665 0.9843 -0.1633
vn -0.0593 0.9875 -0.1461
vn -0.0000 0.9846 -0.1747
vn -0.0000 0.9844 -0.1762
vn -0.0711 0.9821 -0.1743
vn 0.0001 0.9979 -0.0644
vn -0.0000 0.9899 -0.1420
vn -0.0621 0.9863 -0.1528
vn -0.0194 0.9908 0.1342
vn -0.0199 0.9967 0.0790
vn -0.0090 0.9958 0.0910
vn 0.1100 0.9760 0.1879
vn 0.1082 0.9889 0.1017
vn 0.0356 0.9957 0.0860
vn 0.1137 0.9755 0.1882
vn 0.0506 0.9777 0.2040
vn 0.0788 0.9963 -0.0338
vn 0.1040 0.9939 0.0366
vn 0.0795 0.9956 0.0496
vn -0.0164 0.9996 -0.0236
vn 0.0100 0.9997 -0.0215
vn 0.0149 0.9988 0.0471
vn 0.0972 0.9953 0.0003
vn 0.0522 0.9986 0.0081
vn 0.0154 0.9985 -0.0521
vn 0.0303 0.9995 -0.0075
vn 0.0019 0.9997 0.0255
vn 0.0242 0.9994 -0.0231
vn -0.0355 0.9977 0.0586
vn -0.0302 0.9947 0.0980
vn -0.0565 0.9943 0.0909
vn -0.0099 0.9987 0.0503
vn -0.0225 0.9997 -0.0015
vn -0.0072 1.0000 0.0020
vn 0.0547 0.9982 0.0252
vn 0.1208 0.9596 0.2541
vn 0.4848 0.8626 0.1448
vn 0.2926 0.9562 -0.0002
vn 0.2427 0.9652 -0.0974
vn 0.1405 0.9789 -0.1483
vn 0.0009 1.0000 0.0010
vn 0.0490 0.9982 -0.0343
vn 0.0487 0.9980 0.0400
vn -0.4297 0.9001 -0.0714
vn -0.3101 0.9422 -0.1269
vn -0.0508 0.9981 -0.0357
vn 0.0350 0.9948 -0.0957
vn 0.0000 0.9831 -0.1831
vn -0.1621 0.9717 -0.1721
vn 0.2611 0.9476 0.1841
vn 0.0908 0.9954 -0.0298
vn -0.2086 0.9769 -0.0474
vn -0.1575 0.9749 0.1575
vn 0.1422 0.9796 0.1422
vn 0.0220 0.9865 -0.1621
vn 0.0698 0.9449 -0.3200
vn 0.1103 0.9512 -0.2882
vn 0.3852 0.8878 -0.2517
vn 0.3332 0.9099 -0.2473
vn 0.1678 0.9284 -0.3315
vn 0.3464 0.9330 -0.0971
vn 0.0337 0.9989 -0.0338
vn 0.0232 0.9995 -0.0233
vn 0.1820 0.9663 -0.1820
vn 0.0233 0.9995 -0.0233
vn -0.0248 0.9994 -0.0241
vn -0.0049 1.0000 -0.0080
vn -0.0351 0.9980 -0.0531
vn -0.0421 0.9990 -0.0171
vn -0.0155 0.9998 -0.0102
vn -0.0701 0.7885 -0.6111
vn -0.0097 0.9885 -0.1508
vn -0.0651 0.9947 -0.0792
vn 0.1835 0.9115 -0.3682
vn -0.2754 0.9576 0.0847
vn 0.0459 0.9930 -0.1084
vn 0.2835 0.9590 -0.0014
vn 0.3124 0.9047 -0.2896
vn 0.1534 0.9292 -0.3363
vn -0.0015 1.0000 0.0015
vn -0.1926 0.9619 -0.1938
vn -0.2207 0.9682 0.1179
vn -0.0038 1.0000 -0.0038
vn -0.7460 0.6572 -0.1071
vn -0.6424 0.7271 -0.2421
vn -0.4717 0.8201 0.3241
vn 0.2039 0.9778 -0.0481
vn 0.1074 0.9910 -0.0793
vn -0.1228 0.9828 -0.1377
vn 0.1694 0.9219 -0.3484
vn 0.2563 0.9635 0.0777
vn -0.2551 0.8985 0.3572
vn -0.0217 0.9674 0.2525
vn -0.1260 0.9675 0.2191
vn -0.3686 0.9094 0.1926
vn 0.1295 0.9811 0.1437
vn 0.3069 0.9202 0.2430
vn 0.1448 0.9635 0.2253
vn -0.0723 0.8904 -0.4494
vn -0.2198 0.9318 -0.2890
vn -0.1050 0.9260 -0.3627
vn -0.3762 0.9118 0.1643
vn -0.5949 0.7865 0.1659
vn -0.0797 0.9949 0.0611
vn -0.0606 0.9979 0.0226
vn -0.0636 0.9979 0.0107
vn -0.0146 0.9999 0.0017
vn 0.0477 0.9981 0.0392
vn -0.0182 0.9993 -0.0325
vn 0.0077 0.9999 0.0077
vn 0.0825 0.9943 0.0678
vn 0.3986 0.9050 0.1485
vn -0.0706 0.9740 0.2151
vn -0.1790 0.8774 0.4450
vn -0.4428 0.7759 0.4494
vn 0.2876 0.9005 0.3263
vn 0.2769 0.9211 0.2737
vn 0.0665 0.9147 0.3987
vn 0.2884 0.9575 0.0000
vn 0.2260 0.9710 -0.0774
vn 0.1278 0.9835 -0.1278
vn 0.0303 0.9566 0.2898
vn -0.0123 0.9598 0.2803
vn -0.0626 0.9716 0.2283
vn -0.0809 0.9468 0.3115
vn -0.0264 0.9687 0.2468
vn -0.0047 0.9475 0.3198
vn 0.0276 -0.0819 0.9963
vn -0.0818 0.9763 0.2001
vn -0.0065 0.9798 0.1998
vn -0.0059 0.9997 0.0218
vn 0.0198 0.9991 -0.0386
vn 0.0219 0.9997 -0.0118
vn 0.0699 0.9974 -0.0180
vn 0.0580 0.9967 -0.0567
vn 0.0423 0.9969 -0.0657
vn 0.0348 0.9885 0.1469
vn 0.0565 0.9957 0.0737
vn 0.0263 0.9957 0.0890
vn -0.1351 0.9742 0.1807
vn -0.1316 0.9811 0.1420
vn -0.1601 0.9731 0.1655
vn -0.0188 0.9935 0.1122
vn 0.0371 0.9991 0.0193
vn -0.0547 0.9948 0.0859
vn -0.0927 0.9625 0.2549
vn -0.0685 0.9712 0.2283
vn -0.1158 0.9624 0.2459
vn 0.0242 0.9979 -0.0593
vn 0.0140 0.9993 -0.0347
vn 0.0173 0.9986 -0.0495
vn 0.0278 0.9992 -0.0281
vn 0.0050 0.9999 -0.0091
vn 0.0085 0.9997 -0.0212
vn 0.0594 0.9979 -0.0245
vn 0.0506 0.9985 -0.0212
vn 0.0467 0.9978 -0.0474
vn 0.0000 0.9998 -0.0212
vn 0.0000 1.0000 -0.0002
vn -0.0001 1.0000 -0.0001
vn -0.1407 0.9900 -0.0000
vn -0.2175 0.9688 -0.1191
vn -0.1450 0.9841 -0.1022
vn -0.3336 0.9427 0.0000
vn -0.3123 0.9426 0.1183
vn -0.1705 0.9708 0.1686
vn -0.0919 0.9944 0.0515
vn 0.1179 0.9835 -0.1373
vn 0.0148 0.9833 0.1815
vn 0.0329 0.9902 0.1357
vn 0.1573 0.9827 -0.0973
vn 0.2565 0.9585 -0.1245
vn 0.1123 0.9841 -0.1377
vn 0.0687 0.9976 0.0006
vn 0.0687 0.9976 -0.0006
vn 0.0492 0.9969 0.0607
vn 0.0456 0.9559 0.2902
vn -0.1215 0.9624 0.2430
vn 0.0024 1.0000 -0.0092
vn 0.0009 1.0000 -0.0009
vn 0.0581 0.9530 -0.2975
vn 0.0506 0.9968 -0.0622
vn 0.0082 0.9908 -0.1350
vn -0.3531 0.9356 0.0074
vn -0.0000 0.9999 -0.0140
vn -0.0000 0.9964 -0.0854
vn -0.0000 0.9902 -0.1400
vn -0.0029 0.9901 -0.1400
vn -0.1090 0.9877 -0.1124
vn -0.2928 0.9429 0.1584
vn 0.2151 0.9184 0.3320
vn 0.5730 0.8033 0.1624
vn 0.6506 0.7586 -0.0364
vn 0.2745 0.9570 -0.0940
vn 0.1535 0.9881 0.0001
vn 0.1004 0.9935 0.0537
vn 0.1678 0.9711 0.1698
vn 0.3148 0.9413 0.1217
vn 0.4449 0.8527 -0.2738
vn 0.2980 0.8390 -0.4553
vn 0.0876 0.9832 0.1600
vn -0.0998 0.9782 0.1822
vn 0.2758 0.4381 0.8556
vn -0.2699 0.6558 0.7051
vn 0.0000 0.7365 0.6764
vn 0.0474 0.9987 0.0189
vn 0.0792 0.9960 0.0422
vn 0.1255 0.9881 0.0885
vn 0.0185 0.9998 0.0116
vn 0.1423 0.9833 0.1131
vn 0.1568 0.9854 0.0658
vn 0.1483 0.9865 0.0692
vn 0.1150 0.9923 0.0450
vn 0.1306 0.9901 0.0508
vn 0.1606 0.9857 0.0499
vn 0.0135 0.9995 0.0269
vn 0.0658 0.9958 0.0631
vn 0.0920 0.9897 0.1093
vn 0.0238 0.9959 0.0869
vn -0.0306 0.9995 -0.0034
vn -0.0417 0.9980 -0.0483
vn 0.1145 0.9886 0.0975
vn 0.1114 0.9918 0.0622
vn 0.0294 0.9986 0.0437
vn 0.1222 0.9810 0.1505
vn 0.1156 0.9843 0.1334
vn 0.0497 0.9920 0.1159
vn 0.0983 0.9934 0.0595
vn 0.0585 0.9944 0.0879
vn 0.0844 0.9949 0.0560
vn 0.1220 0.9858 0.1151
vn 0.1470 0.9812 0.1249
vn 0.1741 0.9750 0.1381
vn 0.0064 1.0000 0.0064
vn 0.0238 0.9997 0.0108
vn 0.0582 0.9951 0.0797
vn 0.2579 0.9311 0.2579
vn 0.2101 0.8091 0.5488
vn 0.2025 0.9048 0.3746
vn -0.2865 0.9568 0.0501
vn -0.0468 0.9899 -0.1340
vn -0.3926 0.6940 0.6036
vn -0.1937 0.9810 -0.0070
vn -0.1267 0.9907 -0.0498
vn -0.0028 0.9960 -0.0893
vn -0.2200 0.9492 -0.2249
vn -0.1803 0.9545 -0.2376
vn 0.0028 0.9960 -0.0892
vn 0.0052 0.9902 -0.1393
vn 0.0029 0.9902 -0.1398
vn 0.1427 0.9898 -0.0035
vn 0.0027 0.9963 0.0856
vn 0.0024 0.9966 0.0820
vn -0.3103 0.9432 -0.1185
vn -0.3325 0.9431 -0.0012
vn -0.1215 0.9916 -0.0433
vn -0.1416 0.9899 0.0009
vn -0.2624 0.9646 0.0248
vn -0.0035 1.0000 -0.0048
vn 0.0038 1.0000 -0.0055
vn 0.0001 1.0000 -0.0001
vn 0.0426 0.9982 -0.0432
vn 0.0280 0.9972 -0.0687
vn 0.0254 0.9975 -0.0667
vn -0.1583 0.9608 0.2276
vn -0.1432 0.9521 0.2704
vn -0.2022 0.9402 0.2742
vn -0.0549 0.9758 0.2118
vn -0.0371 0.9927 0.1150
vn -0.0232 0.9838 0.1778
vn 0.0301 0.9803 0.1954
vn 0.0145 0.9819 0.1889
vn 0.0690 0.9882 -0.1370
vn 0.0050 0.9875 -0.1575
vn -0.1283 0.9771 -0.1697
vn 0.0489 0.9984 -0.0286
vn -0.4118 0.7589 -0.5045
vn -0.2267 0.9522 -0.2046
vn -0.1670 0.9859 0.0089
vn -0.5715 0.8193 -0.0465
vn -0.6916 0.6408 0.3333
vn -0.2894 0.9558 0.0514
vn -0.2113 0.9774 -0.0002
vn -0.1695 0.8984 -0.4052
vn -0.3623 0.8610 -0.3569
vn 0.0376 0.9932 -0.1104
vn 0.0134 0.9997 -0.0201
vn 0.0233 0.9982 -0.0544
vn -0.3933 0.9188 -0.0315
vn -0.4613 0.8841 -0.0745
vn -0.1584 0.9855 -0.0610
vn 0.2022 0.9720 0.1193
vn 0.3000 0.9499 0.0881
vn 0.3347 0.9422 0.0186
vn 0.1350 0.9908 -0.0078
vn 0.0793 0.9955 -0.0520
vn 0.5044 0.8608 0.0685
vn 0.0065 0.9959 0.0899
vn 0.0235 0.9993 0.0286
vn 0.0441 0.9978 0.0505
vn 0.0003 0.9991 0.0434
vn 0.0313 0.9977 -0.0605
vn 0.0120 0.9998 -0.0150
vn 0.0067 0.9779 0.2087
vn -0.0329 0.9850 0.1693
vn -0.1642 0.9826 -0.0866
vn -0.1279 0.9835 -0.1279
vn -0.2148 0.9727 -0.0876
vn 0.1587 0.9849 -0.0695
vn 0.1145 0.9865 -0.1172
vn 0.0605 0.9870 -0.1488
vn 0.1060 0.9912 0.0799
vn 0.1366 0.9902 -0.0288
vn 0.0849 0.9956 0.0385
vn 0.1635 0.9797 -0.1161
vn 0.1601 0.9766 -0.1437
vn 0.2685 0.9631 -0.0181
vn 0.0060 0.9972 -0.0751
vn -0.0051 0.9997 -0.0257
vn 0.0766 0.9951 -0.0631
vn 0.0444 0.9933 -0.1068
vn 0.0849 0.9807 -0.1763
vn 0.0324 0.9889 -0.1447
vn -0.0346 0.9976 -0.0593
vn -0.1709 0.9706 0.1694
vn -0.0211 0.9996 0.0211
vn -0.0532 0.9940 0.0952
vn 0.0450 0.9728 -0.2271
vn 0.0504 0.9899 0.1329
vn 0.0769 0.9958 0.0504
vn -0.0252 0.9706 0.2393
vn -0.0097 0.9999 0.0097
vn -0.0748 0.9942 0.0775
vn 0.1065 0.9734 -0.2027
vn 0.0959 0.9953 -0.0164
vn 0.1676 0.9836 -0.0670
vn -0.0077 1.0000 -0.0064
vn -0.0011 1.0000 0.0011
vn -0.0085 0.9999 0.0067
vn -0.1756 0.9821 -0.0686
vn -0.0417 0.9987 -0.0278
vn -0.1662 0.9753 -0.1452
vn 0.0236 0.9994 0.0233
vn 0.0001 1.0000 0.0001
vn 0.0258 0.9996 0.0123
vn 0.0094 1.0000 0.0028
vn 0.0187 0.9998 0.0075
vn 0.0674 0.9977 0.0085
vn -0.0377 0.9940 -0.1029
vn -0.0739 0.9924 -0.0986
vn 0.0003 0.9932 -0.1166
vn 0.1065 0.9908 -0.0833
vn 0.1101 0.9898 -0.0904
vn 0.0713 0.9917 -0.1066
vn 0.1611 0.9864 0.0318
vn 0.1368 0.9904 0.0176
vn 0.1026 0.9945 -0.0187
vn -0.0345 0.9965 0.0757
vn -0.0747 0.9863 0.1470
vn -0.0835 0.9933 0.0793
vn -0.1012 0.9949 0.0000
vn -0.0878 0.9955 -0.0356
vn -0.0328 0.9994 -0.0140
vn -0.1329 0.9865 -0.0957
vn -0.2428 0.9699 -0.0199
vn -0.1559 0.9824 -0.1026
vn -0.2743 0.9381 0.2117
vn -0.2571 0.9563 0.1392
vn -0.2605 0.9551 0.1411
vn -0.0195 0.9998 0.0109
vn -0.0452 0.9988 0.0182
vn -0.0016 1.0000 0.0016
vn -0.0574 0.9972 -0.0480
vn -0.0457 0.9977 -0.0503
vn -0.0127 0.9993 -0.0352
vn 0.0389 0.9991 0.0150
vn 0.0510 0.9987 -0.0027
vn 0.1148 0.9934 -0.0040
vn 0.1764 0.9843 0.0000
vn 0.0183 0.9993 -0.0319
vn 0.0468 0.9881 0.1463
vn 0.0506 0.9732 0.2244
vn 0.0058 1.0000 -0.0039
vn 0.0216 0.9997 -0.0088
vn -0.1098 0.9864 0.1227
vn 0.0253 0.9997 0.0072
vn -0.1098 0.9871 0.1168
vn -0.0361 0.9946 0.0973
vn -0.0915 0.9948 0.0454
vn -0.1298 0.9907 -0.0395
vn -1.0000 -0.0029 0.0000
vn -0.0741 0.9863 0.1475
vn -0.0758 0.9809 0.1793
vn -0.2587 0.9653 0.0366
vn -0.4678 0.7373 0.4874
vn -0.5249 0.8004 -0.2896
vn -0.0439 0.9931 -0.1089
vn -0.0141 0.9997 -0.0196
vn -0.0028 1.0000 -0.0028
vn -0.0190 0.9998 -0.0107
vn -0.0042 1.0000 -0.0042
vn 0.3413 0.9399 -0.0022
vn 0.3233 0.9462 -0.0127
vn 0.2415 0.9703 -0.0123
vn -0.0344 0.9957 0.0857
vn -0.0193 0.9988 0.0453
vn -0.0384 0.9986 -0.0370
vn -0.0262 0.9978 -0.0616
vn -0.0408 0.9984 -0.0394
vn 0.0864 0.9961 -0.0177
vn 0.0015 0.9877 0.1564
vn 0.0784 0.9938 0.0784
vn -0.1627 0.9866 -0.0113
vn -0.0027 0.9963 0.0858
vn -0.0040 0.9959 0.0903
vn 0.0734 0.9912 0.1105
vn 0.1163 0.9804 0.1588
vn 0.1450 0.9714 0.1880
vn 0.1031 0.9947 -0.0003
vn 0.0713 0.9922 -0.1023
vn -0.0354 0.9991 -0.0254
vn 0.0254 0.9974 -0.0678
vn -0.7798 0.6242 0.0477
vn -0.3849 0.8724 0.3014
vn 0.0565 0.9974 0.0456
vn 0.1737 0.9756 0.1344
vn 0.1495 0.9855 0.0808
vn 0.1240 0.9896 0.0730
vn -0.7420 0.6677 -0.0593
vn 0.0172 0.9989 -0.0446
vn -0.9366 0.3076 -0.1677
vn 0.0307 0.9984 -0.0466
vn 0.0731 0.9965 -0.0411
vn 0.0719 0.9974 0.0069
vn 0.0564 0.9943 -0.0908
vn -0.5987 0.7704 -0.2191
vn 0.0244 0.9976 -0.0643
vn -0.7014 0.7123 -0.0246
vn -0.0367 0.9990 0.0263
vn 0.0973 0.9946 0.0375
vn 0.1699 0.9799 0.1046
vn 0.1589 0.9766 0.1446
vn 0.0117 0.9997 0.0213
vn -0.8863 0.1678 0.4316
vn -0.8577 0.4824 -0.1776
vn 0.0060 0.9999 -0.0136
vn 0.0201 0.9983 -0.0545
vn 0.0786 0.9943 -0.0714
vn 0.1285 0.9916 0.0126
vn -0.0449 0.9990 0.0000
vn 0.1207 0.9814 0.1491
vn -0.0004 1.0000 0.0004
vn -0.0787 0.9923 0.0961
vn -0.0050 0.9888 0.1493
vn 0.0128 0.9968 0.0793
vn 0.0329 0.9751 0.2195
vn -0.0415 0.9887 0.1438
vn -0.0156 0.9994 0.0310
vn -0.0272 0.9973 0.0683
vn -0.0486 0.9906 0.1278
vn 0.0741 0.9779 0.1957
vn -0.0595 0.9955 0.0732
vn 0.0141 0.9982 0.0583
vn 0.0349 0.9807 0.1921
vn -0.0654 0.9901 0.1239
vn -0.0071 0.9999 0.0079
vn -0.0051 0.0820 -0.9966
vn -0.0018 0.0820 -0.9966
vn -0.0444 -0.0820 0.9956
vn 0.0156 -0.0819 0.9965
vn -0.0912 -0.0819 0.9925
vn -0.0305 -0.0820 0.9962
vn -0.0854 -0.0819 0.9930
vn 0.0067 -0.0820 0.9966
vn -0.0464 -0.0820 0.9955
vn -0.0371 -0.0820 0.9959
vn -0.9923 0.0074 -0.1239
vn 0.0001 -0.0820 0.9966
vn 0.0493 0.0820 -0.9954
vn -0.0001 -0.0820 0.9966
vn 0.0503 0.0820 -0.9954
vn 0.1274 -0.0810 0.9885
vn 0.0399 0.0820 -0.9958
vn -0.0084 0.0820 -0.9966
vn -0.1053 0.0812 -0.9911
vn -0.0497 0.0818 -0.9954
vn -0.0142 -0.0820 0.9965
vn -0.0008 -0.0820 0.9966
vn 0.9999 0.0038 -0.0113
vn 0.1163 -0.0811 0.9899
vn 0.0280 -0.0819 0.9962
vn -0.0717 -0.0820 0.9940
vn 0.0795 0.0820 -0.9935
vn 0.0484 -0.0818 0.9955
vn -0.9996 -0.0051 0.0270
vn 0.6488 0.7582 -0.0648
vn 0.0370 -0.9878 -0.1510
vn -0.0478 0.8880 -0.4573
vn 0.0553 -0.9760 -0.2105
vn -0.0477 -0.1399 0.9890
vn -0.0149 0.8889 -0.4578
vn 0.0087 0.6883 -0.7253
vn 0.0526 -0.9872 -0.1509
vn 0.0372 -0.9905 0.1327
vn -0.1022 0.9948 0.0000
vn -0.0431 0.7027 -0.7102
vn -0.0464 0.7035 -0.7092
vn -0.0411 0.9992 0.0000
vn 0.0440 -0.9902 0.1326
vn 0.0307 -0.1586 0.9869
vn 0.0422 -0.9980 0.0465
vn 0.0350 -0.9763 -0.2134
vn -0.9502 0.2927 -0.1073
vn -0.9799 0.1993 0.0015
vn 0.0960 -0.9866 0.1322
vn -0.0257 -0.1453 0.9891
vn 0.1003 -0.9940 0.0445
vn 0.1083 -0.9732 -0.2028
vn -0.0724 0.8867 -0.4567
vn 0.1072 -0.9828 -0.1502
usemtl collision
s off
f 4067//1 1055//1 4//1 1772//1
f 3888//2 1489//2 4802//2 4837//2
f 4065//1 1062//1 9//1 1775//1
f 4064//1 1059//1 7//1 1776//1
f 4063//3 1077//3 21//3 1764//3
f 4062//1 1078//1 22//1 1779//1
f 4061//1 1071//1 16//1 1780//1
f 4060//4 1081//4 20//4 1763//4
f 4059//1 1082//1 23//1 1783//1
f 4058//1 1074//1 19//1 1784//1
f 4057//1 1085//1 13//1 1756//1
f 4056//1 1086//1 24//1 1787//1
f 4055//5 1073//5 18//5 1788//5
f 1089//6 3285//6 4832//6 4784//6
f 4053//7 1090//7 25//7 1791//7
f 2272//8 849//8 4516//8 4515//8
f 4051//1 1133//1 65//1 1752//1
f 4050//1 1134//1 66//1 1795//1
f 4049//1 1107//1 40//1 1796//1
f 4048//9 1137//9 64//9 1751//9
f 4047//1 1138//1 67//1 1799//1
f 4046//10 1130//10 63//10 1800//10
f 1728//6 41//6 4788//6 4812//6
f 4044//11 1142//11 68//11 1803//11
f 4043//12 1129//12 62//12 1804//12
f 4042//13 1145//13 61//13 1748//13
f 4041//1 1146//1 69//1 1807//1
f 4040//1 1113//1 46//1 1808//1
f 4039//1 1149//1 60//1 1747//1
f 4038//1 1150//1 70//1 1811//1
f 4037//1 1126//1 59//1 1812//1
f 4036//1 1153//1 29//1 1716//1
f 4035//1 1154//1 71//1 1815//1
f 4034//1 1125//1 58//1 1816//1
f 4033//1 1157//1 57//1 1744//1
f 4032//1 1158//1 72//1 1819//1
f 4031//1 1114//1 47//1 1820//1
f 4688//1 4594//1 1810//1 3469//1
f 4689//1 2532//1 2531//1 4593//1
f 4028//1 1122//1 55//1 1824//1
f 4690//1 4589//1 4590//1 4591//1
f 4691//1 4588//1 1707//1 3449//1
f 4025//14 1121//14 54//14 1828//14
f 4024//1 1169//1 53//1 1740//1
f 4023//1 1170//1 75//1 1831//1
f 4022//1 1111//1 44//1 1832//1
f 4021//1 1173//1 52//1 1739//1
f 4020//1 1174//1 76//1 1835//1
f 4019//1 1118//1 51//1 1836//1
f 4018//15 1177//15 37//15 1724//15
f 4017//1 1178//1 77//1 1839//1
f 4016//1 1117//1 50//1 1840//1
f 4015//1 1181//1 49//1 1736//1
f 4014//1 1182//1 78//1 1843//1
f 4013//1 1099//1 32//1 1844//1
f 4012//16 1185//16 48//16 1735//16
f 4011//14 1186//14 79//14 1847//14
f 4010//1 1102//1 35//1 1848//1
f 4009//1 1189//1 41//1 1728//1
f 4008//17 1190//17 80//17 1851//17
f 4007//18 1101//18 34//18 1852//18
f 4006//1 1193//1 45//1 1732//1
f 4005//1 1194//1 81//1 1855//1
f 2876//19 1001//19 4596//19 4599//19
f 2037//19 3689//19 4724//19 533//19
f 2840//20 563//20 4592//20 4663//20
f 277//20 1572//20 2567//20 2566//20
f 4001//21 1336//21 218//21 1711//21
f 4000//22 1337//22 220//22 1860//22
f 3999//23 1331//23 217//23 1861//23
f 1193//24 45//24 4790//24 4792//24
f 3997//25 1341//25 221//25 1864//25
f 3996//1 1330//1 216//1 1865//1
f 4132//26 1344//26 215//26 4076//26
f 4131//27 1345//27 222//27 4077//27
f 3993//28 1245//28 130//28 1869//28
f 4693//1 1684//1 1683//1 4662//1
f 4694//1 1875//1 1874//1 4587//1
f 3990//29 1327//29 213//29 1873//29
f 3989//1 1352//1 97//1 1588//1
f 4695//1 4584//1 4585//1 4586//1
f 3987//30 1326//30 212//30 1877//30
f 4130//1 1356//1 211//1 4075//1
f 4129//1 1357//1 225//1 4078//1
f 3984//1 1246//1 131//1 1881//1
f 3983//14 1360//14 210//14 1703//14
f 3982//1 1361//1 226//1 1884//1
f 3981//1 1323//1 209//1 1885//1
f 3980//31 1364//31 104//31 1595//31
f 3979//32 1365//32 227//32 1888//32
f 3978//33 1322//33 208//33 1889//33
f 3977//1 1368//1 207//1 1700//1
f 345//34 2169//34 4506//34 2433//34
f 3975//1 1243//1 128//1 1892//1
f 3974//1 1371//1 206//1 1699//1
f 3973//1 1372//1 229//1 1895//1
f 3972//1 1320//1 205//1 1896//1
f 3971//1 1375//1 105//1 1596//1
f 3970//1 1376//1 230//1 1899//1
f 3969//1 1319//1 204//1 1900//1
f 3968//1 1379//1 203//1 1696//1
f 3967//1 1380//1 231//1 1903//1
f 3966//1 1260//1 145//1 1904//1
f 3965//1 1383//1 202//1 1695//1
f 3964//1 1384//1 232//1 1907//1
f 3963//1 1316//1 201//1 1908//1
f 3962//35 1387//35 93//35 1584//35
f 3961//36 1388//36 233//36 1911//36
f 3960//37 1315//37 200//37 1912//37
f 3959//1 1391//1 199//1 1692//1
f 2071//19 3766//19 4728//19 391//19
f 1776//19 484//19 1871//19 1872//19
f 3958//1 1393//1 198//1 1691//1
f 598//20 2875//20 4597//20 4598//20
f 3689//19 2272//19 4515//19 4724//19
f 3957//1 1395//1 108//1 1599//1
f 3956//1 1396//1 234//1 1917//1
f 3955//1 1312//1 197//1 1918//1
f 3766//19 2170//19 4507//19 4728//19
f 3954//1 1400//1 235//1 1921//1
f 3953//1 1255//1 140//1 1922//1
f 3952//1 1402//1 195//1 1688//1
f 792//19 2137//19 4495//19 214//19
f 2658//8 3403//8 4704//8 4566//8
f 3951//1 1405//1 109//1 1600//1
f 3950//1 1406//1 237//1 1927//1
f 3949//1 1309//1 194//1 1928//1
f 3948//38 1409//38 193//38 1686//38
f 3947//1 1410//1 238//1 1931//1
f 3946//1 1262//1 147//1 1932//1
f 3945//1 1413//1 192//1 1685//1
f 3944//1 1414//1 239//1 1935//1
f 4696//1 4583//1 1608//1 3301//1
f 3942//1 1417//1 92//1 1583//1
f 3941//1 1418//1 240//1 1939//1
f 4698//1 1479//1 1477//1 4578//1
f 3939//1 1421//1 189//1 1682//1
f 3938//1 1422//1 241//1 1943//1
f 3937//1 1263//1 148//1 1944//1
f 3936//1 1425//1 188//1 1681//1
f 3935//1 1426//1 242//1 1947//1
f 4700//1 4571//1 4572//1 4573//1
f 3933//1 1429//1 112//1 1603//1
f 3932//1 1430//1 243//1 1951//1
f 4701//1 4570//1 1355//1 3203//1
f 4128//1 1433//1 185//1 4074//1
f 4127//1 1434//1 244//1 4079//1
f 3928//1 1258//1 143//1 1956//1
f 3927//1 1437//1 184//1 1677//1
f 3926//1 1438//1 245//1 1959//1
f 3925//1 1298//1 183//1 1960//1
f 3924//1 1441//1 113//1 1604//1
f 3923//1 1442//1 246//1 1963//1
f 3922//1 1297//1 182//1 1964//1
f 3921//1 1445//1 181//1 1674//1
f 3920//1 1446//1 247//1 1967//1
f 3919//1 1266//1 151//1 1968//1
f 3918//1 1449//1 180//1 1673//1
f 3917//1 1450//1 248//1 1971//1
f 3916//1 1294//1 179//1 1972//1
f 3915//1 1453//1 85//1 1576//1
f 3914//1 1454//1 249//1 1975//1
f 3913//1 1293//1 178//1 1976//1
f 3912//1 1457//1 177//1 1670//1
f 4702//1 1353//1 1349//1 4661//1
f 3910//1 1267//1 152//1 1980//1
f 3909//1 1461//1 176//1 1669//1
f 3908//1 1462//1 251//1 1983//1
f 4705//1 4560//1 1305//1 3195//1
f 3906//1 1465//1 116//1 1607//1
f 3905//1 1466//1 252//1 1987//1
f 3904//1 1289//1 174//1 1988//1
f 4126//1 1469//1 173//1 4073//1
f 4125//1 1470//1 253//1 4080//1
f 3901//1 1257//1 142//1 1992//1
f 3900//1 1473//1 172//1 1665//1
f 3899//1 1474//1 254//1 1995//1
f 3898//1 1286//1 171//1 1996//1
f 4706//1 1303//1 1207//1 4559//1
f 3896//1 1478//1 255//1 1999//1
f 3895//1 1285//1 170//1 2000//1
f 3894//39 1481//39 169//39 1662//39
f 3893//40 1482//40 256//40 2003//40
f 3892//41 1270//41 155//41 2004//41
f 3891//42 1485//42 168//42 1661//42
f 3890//43 1486//43 257//43 2007//43
f 3889//44 1282//44 167//44 2008//44
f 2357//45 3888//45 4837//45 4821//45
f 3887//46 1490//46 258//46 2011//46
f 3886//47 1281//47 166//47 2012//47
f 3885//48 1493//48 165//48 1658//48
f 3884//49 1494//49 259//49 2015//49
f 3883//50 1271//50 156//50 2016//50
f 3882//1 1497//1 164//1 1657//1
f 3881//1 1498//1 260//1 2019//1
f 3880//1 1278//1 163//1 2020//1
f 3879//51 1501//51 120//51 1611//51
f 3878//1 1502//1 261//1 2023//1
f 3877//1 1277//1 162//1 2024//1
f 823//34 2166//34 4503//34 4504//34
f 1276//19 161//19 3569//19 3570//19
f 3875//1 1251//1 136//1 2027//1
f 3874//52 1507//52 160//52 1653//52
f 3873//1 1508//1 262//1 2030//1
f 3872//1 1274//1 159//1 2031//1
f 3871//53 1511//53 121//53 1612//53
f 3870//54 1512//54 263//54 2034//54
f 3869//1 1273//1 158//1 2035//1
f 2025//19 3664//19 4719//19 662//19
f 2733//20 598//20 4598//20 4582//20
f 564//19 2836//19 4662//19 1683//19
f 3866//1 1516//1 157//1 1649//1
f 3865//55 1517//55 264//55 2041//55
f 3864//56 1234//56 119//56 2042//56
f 101//57 1592//57 4827//57 4796//57
f 3862//58 1521//58 265//58 2045//58
f 3861//59 1233//59 118//59 2046//59
f 4124//60 1524//60 154//60 4072//60
f 4123//61 1525//61 266//61 4081//61
f 3858//62 1217//62 102//62 2050//62
f 3857//1 1528//1 153//1 1645//1
f 3856//1 1529//1 267//1 2053//1
f 3855//1 1230//1 115//1 2054//1
f 3854//1 1532//1 125//1 1616//1
f 3853//1 1533//1 268//1 2057//1
f 3852//1 1229//1 114//1 2058//1
f 4122//1 1536//1 150//1 4071//1
f 4121//1 1537//1 269//1 4082//1
f 3849//1 1218//1 103//1 2062//1
f 3848//1 1540//1 149//1 1641//1
f 3847//1 1541//1 270//1 2065//1
f 3846//1 1226//1 111//1 2066//1
f 3845//63 1544//63 132//63 1623//63
f 3844//64 1545//64 271//64 2069//64
f 3843//1 1225//1 110//1 2070//1
f 781//34 2071//34 391//34 390//34
f 2135//34 794//34 74//34 4493//34
f 3842//1 1215//1 100//1 2073//1
f 3841//1 1549//1 146//1 1638//1
f 3840//1 1550//1 272//1 2076//1
f 3839//1 1222//1 107//1 2077//1
f 3838//65 1553//65 133//65 1624//65
f 3837//66 1554//66 273//66 2080//66
f 3836//67 1221//67 106//67 2081//67
f 3403//8 1392//8 3197//8 4704//8
f 783//34 2165//34 4502//34 313//34
f 3833//1 1203//1 88//1 2083//1
f 4088//68 4113//68 4852//68 4851//68
f 4119//69 1562//69 275//69 4083//69
f 3830//70 1206//70 91//70 2087//70
f 4118//71 1565//71 137//71 4069//71
f 4117//72 1566//72 276//72 4084//72
f 3827//73 1205//73 90//73 2091//73
f 3826//1 1569//1 141//1 1632//1
f 3825//1 1570//1 277//1 2093//1
f 3664//19 2307//19 4523//19 4719//19
f 3072//19 792//19 214//19 4630//19
f 815//8 2134//8 4653//8 4494//8
f 793//19 2133//19 4492//19 190//19
f 3822//1 2096//1 805//1 1571//1
f 3821//1 2097//1 806//1 2098//1
f 782//20 2163//20 4499//20 4500//20
f 3819//1 2100//1 337//1 1112//1
f 3818//1 2101//1 807//1 2102//1
f 2730//34 965//34 4581//34 4579//34
f 3816//74 2104//74 803//74 1568//74
f 3815//75 2105//75 808//75 2106//75
f 3814//76 1721//76 429//76 2107//76
f 3813//77 2108//77 802//77 1567//77
f 3812//78 2109//78 809//78 2110//78
f 4116//79 2089//79 801//79 4085//79
f 3810//1 2112//1 333//1 1108//1
f 3809//80 2113//80 810//80 2114//80
f 4115//81 2088//81 800//81 4086//81
f 3807//82 2116//82 799//82 1564//82
f 3806//83 2117//83 811//83 2118//83
f 3805//84 1722//84 430//84 2119//84
f 3804//85 2120//85 798//85 1563//85
f 3803//86 2121//86 812//86 2122//86
f 4114//87 2085//87 797//87 4087//87
f 3801//88 2124//88 340//88 1115//88
f 3800//89 2125//89 813//89 2126//89
f 3798//1 2128//1 795//1 1560//1
f 1780//8 3351//8 4699//8 1870//8
f 3797//1 1719//1 427//1 2129//1
f 3796//1 2130//1 794//1 1559//1
f 3795//1 2131//1 814//1 2132//1
f 822//34 2162//34 4497//34 4498//34
f 3793//1 2134//1 341//1 1116//1
f 3792//1 2135//1 815//1 2136//1
f 599//19 2729//19 4578//19 1477//19
f 3791//90 2138//90 791//90 1556//90
f 3790//91 2139//91 816//91 2140//91
f 3789//92 1737//92 445//92 2141//92
f 3788//93 2142//93 790//93 1555//93
f 3787//94 2143//94 817//94 2144//94
f 3786//95 2079//95 789//95 2145//95
f 3785//96 2146//96 329//96 1104//96
f 3784//97 2147//97 818//97 2148//97
f 3783//1 2078//1 788//1 2149//1
f 3782//1 2150//1 787//1 1552//1
f 3781//1 2151//1 819//1 2152//1
f 3780//1 1738//1 446//1 2153//1
f 3779//1 2154//1 786//1 1551//1
f 3778//1 2155//1 820//1 2156//1
f 3777//1 2075//1 785//1 2157//1
f 3776//1 2158//1 344//1 1119//1
f 3775//1 2159//1 821//1 2160//1
f 3774//1 2074//1 784//1 2161//1
f 3351//8 2725//8 4574//8 4699//8
f 3773//1 2162//1 822//1 2163//1
f 3772//1 1731//1 439//1 2164//1
f 3771//1 2165//1 783//1 1548//1
f 3770//1 2166//1 823//1 2167//1
f 3769//1 2072//1 782//1 2168//1
f 3768//1 2169//1 345//1 1120//1
f 3767//1 2170//1 824//1 2171//1
f 3766//1 2071//1 781//1 2172//1
f 3765//98 2173//98 780//98 1547//98
f 3764//99 2174//99 825//99 2175//99
f 3763//100 1741//100 449//100 2176//100
f 3762//101 2177//101 779//101 1546//101
f 3761//102 2178//102 826//102 2179//102
f 3760//103 2068//103 778//103 2180//103
f 3759//1 2181//1 328//1 1103//1
f 3758//1 2182//1 827//1 2183//1
f 3757//104 2067//104 777//104 2184//104
f 3756//1 2185//1 776//1 1543//1
f 3755//1 2186//1 828//1 2187//1
f 3754//1 1742//1 450//1 2188//1
f 3753//1 2189//1 775//1 1542//1
f 3752//1 2190//1 829//1 2191//1
f 3751//1 2064//1 774//1 2192//1
f 4707//1 4557//1 4558//1 4659//1
f 4708//1 4554//1 1165//1 4636//1
f 3748//1 2063//1 773//1 2196//1
f 3747//1 2197//1 772//1 1539//1
f 3746//1 2198//1 831//1 2199//1
f 3745//1 1734//1 442//1 2200//1
f 3744//1 2201//1 771//1 1538//1
f 3743//1 2202//1 832//1 2203//1
f 4112//1 2060//1 770//1 4089//1
f 3741//1 2205//1 349//1 1124//1
f 3740//1 2206//1 833//1 2207//1
f 4111//1 2059//1 769//1 4090//1
f 3738//1 2209//1 768//1 1535//1
f 3737//1 2210//1 834//1 2211//1
f 3736//1 1745//1 453//1 2212//1
f 3735//1 2213//1 767//1 1534//1
f 3734//1 2214//1 835//1 2215//1
f 3733//1 2056//1 766//1 2216//1
f 3732//1 2217//1 321//1 1096//1
f 3731//1 2218//1 836//1 2219//1
f 3730//1 2055//1 765//1 2220//1
f 3729//1 2221//1 764//1 1531//1
f 3728//1 2222//1 837//1 2223//1
f 3727//1 1746//1 454//1 2224//1
f 3726//1 2225//1 763//1 1530//1
f 3725//1 2226//1 838//1 2227//1
f 3724//1 2052//1 762//1 2228//1
f 3723//1 2229//1 352//1 1127//1
f 3722//1 2230//1 839//1 2231//1
f 3721//1 2051//1 761//1 2232//1
f 3720//105 2233//105 760//105 1527//105
f 3719//1 2234//1 840//1 2235//1
f 3718//1 1733//1 441//1 2236//1
f 3717//106 2237//106 759//106 1526//106
f 3716//1 2238//1 841//1 2239//1
f 4110//1 2048//1 758//1 4091//1
f 3714//107 2241//107 353//107 1128//107
f 3713//108 2242//108 842//108 2243//108
f 4109//109 2047//109 757//109 4092//109
f 3711//110 2245//110 756//110 1523//110
f 3710//111 2246//111 843//111 2247//111
f 3709//112 1749//112 457//112 2248//112
f 3708//113 2249//113 755//113 1522//113
f 3707//114 2250//114 844//114 2251//114
f 3706//115 2044//115 754//115 2252//115
f 3705//116 2253//116 325//116 1100//116
f 3704//117 2254//117 845//117 2255//117
f 3703//118 2043//118 753//118 2256//118
f 3702//119 2257//119 752//119 1519//119
f 3701//120 2258//120 846//120 2259//120
f 3700//121 1750//121 458//121 2260//121
f 3699//1 2261//1 751//1 1518//1
f 3698//1 2262//1 847//1 2263//1
f 3697//122 2040//122 750//122 2264//122
f 3696//123 2265//123 356//123 1131//123
f 3695//1 2266//1 848//1 2267//1
f 3694//124 2039//124 749//124 2268//124
f 463//19 2832//19 4587//19 1874//19
f 161//8 2037//8 533//8 3569//8
f 3692//1 1727//1 435//1 2270//1
f 3691//1 2271//1 748//1 1515//1
f 3690//1 2272//1 849//1 2273//1
f 3689//1 2037//1 747//1 2274//1
f 3688//1 2275//1 357//1 1132//1
f 3687//1 2276//1 850//1 2277//1
f 1067//8 12//8 4027//8 4029//8
f 3685//125 2279//125 745//125 1514//125
f 3684//126 2280//126 851//126 2281//126
f 3683//1 1793//1 500//1 2282//1
f 3682//127 2283//127 744//127 1513//127
f 3681//128 2284//128 852//128 2285//128
f 3680//129 2033//129 743//129 2286//129
f 3679//130 2287//130 317//130 1092//130
f 3678//131 2288//131 853//131 2289//131
f 3677//132 2032//132 742//132 2290//132
f 3676//1 2291//1 741//1 1510//1
f 3675//1 2292//1 854//1 2293//1
f 3674//1 1794//1 501//1 2294//1
f 3673//133 2295//133 740//133 1509//133
f 3672//1 2296//1 855//1 2297//1
f 3671//1 2029//1 739//1 2298//1
f 3670//134 2299//134 360//134 1135//134
f 3669//135 2300//135 856//135 2301//135
f 3668//136 2028//136 738//136 2302//136
f 814//8 2130//8 4489//8 4491//8
f 2631//19 3423//19 4712//19 4544//19
f 3667//1 1767//1 475//1 2305//1
f 3666//1 2306//1 736//1 1505//1
f 3665//1 2307//1 858//1 2308//1
f 3664//1 2025//1 735//1 2309//1
f 3663//1 2310//1 361//1 1136//1
f 3662//1 2311//1 859//1 2312//1
f 1557//20 3097//20 4670//20 2580//20
f 3660//1 2313//1 734//1 1504//1
f 3659//1 2314//1 860//1 2315//1
f 3658//1 1797//1 504//1 2316//1
f 3657//1 2317//1 733//1 1503//1
f 3656//1 2318//1 861//1 2319//1
f 3655//1 2022//1 732//1 2320//1
f 3654//137 2321//137 316//137 1091//137
f 3653//138 2322//138 862//138 2323//138
f 3652//139 2021//139 731//139 2324//139
f 3651//1 2325//1 730//1 1500//1
f 3650//1 2326//1 863//1 2327//1
f 3649//1 1798//1 505//1 2328//1
f 3648//1 2329//1 729//1 1499//1
f 3647//140 2330//140 864//140 2331//140
f 3646//141 2018//141 728//141 2332//141
f 3645//1 2333//1 364//1 1139//1
f 3644//133 2334//133 865//133 2335//133
f 3643//1 2017//1 727//1 2336//1
f 3642//142 2337//142 726//142 1496//142
f 3641//143 2338//143 866//143 2339//143
f 3640//144 1790//144 497//144 2340//144
f 3639//145 2341//145 725//145 1495//145
f 3638//146 2342//146 867//146 2343//146
f 3637//147 2014//147 724//147 2344//147
f 3636//1 2345//1 365//1 1140//1
f 3635//1 2346//1 868//1 2347//1
f 3634//148 2013//148 723//148 2348//148
f 3633//149 2349//149 722//149 1492//149
f 3632//150 2350//150 869//150 2351//150
f 3631//151 1801//151 508//151 2352//151
f 3630//152 2353//152 721//152 1491//152
f 3629//153 2354//153 870//153 2355//153
f 3628//154 2010//154 720//154 2356//154
f 3285//24 1072//24 4782//24 4832//24
f 3626//155 2358//155 871//155 2359//155
f 3625//156 2009//156 719//156 2360//156
f 3624//157 2361//157 718//157 1488//157
f 3623//158 2362//158 872//158 2363//158
f 3622//159 1802//159 509//159 2364//159
f 3621//160 2365//160 717//160 1487//160
f 3620//161 2366//161 873//161 2367//161
f 3619//162 2006//162 716//162 2368//162
f 3618//163 2369//163 368//163 1143//163
f 3617//164 2370//164 874//164 2371//164
f 3616//165 2005//165 715//165 2372//165
f 3615//166 2373//166 714//166 1484//166
f 3614//167 2374//167 875//167 2375//167
f 3613//168 1789//168 496//168 2376//168
f 3612//169 2377//169 713//169 1483//169
f 3611//170 2378//170 876//170 2379//170
f 3610//171 2002//171 712//171 2380//171
f 3609//172 2381//172 369//172 1144//172
f 3608//173 2382//173 877//173 2383//173
f 3607//174 2001//174 711//174 2384//174
f 3606//1 2385//1 710//1 1480//1
f 3605//1 2386//1 878//1 2387//1
f 3604//1 1805//1 512//1 2388//1
f 4709//1 4549//1 1147//1 2942//1
f 4710//1 1123//1 1018//1 4548//1
f 3601//1 1998//1 708//1 2392//1
f 4711//1 4545//1 4546//1 4547//1
f 4713//1 4541//1 1015//1 2938//1
f 4714//1 1014//1 926//1 4540//1
f 3597//1 2397//1 706//1 1476//1
f 3596//175 2398//175 881//175 2399//175
f 3595//176 1806//176 513//176 2400//176
f 3594//1 2401//1 705//1 1475//1
f 3593//177 2402//177 882//177 2403//177
f 3592//175 1994//175 704//175 2404//175
f 4715//1 4537//1 4538//1 4539//1
f 4716//1 4532//1 914//1 2930//1
f 3589//1 1993//1 703//1 2408//1
f 3588//1 2409//1 702//1 1472//1
f 3587//178 2410//178 884//178 2411//178
f 3586//179 1773//179 481//179 2412//179
f 3585//1 2413//1 701//1 1471//1
f 3584//180 2414//180 885//180 2415//180
f 4108//181 1990//181 700//181 4093//181
f 3582//1 2417//1 373//1 1148//1
f 3581//1 2418//1 886//1 2419//1
f 4107//1 1989//1 699//1 4094//1
f 3579//1 2421//1 698//1 1468//1
f 3578//1 2422//1 887//1 2423//1
f 3577//1 1809//1 516//1 2424//1
f 3576//1 2425//1 697//1 1467//1
f 3575//1 2426//1 888//1 2427//1
f 3574//1 1986//1 696//1 2428//1
f 3573//1 2429//1 312//1 1087//1
f 3572//1 2430//1 889//1 2431//1
f 3571//1 1985//1 695//1 2432//1
f 4717//1 4529//1 880//1 4638//1
f 4718//1 707//1 690//1 4528//1
f 4721//1 4518//1 4519//1 4520//1
f 3567//1 2437//1 693//1 1463//1
f 3566//1 2438//1 891//1 2439//1
f 3565//1 1982//1 692//1 2440//1
f 3564//1 2441//1 376//1 1151//1
f 3563//1 2442//1 892//1 2443//1
f 3562//1 1981//1 691//1 2444//1
f 4722//1 4517//1 579//1 2926//1
f 3560//182 2446//182 893//182 2447//182
f 3559//183 1786//183 493//183 2448//183
f 3558//1 2449//1 689//1 1459//1
f 3557//1 2450//1 894//1 2451//1
f 3556//184 1978//184 688//184 2452//184
f 3555//1 2453//1 377//1 1152//1
f 3554//1 2454//1 895//1 2455//1
f 3553//1 1977//1 687//1 2456//1
f 3552//1 2457//1 686//1 1456//1
f 3551//1 2458//1 896//1 2459//1
f 3550//1 1813//1 520//1 2460//1
f 3549//1 2461//1 685//1 1455//1
f 3548//1 2462//1 897//1 2463//1
f 3547//1 1974//1 684//1 2464//1
f 3546//1 2465//1 281//1 1056//1
f 3545//1 2466//1 898//1 2467//1
f 3544//1 1973//1 683//1 2468//1
f 3543//1 2469//1 682//1 1452//1
f 3542//1 2470//1 899//1 2471//1
f 3541//1 1814//1 521//1 2472//1
f 3540//1 2473//1 681//1 1451//1
f 3539//1 2474//1 900//1 2475//1
f 3538//1 1970//1 680//1 2476//1
f 3537//1 2477//1 380//1 1155//1
f 3536//1 2478//1 901//1 2479//1
f 3535//1 1969//1 679//1 2480//1
f 3534//1 2481//1 678//1 1448//1
f 3533//1 2482//1 902//1 2483//1
f 3532//1 1785//1 492//1 2484//1
f 3531//1 2485//1 677//1 1447//1
f 3530//1 2486//1 903//1 2487//1
f 3529//1 1966//1 676//1 2488//1
f 3528//1 2489//1 381//1 1156//1
f 3527//1 2490//1 904//1 2491//1
f 3526//1 1965//1 675//1 2492//1
f 3525//1 2493//1 674//1 1444//1
f 3524//1 2494//1 905//1 2495//1
f 3523//1 1817//1 524//1 2496//1
f 3522//1 2497//1 673//1 1443//1
f 3521//1 2498//1 906//1 2499//1
f 3520//1 1962//1 672//1 2500//1
f 3519//1 2501//1 309//1 1084//1
f 3518//1 2502//1 907//1 2503//1
f 3517//1 1961//1 671//1 2504//1
f 3516//1 2505//1 670//1 1440//1
f 3515//1 2506//1 908//1 2507//1
f 3514//1 1818//1 525//1 2508//1
f 3513//1 2509//1 669//1 1439//1
f 3512//1 2510//1 909//1 2511//1
f 3511//1 1958//1 668//1 2512//1
f 3510//1 2513//1 384//1 1159//1
f 3509//1 2514//1 910//1 2515//1
f 3508//1 1957//1 667//1 2516//1
f 3507//1 2517//1 666//1 1436//1
f 3506//1 2518//1 911//1 2519//1
f 3505//1 1774//1 482//1 2520//1
f 3504//1 2521//1 665//1 1435//1
f 3503//1 2522//1 912//1 2523//1
f 4106//1 1954//1 664//1 4095//1
f 3501//1 2525//1 385//1 1160//1
f 3500//1 2526//1 913//1 2527//1
f 4105//1 1953//1 663//1 4096//1
f 4723//1 578//1 534//1 4655//1
f 4726//1 4511//1 4512//1 4513//1
f 4727//1 4510//1 431//1 2793//1
f 3495//1 2533//1 661//1 1431//1
f 3494//1 2534//1 915//1 2535//1
f 3493//1 1950//1 660//1 2536//1
f 3492//1 2537//1 308//1 1083//1
f 3491//1 2538//1 916//1 2539//1
f 3490//1 1949//1 659//1 2540//1
f 4732//1 4496//1 224//1 2772//1
f 3488//1 2542//1 917//1 2543//1
f 4733//1 223//1 214//1 4495//1
f 3486//1 2545//1 657//1 1427//1
f 3485//1 2546//1 918//1 2547//1
f 3484//1 1946//1 656//1 2548//1
f 3483//1 2549//1 388//1 1163//1
f 3482//1 2550//1 919//1 2551//1
f 3481//1 1945//1 655//1 2552//1
f 3480//1 2553//1 654//1 1424//1
f 3479//1 2554//1 920//1 2555//1
f 3478//1 1782//1 489//1 2556//1
f 3477//1 2557//1 653//1 1423//1
f 3476//1 2558//1 921//1 2559//1
f 3475//1 1942//1 652//1 2560//1
f 3474//1 2561//1 389//1 1164//1
f 3473//1 2562//1 922//1 2563//1
f 3472//1 1941//1 651//1 2564//1
f 4734//1 191//1 190//1 4492//1
f 4736//1 4485//1 4486//1 4487//1
f 4738//1 4474//1 4475//1 4651//1
f 3468//1 2569//1 649//1 1419//1
f 3467//1 2570//1 924//1 2571//1
f 3466//1 1938//1 648//1 2572//1
f 3465//1 2573//1 288//1 1063//1
f 3464//1 2574//1 925//1 2575//1
f 3463//1 1937//1 647//1 2576//1
f 4739//1 4476//1 4477//1 4650//1
f 4740//1 1936//1 1876//1 4484//1
f 4741//1 4481//1 4482//1 4483//1
f 3459//1 2581//1 645//1 1415//1
f 3458//1 2582//1 927//1 2583//1
f 3457//1 1934//1 644//1 2584//1
f 3456//1 2585//1 392//1 1167//1
f 3455//1 2586//1 928//1 2587//1
f 3454//1 1933//1 643//1 2588//1
f 3453//1 2589//1 642//1 1412//1
f 3452//1 2590//1 929//1 2591//1
f 3451//1 1781//1 488//1 2592//1
f 3450//1 2593//1 641//1 1411//1
f 4742//1 4480//1 4479//1 2567//1
f 3448//1 1930//1 640//1 2596//1
f 3447//185 2597//185 393//185 1168//185
f 3446//1 2598//1 931//1 2599//1
f 3445//1 1929//1 639//1 2600//1
f 3444//1 2601//1 638//1 1408//1
f 3443//1 2602//1 932//1 2603//1
f 3442//1 1829//1 536//1 2604//1
f 3441//1 2605//1 637//1 1407//1
f 3440//1 2606//1 933//1 2607//1
f 3439//1 1926//1 636//1 2608//1
f 3438//1 2609//1 305//1 1080//1
f 3437//1 2610//1 934//1 2611//1
f 3436//1 1925//1 635//1 2612//1
f 1690//19 3221//19 4682//19 4642//19
f 3434//1 2614//1 935//1 2615//1
f 3433//1 1830//1 537//1 2616//1
f 2727//34 345//34 2433//34 4576//34
f 3432//1 2617//1 936//1 2618//1
f 3431//1 1924//1 634//1 2619//1
f 3430//1 2620//1 395//1 1171//1
f 499//8 2831//8 4584//8 1825//8
f 3423//19 1170//19 4633//19 4712//19
f 3429//1 2623//1 632//1 1401//1
f 3428//1 2624//1 938//1 2625//1
f 3427//1 1771//1 479//1 2626//1
f 3097//34 3072//34 4630//34 4670//34
f 3425//1 2628//1 939//1 2629//1
f 3424//1 1920//1 631//1 2630//1
f 3423//1 2631//1 396//1 1172//1
f 3221//19 2901//19 4604//19 4682//19
f 2726//34 964//34 4577//34 4575//34
f 3421//1 2632//1 629//1 1398//1
f 3420//1 2633//1 940//1 2634//1
f 3419//1 1833//1 540//1 2635//1
f 3418//1 2636//1 628//1 1397//1
f 3417//1 2637//1 941//1 2638//1
f 3416//1 1916//1 627//1 2639//1
f 3415//1 2640//1 304//1 1079//1
f 3414//1 2641//1 942//1 2642//1
f 3413//1 1915//1 626//1 2643//1
f 207//34 1368//34 3252//34 3460//34
f 3412//1 2644//1 943//1 2645//1
f 3411//1 1834//1 541//1 2646//1
f 990//8 2830//8 4583//8 4585//8
f 3409//1 2647//1 944//1 2648//1
f 3408//1 1914//1 625//1 2649//1
f 3407//1 2650//1 399//1 1175//1
f 1560//19 274//19 2577//19 2568//19
f 292//19 3029//19 4621//19 2541//19
f 939//19 2629//19 4542//19 4657//19
f 3405//1 2653//1 946//1 2654//1
f 3404//1 1778//1 486//1 2655//1
f 3403//1 2656//1 623//1 1392//1
f 3402//1 2657//1 947//1 2658//1
f 3401//1 1913//1 622//1 2659//1
f 3400//1 2660//1 400//1 1176//1
f 3399//1 2661//1 948//1 2662//1
f 3096//20 3071//20 4628//20 4669//20
f 3397//186 2664//186 620//186 1390//186
f 3396//187 2665//187 949//187 2666//187
f 3395//188 1837//188 544//188 2667//188
f 3394//189 2668//189 619//189 1389//189
f 3393//1 2669//1 950//1 2670//1
f 3392//190 1910//190 618//190 2671//190
f 3391//191 2672//191 289//191 1064//191
f 3390//192 2673//192 951//192 2674//192
f 3389//193 1909//193 617//193 2675//193
f 3388//1 2676//1 616//1 1386//1
f 3387//1 2677//1 952//1 2678//1
f 3386//1 1838//1 545//1 2679//1
f 3385//1 2680//1 615//1 1385//1
f 3384//1 2681//1 953//1 2682//1
f 3383//1 1906//1 614//1 2683//1
f 3382//1 2684//1 403//1 1179//1
f 3381//1 2685//1 954//1 2686//1
f 3380//1 1905//1 613//1 2687//1
f 3379//1 2688//1 612//1 1382//1
f 3378//1 2689//1 955//1 2690//1
f 3377//1 1777//1 485//1 2691//1
f 3376//1 2692//1 611//1 1381//1
f 3375//1 2693//1 956//1 2694//1
f 3374//1 1902//1 610//1 2695//1
f 3373//1 2696//1 404//1 1180//1
f 3372//1 2697//1 957//1 2698//1
f 3371//1 1901//1 609//1 2699//1
f 3370//1 2700//1 608//1 1378//1
f 3369//1 2701//1 958//1 2702//1
f 3368//1 1841//1 548//1 2703//1
f 3367//194 2704//194 607//194 1377//194
f 3366//195 2705//195 959//195 2706//195
f 3365//1 1898//1 606//1 2707//1
f 3364//196 2708//196 301//196 1076//196
f 3363//197 2709//197 960//197 2710//197
f 3362//1 1897//1 605//1 2711//1
f 3361//1 2712//1 604//1 1374//1
f 3360//1 2713//1 961//1 2714//1
f 3359//1 1842//1 549//1 2715//1
f 3358//1 2716//1 603//1 1373//1
f 3357//1 2717//1 962//1 2718//1
f 3356//1 1894//1 602//1 2719//1
f 3355//1 2720//1 407//1 1183//1
f 3354//1 2721//1 963//1 2722//1
f 3353//1 1893//1 601//1 2723//1
f 1239//34 463//34 1874//34 3934//34
f 3028//20 1039//20 4619//20 4620//20
f 3351//1 1759//1 467//1 2725//1
f 3350//1 2726//1 600//1 1370//1
f 3349//1 2727//1 964//1 2728//1
f 2082//20 3096//20 4669//20 223//20
f 3348//1 2730//1 408//1 1184//1
f 3347//1 2731//1 965//1 2732//1
f 3346//1 1890//1 598//1 2733//1
f 3345//1 2734//1 597//1 1367//1
f 3344//1 2735//1 966//1 2736//1
f 3343//1 1845//1 551//1 2737//1
f 3342//198 2738//198 596//198 1366//198
f 3341//199 2739//199 967//199 2740//199
f 3340//200 1887//200 595//200 2741//200
f 3339//201 2742//201 300//201 1075//201
f 3338//198 2743//198 968//198 2744//198
f 3337//32 1886//32 594//32 2745//32
f 3336//1 2746//1 593//1 1363//1
f 3335//1 2747//1 969//1 2748//1
f 3334//1 1846//1 552//1 2749//1
f 3333//1 2750//1 592//1 1362//1
f 3332//1 2751//1 970//1 2752//1
f 3331//1 1883//1 591//1 2753//1
f 3330//14 2754//14 411//14 1187//14
f 3329//1 2755//1 971//1 2756//1
f 3328//1 1882//1 590//1 2757//1
f 3327//1 2758//1 589//1 1359//1
f 3326//1 2759//1 972//1 2760//1
f 3325//1 1762//1 470//1 2761//1
f 3324//1 2762//1 588//1 1358//1
f 3323//1 2763//1 973//1 2764//1
f 4104//1 1879//1 587//1 4097//1
f 3321//202 2766//202 412//202 1188//202
f 3320//1 2767//1 974//1 2768//1
f 4103//1 1878//1 586//1 4098//1
f 4743//1 3991//1 3988//1 4478//1
f 4747//1 2578//1 2577//1 117//1
f 3316//203 1849//203 555//203 2773//203
f 3315//1 2774//1 584//1 1354//1
f 3314//1 2775//1 976//1 2776//1
f 4748//1 2580//1 3897//1 2530//1
f 3312//1 2778//1 293//1 1068//1
f 3311//1 2779//1 977//1 2780//1
f 4750//1 2787//1 2777//1 386//1
f 3309//1 2782//1 581//1 1351//1
f 3308//204 2783//204 978//204 2784//204
f 3307//205 1850//205 556//205 2785//205
f 3306//1 2786//1 580//1 1350//1
f 4751//1 2789//1 3602//1 2434//1
f 4752//1 3943//1 3940//1 530//1
f 3303//1 2790//1 415//1 1191//1
f 3302//1 2791//1 980//1 2792//1
f 4753//1 2924//1 2923//1 4647//1
f 3300//206 2794//206 577//206 1347//206
f 3299//207 2795//207 981//207 2796//207
f 3298//208 1761//208 469//208 2797//208
f 3297//209 2798//209 576//209 1346//209
f 3296//210 2799//210 982//210 2800//210
f 4102//211 1867//211 575//211 4099//211
f 3294//212 2802//212 416//212 1192//212
f 3293//213 2803//213 983//213 2804//213
f 4101//214 1866//214 574//214 4100//214
f 3291//1 2806//1 573//1 1343//1
f 3290//215 2807//215 984//215 2808//215
f 3289//1 1853//1 559//1 2809//1
f 3288//216 2810//216 572//216 1342//216
f 3287//217 2811//217 985//217 2812//217
f 3286//218 1863//218 571//218 2813//218
f 3285//1 2814//1 297//1 1072//1
f 3284//219 2815//219 986//219 2816//219
f 3283//1 1862//1 570//1 2817//1
f 3282//220 2818//220 569//220 1339//220
f 3281//221 2819//221 987//221 2820//221
f 3280//222 1854//222 560//222 2821//222
f 3279//223 2822//223 568//223 1338//223
f 3278//224 2823//224 988//224 2824//224
f 3277//225 1859//225 567//225 2825//225
f 3276//226 2826//226 419//226 1195//226
f 3275//227 2827//227 989//227 2828//227
f 3274//228 1858//228 566//228 2829//228
f 3686//34 2038//34 4647//34 4723//34
f 1334//34 564//34 1683//34 3313//34
f 2278//34 3686//34 4723//34 4655//34
f 3272//1 2833//1 565//1 1335//1
f 3271//1 2834//1 991//1 2835//1
f 947//20 2659//20 4568//20 4569//20
f 3269//1 2837//1 420//1 1196//1
f 3268//1 2838//1 992//1 2839//1
f 3267//1 1856//1 563//1 2840//1
f 1039//8 3026//8 4617//8 4619//8
f 541//20 2658//20 4566//20 4567//20
f 3273//20 1755//20 1875//20 4694//20
f 3265//229 2842//229 561//229 1332//229
f 3264//230 2843//230 993//230 2844//230
f 3263//231 1710//231 418//231 2845//231
f 1244//232 129//232 4798//232 4797//232
f 3261//1 2847//1 994//1 2848//1
f 3260//1 1709//1 417//1 2849//1
f 3259//233 2850//233 558//233 1329//233
f 3258//234 2851//234 995//234 2852//234
f 3257//235 1621//235 326//235 2853//235
f 3256//236 2854//236 557//236 1328//236
f 3255//237 2855//237 996//237 2856//237
f 3254//238 1706//238 414//238 2857//238
f 3253//1 2858//1 436//1 1212//1
f 4754//1 2925//1 3590//1 4641//1
f 3251//1 1705//1 413//1 2861//1
f 3250//1 2862//1 554//1 1325//1
f 3249//1 2863//1 998//1 2864//1
f 3248//1 1622//1 327//1 2865//1
f 3247//14 2866//14 553//14 1324//14
f 3246//1 2867//1 999//1 2868//1
f 3245//1 1702//1 410//1 2869//1
f 3244//239 2870//239 443//239 1219//239
f 3243//1 2871//1 1000//1 2872//1
f 3242//240 1701//240 409//240 2873//240
f 562//19 1333//19 3449//19 1707//19
f 2311//20 3661//20 4718//20 4526//20
f 3239//1 1619//1 324//1 2876//1
f 3238//1 2877//1 550//1 1321//1
f 3237//1 2878//1 1002//1 2879//1
f 3236//1 1698//1 406//1 2880//1
f 3235//1 2881//1 444//1 1220//1
f 3234//1 2882//1 1003//1 2883//1
f 3233//1 1697//1 405//1 2884//1
f 3232//241 2885//241 547//241 1318//241
f 3231//1 2886//1 1004//1 2887//1
f 3230//1 1637//1 342//1 2888//1
f 3229//1 2889//1 546//1 1317//1
f 3228//1 2890//1 1005//1 2891//1
f 3227//1 1694//1 402//1 2892//1
f 3226//242 2893//242 432//242 1208//242
f 3225//243 2894//243 1006//243 2895//243
f 3224//244 1693//244 401//244 2896//244
f 3223//1 2897//1 543//1 1314//1
f 3835//20 1557//20 2580//20 4748//20
f 2831//20 3273//20 4694//20 4584//20
f 3222//1 2900//1 542//1 1313//1
f 2661//19 3399//19 4703//19 4660//19
f 3221//1 1690//1 398//1 2903//1
f 3220//1 2904//1 447//1 1223//1
f 3219//1 2905//1 1009//1 2906//1
f 3218//1 1689//1 397//1 2907//1
f 3217//1 2908//1 539//1 1311//1
f 3216//1 2909//1 1010//1 2910//1
f 3215//1 1631//1 336//1 2911//1
f 3214//1 2912//1 538//1 1310//1
f 3422//20 1919//20 1123//20 4710//20
f 3661//34 2026//34 650//34 4718//34
f 3212//1 2915//1 448//1 1224//1
f 3211//1 2916//1 1012//1 2917//1
f 3210//1 1687//1 394//1 2918//1
f 3209//14 2919//14 535//14 1308//14
f 3208//1 2920//1 1013//1 2921//1
f 3207//1 1639//1 346//1 2922//1
f 4756//1 2928//1 2927//1 650//1
f 4757//1 2929//1 3569//1 2407//1
f 4758//1 3568//1 3498//1 890//1
f 4759//1 2936//1 2935//1 923//1
f 4761//1 2940//1 3496//1 2195//1
f 4762//1 3471//1 3470//1 1161//1
f 3200//1 2931//1 531//1 1304//1
f 3199//1 2932//1 1016//1 2933//1
f 3198//1 1640//1 347//1 2934//1
f 4763//1 3193//1 3192//1 1166//1
f 4764//1 3750//1 3749//1 1306//1
f 4765//1 3202//1 3201//1 1348//1
f 3194//1 2939//1 451//1 1227//1
f 4767//1 3206//1 3204//1 1460//1
f 4769//1 3934//1 3931//1 1679//1
f 3191//1 2943//1 527//1 1300//1
f 3190//1 2944//1 1019//1 2945//1
f 3189//1 1634//1 339//1 2946//1
f 3188//1 2947//1 526//1 1299//1
f 3187//1 2948//1 1020//1 2949//1
f 3186//1 1676//1 383//1 2950//1
f 3185//1 2951//1 452//1 1228//1
f 3184//1 2952//1 1021//1 2953//1
f 3183//1 1675//1 382//1 2954//1
f 3182//1 2955//1 523//1 1296//1
f 3181//1 2956//1 1022//1 2957//1
f 3180//1 1643//1 350//1 2958//1
f 3179//1 2959//1 522//1 1295//1
f 3178//1 2960//1 1023//1 2961//1
f 3177//1 1672//1 379//1 2962//1
f 3176//1 2963//1 424//1 1200//1
f 3175//1 2964//1 1024//1 2965//1
f 3174//1 1671//1 378//1 2966//1
f 3173//1 2967//1 519//1 1292//1
f 3172//1 2968//1 1025//1 2969//1
f 3171//1 1644//1 351//1 2970//1
f 3170//1 2971//1 518//1 1291//1
f 3169//1 2972//1 1026//1 2973//1
f 3168//1 1668//1 375//1 2974//1
f 3167//1 2975//1 455//1 1231//1
f 3166//1 2976//1 1027//1 2977//1
f 3165//1 1667//1 374//1 2978//1
f 3164//1 2979//1 515//1 1288//1
f 3163//1 2980//1 1028//1 2981//1
f 3162//1 1633//1 338//1 2982//1
f 3161//1 2983//1 514//1 1287//1
f 3160//1 2984//1 1029//1 2985//1
f 3159//1 1664//1 371//1 2986//1
f 3158//1 2987//1 456//1 1232//1
f 3157//1 2988//1 1030//1 2989//1
f 3156//245 1663//245 370//245 2990//245
f 3155//246 2991//246 511//246 1284//246
f 3154//247 2992//247 1031//247 2993//247
f 3153//248 1647//248 354//248 2994//248
f 3152//249 2995//249 510//249 1283//249
f 3151//250 2996//250 1032//250 2997//250
f 3150//251 1660//251 367//251 2998//251
f 1060//252 8//252 4780//252 4779//252
f 3148//253 3000//253 1033//253 3001//253
f 3147//254 1659//254 366//254 3002//254
f 3146//255 3003//255 507//255 1280//255
f 3145//256 3004//256 1034//256 3005//256
f 3144//257 1648//257 355//257 3006//257
f 3143//1 3007//1 506//1 1279//1
f 3142//1 3008//1 1035//1 3009//1
f 3141//1 1656//1 363//1 3010//1
f 3140//258 3011//258 459//258 1235//258
f 3139//259 3012//259 1036//259 3013//259
f 3138//1 1655//1 362//1 3014//1
f 2134//20 3835//20 4748//20 4653//20
f 623//34 2656//34 4565//34 1307//34
f 3136//1 1627//1 332//1 3017//1
f 3135//260 3018//260 502//260 1275//260
f 3134//261 3019//261 1037//261 3020//261
f 3133//1 1652//1 359//1 3021//1
f 3132//262 3022//262 460//262 1236//262
f 3131//1 3023//1 1038//1 3024//1
f 3130//1 1651//1 358//1 3025//1
f 3399//19 1690//19 4642//19 4703//19
f 3129//1 3027//1 1039//1 3028//1
f 2083//8 3095//8 4668//8 56//8
f 3128//263 3030//263 498//263 1272//263
f 3127//264 3031//264 1040//264 3032//264
f 3126//265 1610//265 315//265 3033//265
f 45//6 1112//6 4789//6 4790//6
f 3124//266 3035//266 1041//266 3036//266
f 3123//267 1609//267 314//267 3037//267
f 3122//268 3038//268 495//268 1269//268
f 3121//269 3039//269 1042//269 3040//269
f 3120//270 1593//270 298//270 3041//270
f 3119//1 3042//1 494//1 1268//1
f 3118//1 3043//1 1043//1 3044//1
f 3117//1 1606//1 311//1 3045//1
f 3116//1 3046//1 464//1 1240//1
f 3115//1 3047//1 1044//1 3048//1
f 3114//1 1605//1 310//1 3049//1
f 3113//1 3050//1 491//1 1265//1
f 3112//1 3051//1 1045//1 3052//1
f 3111//1 1594//1 299//1 3053//1
f 3110//1 3054//1 490//1 1264//1
f 3109//1 3055//1 1046//1 3056//1
f 3108//1 1602//1 307//1 3057//1
f 3107//271 3058//271 471//271 1247//271
f 3106//98 3059//98 1047//98 3060//98
f 3105//1 1601//1 306//1 3061//1
f 946//20 2655//20 4563//20 4564//20
f 1921//8 3422//8 4710//8 1017//8
f 3104//1 1591//1 296//1 3062//1
f 3103//1 3063//1 487//1 1261//1
f 3102//1 3064//1 1048//1 3065//1
f 3101//1 1598//1 303//1 3066//1
f 3100//272 3067//272 472//272 1248//272
f 3099//1 3068//1 1049//1 3069//1
f 3098//1 1597//1 302//1 3070//1
f 633//19 2622//19 4540//19 926//19
f 3095//8 3073//8 4631//8 4668//8
f 3095//1 1579//1 284//1 3073//1
f 3094//273 3074//273 483//273 1259//273
f 3093//273 3075//273 1050//273 3076//273
f 3092//1 1582//1 287//1 3077//1
f 3091//274 3078//274 476//274 1252//274
f 3090//275 3079//275 1051//275 3080//275
f 3089//276 1581//276 286//276 3081//276
f 3088//1 3082//1 480//1 1256//1
f 3087//1 3083//1 1052//1 3084//1
f 3086//1 1575//1 280//1 3085//1
f 3083//1 3086//1 3085//1 1052//1
f 1636//34 3835//34 4748//34 2530//34
f 2094//1 84//1 1575//1 3086//1
f 622//20 2654//20 4561//20 4562//20
f 361//20 1654//20 2407//20 2396//20
f 937//19 2621//19 4539//19 4538//19
f 1569//1 3088//1 1256//1 141//1
f 804//1 3084//1 3088//1 1569//1
f 3084//1 1052//1 3082//1 3088//1
f 3079//277 3089//277 3081//277 1051//277
f 803//278 2091//278 3089//278 3079//278
f 2091//279 90//279 1581//279 3089//279
f 2088//280 3090//280 3080//280 800//280
f 276//281 1568//281 3090//281 2088//281
f 1568//282 803//282 3079//282 3090//282
f 1565//283 3091//283 1252//283 137//283
f 800//284 3080//284 3091//284 1565//284
f 3080//285 1051//285 3078//285 3091//285
f 3075//1 3092//1 3077//1 1050//1
f 799//286 2087//286 3092//286 3075//286
f 2087//287 91//287 1582//287 3092//287
f 2084//288 3093//288 3076//288 796//288
f 275//288 1564//288 3093//288 2084//288
f 1564//273 799//273 3075//273 3093//273
f 1561//289 3094//289 1259//289 144//289
f 796//288 3076//288 3094//288 1561//288
f 3076//273 1050//273 3074//273 3094//273
f 236//8 1923//8 1014//8 2935//8
f 3834//20 1558//20 2578//20 4747//20
f 2083//1 88//1 1579//1 3095//1
f 1755//8 463//8 1874//8 1875//8
f 274//1 1560//1 3096//1 2082//1
f 1560//1 795//1 3071//1 3096//1
f 3241//20 2874//20 4594//20 4688//20
f 792//1 3072//1 3097//1 1557//1
f 2310//34 859//34 4527//34 4656//34
f 3068//1 3098//1 3070//1 1049//1
f 791//1 2081//1 3098//1 3068//1
f 2081//290 106//290 1597//290 3098//290
f 2078//1 3099//1 3069//1 788//1
f 273//1 1556//1 3099//1 2078//1
f 1556//1 791//1 3068//1 3099//1
f 1553//291 3100//291 1248//291 133//291
f 788//292 3069//292 3100//292 1553//292
f 3069//293 1049//293 3067//293 3100//293
f 3064//1 3101//1 3066//1 1048//1
f 787//1 2077//1 3101//1 3064//1
f 2077//1 107//1 1598//1 3101//1
f 2074//1 3102//1 3065//1 784//1
f 272//1 1552//1 3102//1 2074//1
f 1552//1 787//1 3064//1 3102//1
f 1549//1 3103//1 1261//1 146//1
f 784//1 3065//1 3103//1 1549//1
f 3065//1 1048//1 3063//1 3103//1
f 2130//20 3834//20 4747//20 4489//20
f 3398//19 2661//19 4660//19 4702//19
f 2073//1 100//1 1591//1 3104//1
f 2309//20 735//20 658//20 4525//20
f 2652//19 945//19 4558//19 4559//19
f 2619//20 634//20 4637//20 4535//20
f 2875//8 3241//8 4688//8 4597//8
f 2663//34 3398//34 4702//34 4661//34
f 2618//20 936//20 4536//20 4533//20
f 3059//1 3105//1 3061//1 1047//1
f 780//1 2070//1 3105//1 3059//1
f 2070//1 110//1 1601//1 3105//1
f 2067//294 3106//294 3060//294 777//294
f 271//295 1547//295 3106//295 2067//295
f 1547//98 780//98 3059//98 3106//98
f 1544//296 3107//296 1247//296 132//296
f 777//297 3060//297 3107//297 1544//297
f 3060//298 1047//298 3058//298 3107//298
f 3055//1 3108//1 3057//1 1046//1
f 776//1 2066//1 3108//1 3055//1
f 2066//1 111//1 1602//1 3108//1
f 2063//1 3109//1 3056//1 773//1
f 270//1 1543//1 3109//1 2063//1
f 1543//1 776//1 3055//1 3109//1
f 1540//1 3110//1 1264//1 149//1
f 773//1 3056//1 3110//1 1540//1
f 3056//1 1046//1 3054//1 3110//1
f 3051//1 3111//1 3053//1 1045//1
f 772//1 2062//1 3111//1 3051//1
f 2062//1 103//1 1594//1 3111//1
f 2059//1 3112//1 3052//1 769//1
f 269//1 1539//1 3112//1 2059//1
f 1539//1 772//1 3051//1 3112//1
f 1536//1 3113//1 1265//1 150//1
f 769//1 3052//1 3113//1 1536//1
f 3052//1 1045//1 3050//1 3113//1
f 3047//1 3114//1 3049//1 1044//1
f 768//1 2058//1 3114//1 3047//1
f 2058//1 114//1 1605//1 3114//1
f 2055//1 3115//1 3048//1 765//1
f 268//1 1535//1 3115//1 2055//1
f 1535//1 768//1 3047//1 3115//1
f 1532//1 3116//1 1240//1 125//1
f 765//1 3048//1 3116//1 1532//1
f 3048//1 1044//1 3046//1 3116//1
f 3043//1 3117//1 3045//1 1043//1
f 764//1 2054//1 3117//1 3043//1
f 2054//1 115//1 1606//1 3117//1
f 2051//1 3118//1 3044//1 761//1
f 267//1 1531//1 3118//1 2051//1
f 1531//1 764//1 3043//1 3118//1
f 1528//1 3119//1 1268//1 153//1
f 761//1 3044//1 3119//1 1528//1
f 3044//1 1043//1 3042//1 3119//1
f 3039//299 3120//299 3041//299 1042//299
f 760//300 2050//300 3120//300 3039//300
f 2050//301 102//301 1593//301 3120//301
f 2047//302 3121//302 3040//302 757//302
f 266//303 1527//303 3121//303 2047//303
f 1527//304 760//304 3039//304 3121//304
f 1524//305 3122//305 1269//305 154//305
f 757//306 3040//306 3122//306 1524//306
f 3040//307 1042//307 3038//307 3122//307
f 3035//308 3123//308 3037//308 1041//308
f 756//309 2046//309 3123//309 3035//309
f 2046//310 118//310 1609//310 3123//310
f 2043//311 3124//311 3036//311 753//311
f 265//312 1523//312 3124//312 2043//312
f 1523//313 756//313 3035//313 3124//313
f 3863//314 1520//314 4803//314 4836//314
f 753//315 3036//315 3125//315 1520//315
f 3036//316 1041//316 3034//316 3125//316
f 3031//317 3126//317 3033//317 1040//317
f 752//318 2042//318 3126//318 3031//318
f 2042//319 119//319 1610//319 3126//319
f 2039//320 3127//320 3032//320 749//320
f 264//321 1519//321 3127//321 2039//321
f 1519//322 752//322 3031//322 3127//322
f 1516//323 3128//323 1272//323 157//323
f 749//324 3032//324 3128//324 1516//324
f 3032//325 1040//325 3030//325 3128//325
f 2307//34 341//34 2529//34 4523//34
f 1011//19 2913//19 4609//19 4608//19
f 3073//8 4064//8 4778//8 4631//8
f 2036//1 3129//1 3028//1 746//1
f 2306//34 858//34 4524//34 4522//34
f 3833//19 2128//19 4652//19 4746//19
f 4064//8 1776//8 1872//8 4778//8
f 3240//19 1890//19 4646//19 4687//19
f 2129//8 3833//8 4746//8 4488//8
f 3023//1 3130//1 3025//1 1038//1
f 745//1 2035//1 3130//1 3023//1
f 2035//1 158//1 1651//1 3130//1
f 2032//326 3131//326 3024//326 742//326
f 263//327 1514//327 3131//327 2032//327
f 1514//328 745//328 3023//328 3131//328
f 1511//329 3132//329 1236//329 121//329
f 742//330 3024//330 3132//330 1511//330
f 3024//331 1038//331 3022//331 3132//331
f 3019//1 3133//1 3021//1 1037//1
f 741//1 2031//1 3133//1 3019//1
f 2031//1 159//1 1652//1 3133//1
f 2028//332 3134//332 3020//332 738//332
f 262//261 1510//261 3134//261 2028//261
f 1510//1 741//1 3019//1 3134//1
f 1507//333 3135//333 1275//333 160//333
f 738//334 3020//334 3135//334 1507//334
f 3020//335 1037//335 3018//335 3135//335
f 944//20 2649//20 4555//20 4556//20
f 737//1 2027//1 3136//1 3016//1
f 2027//1 136//1 1627//1 3136//1
f 2616//20 537//20 4543//20 4530//20
f 2083//34 3833//34 4746//34 56//34
f 1506//1 737//1 3016//1 3137//1
f 4004//34 2840//34 4663//34 4771//34
f 2875//34 3240//34 4687//34 4597//34
f 3346//20 1890//20 4646//20 4697//20
f 3012//1 3138//1 3014//1 1036//1
f 734//1 2024//1 3138//1 3012//1
f 2024//1 162//1 1655//1 3138//1
f 2021//336 3139//336 3013//336 731//336
f 261//1 1504//1 3139//1 2021//1
f 1504//1 734//1 3012//1 3139//1
f 1501//337 3140//337 1235//337 120//337
f 731//338 3013//338 3140//338 1501//338
f 3013//339 1036//339 3011//339 3140//339
f 3008//1 3141//1 3010//1 1035//1
f 730//133 2020//133 3141//133 3008//133
f 2020//133 163//133 1656//133 3141//133
f 2017//1 3142//1 3009//1 727//1
f 260//133 1500//133 3142//133 2017//133
f 1500//133 730//133 3008//133 3142//133
f 1497//1 3143//1 1279//1 164//1
f 727//1 3009//1 3143//1 1497//1
f 3009//1 1035//1 3007//1 3143//1
f 3004//340 3144//340 3006//340 1034//340
f 726//341 2016//341 3144//341 3004//341
f 2016//342 156//342 1648//342 3144//342
f 2013//343 3145//343 3005//343 723//343
f 259//344 1496//344 3145//344 2013//344
f 1496//345 726//345 3004//345 3145//345
f 1493//346 3146//346 1280//346 165//346
f 723//347 3005//347 3146//347 1493//347
f 3005//348 1034//348 3003//348 3146//348
f 3000//349 3147//349 3002//349 1033//349
f 722//350 2012//350 3147//350 3000//350
f 2012//351 166//351 1659//351 3147//351
f 2009//352 3148//352 3001//352 719//352
f 258//353 1492//353 3148//353 2009//353
f 1492//354 722//354 3000//354 3148//354
f 3998//6 1340//6 4801//6 4838//6
f 719//355 3001//355 3149//355 1489//355
f 3001//356 1033//356 2999//356 3149//356
f 2996//357 3150//357 2998//357 1032//357
f 718//358 2008//358 3150//358 2996//358
f 2008//359 167//359 1660//359 3150//359
f 2005//360 3151//360 2997//360 715//360
f 257//361 1488//361 3151//361 2005//361
f 1488//362 718//362 2996//362 3151//362
f 1485//363 3152//363 1283//363 168//363
f 715//364 2997//364 3152//364 1485//364
f 2997//365 1032//365 2995//365 3152//365
f 2992//366 3153//366 2994//366 1031//366
f 714//367 2004//367 3153//367 2992//367
f 2004//368 155//368 1647//368 3153//368
f 2001//369 3154//369 2993//369 711//369
f 256//370 1484//370 3154//370 2001//370
f 1484//371 714//371 2992//371 3154//371
f 1481//372 3155//372 1284//372 169//372
f 711//373 2993//373 3155//373 1481//373
f 2993//374 1031//374 2991//374 3155//374
f 2988//1 3156//1 2990//1 1030//1
f 710//1 2000//1 3156//1 2988//1
f 2000//375 170//375 1663//375 3156//375
f 4770//1 3313//1 3304//1 4645//1
f 255//1 1480//1 3157//1 1997//1
f 1480//1 710//1 2988//1 3157//1
f 4771//1 3317//1 3318//1 4643//1
f 4772//1 4026//1 3992//1 1723//1
f 2989//1 1030//1 2987//1 3158//1
f 2984//1 3159//1 2986//1 1029//1
f 706//1 1996//1 3159//1 2984//1
f 1996//1 171//1 1664//1 3159//1
f 1993//1 3160//1 2985//1 703//1
f 254//1 1476//1 3160//1 1993//1
f 1476//1 706//1 2984//1 3160//1
f 1473//1 3161//1 1287//1 172//1
f 703//1 2985//1 3161//1 1473//1
f 2985//1 1029//1 2983//1 3161//1
f 2980//1 3162//1 2982//1 1028//1
f 702//1 1992//1 3162//1 2980//1
f 1992//1 142//1 1633//1 3162//1
f 1989//1 3163//1 2981//1 699//1
f 253//1 1472//1 3163//1 1989//1
f 1472//1 702//1 2980//1 3163//1
f 1469//1 3164//1 1288//1 173//1
f 699//1 2981//1 3164//1 1469//1
f 2981//1 1028//1 2979//1 3164//1
f 2976//1 3165//1 2978//1 1027//1
f 698//1 1988//1 3165//1 2976//1
f 1988//1 174//1 1667//1 3165//1
f 1985//1 3166//1 2977//1 695//1
f 252//1 1468//1 3166//1 1985//1
f 1468//1 698//1 2976//1 3166//1
f 1465//1 3167//1 1231//1 116//1
f 695//1 2977//1 3167//1 1465//1
f 2977//1 1027//1 2975//1 3167//1
f 2972//1 3168//1 2974//1 1026//1
f 694//1 1984//1 3168//1 2972//1
f 1984//1 175//1 1668//1 3168//1
f 1981//1 3169//1 2973//1 691//1
f 251//1 1464//1 3169//1 1981//1
f 1464//1 694//1 2972//1 3169//1
f 1461//1 3170//1 1291//1 176//1
f 691//1 2973//1 3170//1 1461//1
f 2973//1 1026//1 2971//1 3170//1
f 2968//1 3171//1 2970//1 1025//1
f 4776//1 4029//1 4027//1 1826//1
f 1980//1 152//1 1644//1 3171//1
f 1977//1 3172//1 2969//1 687//1
f 1606//34 115//34 4152//34 4381//34
f 1949//34 243//34 4186//34 4260//34
f 1457//1 3173//1 1292//1 177//1
f 687//1 2969//1 3173//1 1457//1
f 2969//1 1025//1 2967//1 3173//1
f 2964//1 3174//1 2966//1 1024//1
f 686//1 1976//1 3174//1 2964//1
f 1976//1 178//1 1671//1 3174//1
f 1973//1 3175//1 2965//1 683//1
f 249//1 1456//1 3175//1 1973//1
f 1456//1 686//1 2964//1 3175//1
f 1453//1 3176//1 1200//1 85//1
f 683//1 2965//1 3176//1 1453//1
f 2965//1 1024//1 2963//1 3176//1
f 2960//1 3177//1 2962//1 1023//1
f 682//1 1972//1 3177//1 2960//1
f 1972//1 179//1 1672//1 3177//1
f 1969//1 3178//1 2961//1 679//1
f 248//1 1452//1 3178//1 1969//1
f 1452//1 682//1 2960//1 3178//1
f 1449//1 3179//1 1295//1 180//1
f 679//1 2961//1 3179//1 1449//1
f 2961//1 1023//1 2959//1 3179//1
f 2956//1 3180//1 2958//1 1022//1
f 678//1 1968//1 3180//1 2956//1
f 1968//1 151//1 1643//1 3180//1
f 1965//1 3181//1 2957//1 675//1
f 247//1 1448//1 3181//1 1965//1
f 1448//1 678//1 2956//1 3181//1
f 1445//1 3182//1 1296//1 181//1
f 675//1 2957//1 3182//1 1445//1
f 2957//1 1022//1 2955//1 3182//1
f 2952//1 3183//1 2954//1 1021//1
f 674//1 1964//1 3183//1 2952//1
f 1964//1 182//1 1675//1 3183//1
f 1961//1 3184//1 2953//1 671//1
f 246//1 1444//1 3184//1 1961//1
f 1444//1 674//1 2952//1 3184//1
f 1441//1 3185//1 1228//1 113//1
f 671//1 2953//1 3185//1 1441//1
f 2953//1 1021//1 2951//1 3185//1
f 2948//1 3186//1 2950//1 1020//1
f 670//1 1960//1 3186//1 2948//1
f 1960//1 183//1 1676//1 3186//1
f 1957//1 3187//1 2949//1 667//1
f 245//1 1440//1 3187//1 1957//1
f 1440//1 670//1 2948//1 3187//1
f 1437//1 3188//1 1299//1 184//1
f 667//1 2949//1 3188//1 1437//1
f 2949//1 1020//1 2947//1 3188//1
f 2944//1 3189//1 2946//1 1019//1
f 666//1 1956//1 3189//1 2944//1
f 1956//1 143//1 1634//1 3189//1
f 1953//1 3190//1 2945//1 663//1
f 244//1 1436//1 3190//1 1953//1
f 1436//1 666//1 2944//1 3190//1
f 1433//1 3191//1 1300//1 185//1
f 663//1 2945//1 3191//1 1433//1
f 2945//1 1019//1 2943//1 3191//1
f 1977//19 3553//19 4440//19 4383//19
f 1168//8 3761//8 4457//8 4148//8
f 2968//19 3172//19 4398//19 4394//19
f 3476//19 1822//19 4226//19 4433//19
f 3489//34 2543//34 4387//34 4436//34
f 3761//8 2179//8 4276//8 4457//8
f 1429//1 3194//1 1227//1 112//1
f 659//1 2941//1 3194//1 1429//1
f 115//34 1230//34 4151//34 4152//34
f 775//8 2194//8 4282//8 4279//8
f 3172//19 1977//19 4383//19 4398//19
f 1730//8 3476//8 4433//8 4382//8
f 1945//1 3196//1 2937//1 655//1
f 242//1 1428//1 3196//1 1945//1
f 3305//34 1088//34 4375//34 4416//34
f 1428//34 3489//34 4436//34 4379//34
f 59//34 1126//34 4139//34 4140//34
f 830//8 2193//8 4280//8 4283//8
f 2932//1 3198//1 2934//1 1016//1
f 654//1 1944//1 3198//1 2932//1
f 1944//1 148//1 1640//1 3198//1
f 1941//1 3199//1 2933//1 651//1
f 241//1 1424//1 3199//1 1941//1
f 1424//1 654//1 2932//1 3199//1
f 1421//1 3200//1 1304//1 189//1
f 651//1 2933//1 3200//1 1421//1
f 2933//1 1016//1 2931//1 3200//1
f 240//34 1418//34 4181//34 4182//34
f 2406//8 883//8 4297//8 4296//8
f 2595//8 3450//8 4426//8 4330//8
f 2788//34 3305//34 4416//34 4391//34
f 2542//19 3488//19 4435//19 4386//19
f 3553//8 2456//8 4310//8 4440//8
f 709//8 2394//8 4291//8 4286//8
f 2445//34 893//34 4306//34 4304//34
f 92//34 1417//34 4180//34 4150//34
f 2405//8 372//8 4295//8 4294//8
f 3450//8 1411//8 4178//8 4426//8
f 2456//19 895//19 4309//19 4310//19
f 387//8 1162//8 4143//8 4209//8
f 239//1 1416//1 3205//1 1933//1
f 3488//34 1630//34 4202//34 4435//34
f 335//20 1110//20 4135//20 4203//20
f 3171//19 2968//19 4394//19 4397//19
f 2543//34 3488//34 4435//34 4387//34
f 2920//1 3207//1 2922//1 1013//1
f 642//1 1932//1 3207//1 2920//1
f 1932//1 147//1 1639//1 3207//1
f 1929//1 3208//1 2921//1 639//1
f 238//1 1412//1 3208//1 1929//1
f 1412//1 642//1 2920//1 3208//1
f 1409//14 3209//14 1308//14 193//14
f 639//376 2921//376 3209//376 1409//376
f 2921//376 1013//376 2919//376 3209//376
f 2916//1 3210//1 2918//1 1012//1
f 638//1 1928//1 3210//1 2916//1
f 1928//1 194//1 1687//1 3210//1
f 1925//1 3211//1 2917//1 635//1
f 237//1 1408//1 3211//1 1925//1
f 1408//1 638//1 2916//1 3211//1
f 1405//1 3212//1 1224//1 109//1
f 635//1 2917//1 3212//1 1405//1
f 2917//1 1012//1 2915//1 3212//1
f 484//8 2304//8 4518//8 1871//8
f 1712//34 4004//34 4771//34 4643//34
f 2731//20 3346//20 4697//20 4580//20
f 857//8 2303//8 4517//8 4519//8
f 236//1 1404//1 3213//1 1923//1
f 124//8 1615//8 2532//8 3931//8
f 1402//1 3214//1 1310//1 195//1
f 633//1 2913//1 3214//1 1402//1
f 2913//1 1011//1 2912//1 3214//1
f 2909//1 3215//1 2911//1 1010//1
f 632//1 1922//1 3215//1 2909//1
f 1922//1 140//1 1631//1 3215//1
f 1919//1 3216//1 2910//1 630//1
f 235//1 1401//1 3216//1 1919//1
f 1401//1 632//1 2909//1 3216//1
f 1399//1 3217//1 1311//1 196//1
f 630//1 2910//1 3217//1 1399//1
f 2910//1 1010//1 2908//1 3217//1
f 2905//1 3218//1 2907//1 1009//1
f 629//1 1918//1 3218//1 2905//1
f 1918//1 197//1 1689//1 3218//1
f 1915//1 3219//1 2906//1 626//1
f 234//1 1398//1 3219//1 1915//1
f 1398//1 629//1 2905//1 3219//1
f 1395//1 3220//1 1223//1 108//1
f 626//1 2906//1 3220//1 1395//1
f 2906//1 1009//1 2904//1 3220//1
f 2901//1 3221//1 2903//1 1008//1
f 3270//34 1650//34 4641//34 4693//34
f 1368//19 3977//19 4768//19 3252//19
f 28//8 1715//8 1936//8 3992//8
f 4003//20 1334//20 3313//20 4770//20
f 2613//34 935//34 4531//34 4529//34
f 1393//1 3222//1 1313//1 198//1
f 624//1 2902//1 3222//1 1393//1
f 2902//1 1008//1 2900//1 3222//1
f 943//20 2646//20 4552//20 4553//20
f 2836//34 3270//34 4693//34 4662//34
f 3977//19 2730//19 4579//19 4768//19
f 1892//8 3239//8 4686//8 1420//8
f 3346//8 2733//8 4582//8 4697//8
f 625//20 2645//20 4550//20 4551//20
f 1391//1 3223//1 1314//1 199//1
f 621//1 2898//1 3223//1 1391//1
f 2898//1 1007//1 2897//1 3223//1
f 2894//377 3224//377 2896//377 1006//377
f 620//378 1912//378 3224//378 2894//378
f 1912//379 200//379 1693//379 3224//379
f 1909//380 3225//380 2895//380 617//380
f 233//381 1390//381 3225//381 1909//381
f 1390//382 620//382 2894//382 3225//382
f 1387//383 3226//383 1208//383 93//383
f 617//384 2895//384 3226//384 1387//384
f 2895//385 1006//385 2893//385 3226//385
f 2890//1 3227//1 2892//1 1005//1
f 616//1 1908//1 3227//1 2890//1
f 1908//1 201//1 1694//1 3227//1
f 1905//1 3228//1 2891//1 613//1
f 232//1 1386//1 3228//1 1905//1
f 1386//1 616//1 2890//1 3228//1
f 1383//1 3229//1 1317//1 202//1
f 613//386 2891//386 3229//386 1383//386
f 2891//386 1005//386 2889//386 3229//386
f 2886//1 3230//1 2888//1 1004//1
f 612//1 1904//1 3230//1 2886//1
f 1904//1 145//1 1637//1 3230//1
f 1901//1 3231//1 2887//1 609//1
f 231//1 1382//1 3231//1 1901//1
f 1382//1 612//1 2886//1 3231//1
f 1379//1 3232//1 1318//1 203//1
f 609//386 2887//386 3232//386 1379//386
f 2887//290 1004//290 2885//290 3232//290
f 2882//1 3233//1 2884//1 1003//1
f 608//1 1900//1 3233//1 2882//1
f 1900//1 204//1 1697//1 3233//1
f 1897//1 3234//1 2883//1 605//1
f 230//1 1378//1 3234//1 1897//1
f 1378//1 608//1 2882//1 3234//1
f 1375//1 3235//1 1220//1 105//1
f 605//1 2883//1 3235//1 1375//1
f 2883//1 1003//1 2881//1 3235//1
f 2878//1 3236//1 2880//1 1002//1
f 604//1 1896//1 3236//1 2878//1
f 1896//1 205//1 1698//1 3236//1
f 1893//1 3237//1 2879//1 601//1
f 229//1 1374//1 3237//1 1893//1
f 1374//1 604//1 2878//1 3237//1
f 1371//1 3238//1 1321//1 206//1
f 601//1 2879//1 3238//1 1371//1
f 2879//1 1002//1 2877//1 3238//1
f 3239//8 2876//8 4599//8 4686//8
f 219//19 1712//19 4643//19 3318//19
f 1892//1 128//1 1619//1 3239//1
f 1890//1 3240//1 2875//1 598//1
f 2137//19 815//19 4494//19 4495//19
f 1857//34 4003//34 4770//34 4645//34
f 3976//20 1369//20 3206//20 4767//20
f 4002//20 1239//20 3934//20 4769//20
f 2875//1 1001//1 2874//1 3241//1
f 2871//1 3242//1 2873//1 1000//1
f 597//1 1889//1 3242//1 2871//1
f 1889//387 208//387 1701//387 3242//387
f 1886//1 3243//1 2872//1 594//1
f 227//1 1367//1 3243//1 1886//1
f 1367//1 597//1 2871//1 3243//1
f 1364//239 3244//239 1219//239 104//239
f 594//1 2872//1 3244//1 1364//1
f 2872//1 1000//1 2870//1 3244//1
f 2867//1 3245//1 2869//1 999//1
f 593//1 1885//1 3245//1 2867//1
f 1885//1 209//1 1702//1 3245//1
f 1882//1 3246//1 2868//1 590//1
f 226//1 1363//1 3246//1 1882//1
f 1363//1 593//1 2867//1 3246//1
f 1360//14 3247//14 1324//14 210//14
f 590//376 2868//376 3247//376 1360//376
f 2868//376 999//376 2866//376 3247//376
f 2863//1 3248//1 2865//1 998//1
f 589//1 1881//1 3248//1 2863//1
f 1881//1 131//1 1622//1 3248//1
f 1878//1 3249//1 2864//1 586//1
f 225//1 1359//1 3249//1 1878//1
f 1359//1 589//1 2863//1 3249//1
f 1356//1 3250//1 1325//1 211//1
f 586//1 2864//1 3250//1 1356//1
f 2864//1 998//1 2862//1 3250//1
f 2859//1 3251//1 2861//1 997//1
f 585//1 1877//1 3251//1 2859//1
f 1877//1 212//1 1705//1 3251//1
f 895//34 2454//34 4308//34 4309//34
f 3462//34 2579//34 4388//34 4429//34
f 2791//34 580//34 4241//34 4347//34
f 1352//1 3253//1 1212//1 97//1
f 582//1 2860//1 3253//1 1352//1
f 2860//1 997//1 2858//1 3253//1
f 2855//388 3254//388 2857//388 996//388
f 581//389 1873//389 3254//389 2855//389
f 1873//390 213//390 1706//390 3254//390
f 2941//19 659//19 4261//19 4372//19
f 1980//8 3171//8 4397//8 4268//8
f 1351//1 581//1 2855//1 3255//1
f 372//8 2390//8 4287//8 4295//8
f 2989//8 3158//8 4396//8 4374//8
f 2856//391 996//391 2854//391 3256//391
f 2851//392 3257//392 2853//392 995//392
f 577//393 1869//393 3257//393 2851//393
f 1869//394 130//394 1621//394 3257//394
f 1866//395 3258//395 2852//395 574//395
f 222//396 1347//396 3258//396 1866//396
f 1347//397 577//397 2851//397 3258//397
f 1344//398 3259//398 1329//398 215//398
f 574//399 2852//399 3259//399 1344//399
f 2852//400 995//400 2850//400 3259//400
f 2847//1 3260//1 2849//1 994//1
f 573//1 1865//1 3260//1 2847//1
f 1865//1 216//1 1709//1 3260//1
f 1862//1 3261//1 2848//1 570//1
f 221//1 1343//1 3261//1 1862//1
f 1343//1 573//1 2847//1 3261//1
f 1720//401 428//401 4811//401 4810//401
f 570//1 2848//1 3262//1 1340//1
f 2848//1 994//1 2846//1 3262//1
f 2843//402 3263//402 2845//402 993//402
f 569//403 1861//403 3263//403 2843//403
f 1861//404 217//404 1710//404 3263//404
f 1858//405 3264//405 2844//405 566//405
f 220//406 1339//406 3264//406 1858//406
f 1339//407 569//407 2843//407 3264//407
f 1336//408 3265//408 1332//408 218//408
f 566//409 2844//409 3265//409 1336//409
f 2844//410 993//410 2842//410 3265//410
f 815//34 2135//34 4493//34 4494//34
f 2830//20 4002//20 4769//20 4583//20
f 2729//8 3976//8 4767//8 4578//8
f 1856//1 3266//1 2841//1 563//1
f 563//20 2841//20 4591//20 4592//20
f 1008//19 2902//19 4606//19 4605//19
f 3062//8 4061//8 4777//8 4626//8
f 2133//19 814//19 4491//19 4492//19
f 4061//8 1780//8 1870//8 4777//8
f 2838//1 3267//1 2840//1 992//1
f 565//1 1857//1 3267//1 2838//1
f 2627//20 3954//20 4760//20 4541//20
f 1710//1 3268//1 2839//1 418//1
f 217//411 1335//411 3268//411 1710//411
f 1335//1 565//1 2838//1 3268//1
f 1194//1 3269//1 1196//1 81//1
f 418//1 2839//1 3269//1 1194//1
f 2839//1 992//1 2837//1 3269//1
f 2834//1 3270//1 2836//1 991//1
f 357//1 1650//1 3270//1 2834//1
f 747//34 2037//34 533//34 532//34
f 1854//1 3271//1 2835//1 560//1
f 65//1 1132//1 3271//1 1854//1
f 1132//1 357//1 2834//1 3271//1
f 1331//412 3272//412 1335//412 217//412
f 560//413 2835//413 3272//413 1331//413
f 2835//1 991//1 2833//1 3272//1
f 814//34 2131//34 4490//34 4491//34
f 499//1 1792//1 3273//1 2831//1
f 1792//1 12//1 1755//1 3273//1
f 343//19 2899//19 4603//19 2435//19
f 2036//8 746//8 534//8 578//8
f 1856//19 3267//19 4692//19 4644//19
f 2725//8 3975//8 4766//8 4574//8
f 341//20 1636//20 2530//20 2529//20
f 794//34 2130//34 4489//34 74//34
f 2827//414 3274//414 2829//414 989//414
f 568//415 1860//415 3274//415 2827//415
f 1860//416 220//416 1858//416 3274//416
f 1647//417 3275//417 2828//417 354//417
f 155//418 1338//418 3275//418 1647//418
f 1338//419 568//419 2827//419 3275//419
f 1129//420 3276//420 1195//420 62//420
f 354//421 2828//421 3276//421 1129//421
f 2828//422 989//422 2826//422 3276//422
f 2823//423 3277//423 2825//423 988//423
f 317//424 1612//424 3277//424 2823//424
f 1612//425 121//425 1859//425 3277//425
f 1789//426 3278//426 2824//426 496//426
f 25//427 1092//427 3278//427 1789//427
f 1092//428 317//428 2823//428 3278//428
f 1270//429 3279//429 1338//429 155//429
f 496//430 2824//430 3279//430 1270//430
f 2824//431 988//431 2822//431 3279//431
f 2819//432 3280//432 2821//432 987//432
f 460//433 1752//433 3280//433 2819//433
f 1752//434 65//434 1854//434 3280//434
f 1859//435 3281//435 2820//435 567//435
f 121//436 1236//436 3281//436 1859//436
f 1236//437 460//437 2819//437 3281//437
f 1337//438 3282//438 1339//438 220//438
f 567//439 2820//439 3282//439 1337//439
f 2820//440 987//440 2818//440 3282//440
f 2815//1 3283//1 2817//1 986//1
f 572//441 1864//441 3283//441 2815//441
f 1864//442 221//442 1862//442 3283//442
f 1609//443 3284//443 2816//443 314//443
f 118//444 1342//444 3284//444 1609//444
f 1342//445 572//445 2815//445 3284//445
f 285//446 1060//446 4779//446 4805//446
f 314//447 2816//447 3285//447 1089//447
f 2816//1 986//1 2814//1 3285//1
f 2811//448 3286//448 2813//448 985//448
f 419//449 1711//449 3286//449 2811//449
f 1711//450 218//450 1863//450 3286//450
f 1749//451 3287//451 2812//451 457//451
f 62//452 1195//452 3287//452 1749//452
f 1195//453 419//453 2811//453 3287//453
f 1233//454 3288//454 1342//454 118//454
f 457//455 2812//455 3288//455 1233//455
f 2812//456 985//456 2810//456 3288//456
f 2807//1 3289//1 2809//1 984//1
f 561//457 1855//457 3289//457 2807//457
f 1855//1 81//1 1853//1 3289//1
f 1863//458 3290//458 2808//458 571//458
f 218//459 1332//459 3290//459 1863//459
f 1332//460 561//460 2807//460 3290//460
f 1341//461 3291//461 1343//461 221//461
f 571//462 2808//462 3291//462 1341//462
f 2808//1 984//1 2806//1 3291//1
f 2803//463 3292//463 2805//463 983//463
f 576//464 1868//464 3292//464 2803//464
f 4077//465 222//465 1866//465 4101//465
f 1706//466 3293//466 2804//466 414//466
f 213//467 1346//467 3293//467 1706//467
f 1346//468 576//468 2803//468 3293//468
f 1190//469 3294//469 1192//469 80//469
f 414//470 2804//470 3294//470 1190//470
f 2804//471 983//471 2802//471 3294//471
f 2799//472 3295//472 2801//472 982//472
f 353//473 1646//473 3295//473 2799//473
f 4072//474 154//474 1867//474 4102//474
f 1850//475 3296//475 2800//475 556//475
f 61//476 1128//476 3296//476 1850//476
f 1128//477 353//477 2799//477 3296//477
f 1327//478 3297//478 1346//478 213//478
f 556//479 2800//479 3297//479 1327//479
f 2800//480 982//480 2798//480 3297//480
f 2795//481 3298//481 2797//481 981//481
f 495//482 1788//482 3298//482 2795//482
f 1788//483 18//483 1761//483 3298//483
f 1867//484 3299//484 2796//484 575//484
f 154//485 1269//485 3299//485 1867//485
f 1269//486 495//486 2795//486 3299//486
f 1345//487 3300//487 1347//487 222//487
f 575//488 2796//488 3300//488 1345//488
f 2796//489 981//489 2794//489 3300//489
f 1416//34 3462//34 4429//34 4378//34
f 2790//34 980//34 4348//34 4346//34
f 192//34 1413//34 4179//34 4168//34
f 1643//1 3302//1 2792//1 350//1
f 151//1 1350//1 3302//1 1643//1
f 1350//1 580//1 2791//1 3302//1
f 1125//1 3303//1 1191//1 58//1
f 350//1 2792//1 3303//1 1125//1
f 2792//1 980//1 2790//1 3303//1
f 930//19 2595//19 4330//19 4329//19
f 3487//19 2542//19 4386//19 4434//19
f 2183//8 3759//8 4456//8 4277//8
f 1785//1 3305//1 2788//1 492//1
f 24//1 1088//1 3305//1 1785//1
f 879//8 2389//8 4285//8 4288//8
f 1266//1 3306//1 1350//1 151//1
f 492//1 2788//1 3306//1 1266//1
f 2788//1 979//1 2786//1 3306//1
f 2783//490 3307//490 2785//490 978//490
f 456//491 1748//491 3307//491 2783//491
f 1748//492 61//492 1850//492 3307//492
f 1464//19 251//19 4192//19 4193//19
f 3158//8 1232//8 4153//8 4396//8
f 1232//493 456//493 2783//493 3308//493
f 2543//20 917//20 4318//20 4387//20
f 2856//8 3256//8 4413//8 4350//8
f 2784//494 978//494 2782//494 3309//494
f 2779//1 3310//1 2781//1 977//1
f 348//8 2594//8 4328//8 4281//8
f 3759//8 1103//8 4133//8 4456//8
f 1605//1 3311//1 2780//1 310//1
f 114//1 1354//1 3311//1 1605//1
f 1354//1 584//1 2779//1 3311//1
f 1085//1 3312//1 1068//1 13//1
f 310//1 2780//1 3312//1 1085//1
f 2780//1 977//1 2778//1 3312//1
f 2451//19 517//19 4223//19 4307//19
f 980//34 2791//34 4347//34 4348//34
f 1746//34 59//34 4140//34 4220//34
f 1745//1 3314//1 2776//1 453//1
f 58//1 1191//1 3314//1 1745//1
f 1191//1 415//1 2775//1 3314//1
f 1229//1 3315//1 1354//1 114//1
f 453//1 2776//1 3315//1 1229//1
f 2776//1 976//1 2774//1 3315//1
f 2771//495 3316//495 2773//495 975//495
f 557//496 1851//496 3316//496 2771//496
f 1851//497 80//497 1849//497 3316//497
f 979//19 2788//19 4391//19 4344//19
f 3196//34 1428//34 4379//34 4403//34
f 3256//8 1328//8 4169//8 4413//8
f 2544//34 3487//34 4434//34 4317//34
f 251//34 1462//34 4191//34 4192//34
f 1997//20 3157//20 4395//20 4274//20
f 2767//1 3319//1 2769//1 974//1
f 588//1 1880//1 3319//1 2767//1
f 4078//1 225//1 1878//1 4103//1
f 1702//1 3320//1 2768//1 410//1
f 209//1 1358//1 3320//1 1702//1
f 1358//1 588//1 2767//1 3320//1
f 1186//498 3321//498 1188//498 79//498
f 410//499 2768//499 3321//499 1186//499
f 2768//500 974//500 2766//500 3321//500
f 2763//1 3322//1 2765//1 973//1
f 349//1 1642//1 3322//1 2763//1
f 4071//1 150//1 1879//1 4104//1
f 1846//1 3323//1 2764//1 552//1
f 57//1 1124//1 3323//1 1846//1
f 1124//1 349//1 2763//1 3323//1
f 1323//1 3324//1 1358//1 209//1
f 552//1 2764//1 3324//1 1323//1
f 2764//1 973//1 2762//1 3324//1
f 2759//1 3325//1 2761//1 972//1
f 491//1 1784//1 3325//1 2759//1
f 1784//1 19//1 1762//1 3325//1
f 1879//1 3326//1 2760//1 587//1
f 150//1 1265//1 3326//1 1879//1
f 1265//1 491//1 2759//1 3326//1
f 1357//1 3327//1 1359//1 225//1
f 587//1 2760//1 3327//1 1357//1
f 2760//1 972//1 2758//1 3327//1
f 2755//1 3328//1 2757//1 971//1
f 592//1 1884//1 3328//1 2755//1
f 1884//1 226//1 1882//1 3328//1
f 1639//1 3329//1 2756//1 346//1
f 147//1 1362//1 3329//1 1639//1
f 1362//1 592//1 2755//1 3329//1
f 1121//14 3330//14 1187//14 54//14
f 346//376 2756//376 3330//376 1121//376
f 2756//376 971//376 2754//376 3330//376
f 2751//1 3331//1 2753//1 970//1
f 309//1 1604//1 3331//1 2751//1
f 1604//1 113//1 1883//1 3331//1
f 1781//1 3332//1 2752//1 488//1
f 23//1 1084//1 3332//1 1781//1
f 1084//1 309//1 2751//1 3332//1
f 1262//1 3333//1 1362//1 147//1
f 488//1 2752//1 3333//1 1262//1
f 2752//1 970//1 2750//1 3333//1
f 2747//1 3334//1 2749//1 969//1
f 452//1 1744//1 3334//1 2747//1
f 1744//1 57//1 1846//1 3334//1
f 1883//1 3335//1 2748//1 591//1
f 113//1 1228//1 3335//1 1883//1
f 1228//1 452//1 2747//1 3335//1
f 1361//1 3336//1 1363//1 226//1
f 591//1 2748//1 3336//1 1361//1
f 2748//1 969//1 2746//1 3336//1
f 2743//501 3337//501 2745//501 968//501
f 596//501 1888//501 3337//501 2743//501
f 1888//32 227//32 1886//32 3337//32
f 1601//1 3338//1 2744//1 306//1
f 110//1 1366//1 3338//1 1601//1
f 1366//198 596//198 2743//198 3338//198
f 1081//502 3339//502 1075//502 20//502
f 306//1 2744//1 3339//1 1081//1
f 2744//198 968//198 2742//198 3339//198
f 2739//503 3340//503 2741//503 967//503
f 411//504 1703//504 3340//504 2739//504
f 1703//505 210//505 1887//505 3340//505
f 1741//100 3341//100 2740//100 449//100
f 54//506 1187//506 3341//506 1741//506
f 1187//507 411//507 2739//507 3341//507
f 1225//1 3342//1 1366//1 110//1
f 449//508 2740//508 3342//508 1225//508
f 2740//509 967//509 2738//509 3342//509
f 2735//1 3343//1 2737//1 966//1
f 553//505 1847//505 3343//505 2735//505
f 1847//505 79//505 1845//505 3343//505
f 1887//1 3344//1 2736//1 595//1
f 210//505 1324//505 3344//505 1887//505
f 1324//505 553//505 2735//505 3344//505
f 1365//1 3345//1 1367//1 227//1
f 595//1 2736//1 3345//1 1365//1
f 2736//1 966//1 2734//1 3345//1
f 1311//20 539//20 4635//20 3497//20
f 600//1 1891//1 3346//1 2731//1
f 1891//1 228//1 1890//1 3346//1
f 1698//1 3347//1 2732//1 406//1
f 205//1 1370//1 3347//1 1698//1
f 1370//1 600//1 2731//1 3347//1
f 1182//1 3348//1 1184//1 78//1
f 406//1 2732//1 3348//1 1182//1
f 2732//1 965//1 2730//1 3348//1
f 737//19 1506//19 2926//19 579//19
f 3137//20 3016//20 4613//20 4678//20
f 3954//8 1921//8 1017//8 4760//8
f 1842//1 3349//1 2728//1 549//1
f 53//1 1120//1 3349//1 1842//1
f 1120//1 345//1 2727//1 3349//1
f 1320//1 3350//1 1370//1 205//1
f 549//1 2728//1 3350//1 1320//1
f 2728//1 964//1 2726//1 3350//1
f 1007//19 2898//19 4602//19 4601//19
f 3975//8 1892//8 1420//8 4766//8
f 1780//1 16//1 1759//1 3351//1
f 435//8 1211//8 3943//8 4634//8
f 3267//34 1857//34 4645//34 4692//34
f 1923//20 3213//20 4681//20 1014//20
f 634//8 1403//8 2936//8 4637//8
f 599//1 2724//1 3352//1 1369//1
f 1506//8 3137//8 4678//8 2926//8
f 2721//1 3353//1 2723//1 963//1
f 603//1 1895//1 3353//1 2721//1
f 1895//1 229//1 1893//1 3353//1
f 1637//1 3354//1 2722//1 342//1
f 145//1 1373//1 3354//1 1637//1
f 1373//1 603//1 2721//1 3354//1
f 1117//1 3355//1 1183//1 50//1
f 342//1 2722//1 3355//1 1117//1
f 2722//1 963//1 2720//1 3355//1
f 2717//1 3356//1 2719//1 962//1
f 305//1 1600//1 3356//1 2717//1
f 1600//1 109//1 1894//1 3356//1
f 1777//1 3357//1 2718//1 485//1
f 22//1 1080//1 3357//1 1777//1
f 1080//1 305//1 2717//1 3357//1
f 1260//1 3358//1 1373//1 145//1
f 485//1 2718//1 3358//1 1260//1
f 2718//1 962//1 2716//1 3358//1
f 2713//1 3359//1 2715//1 961//1
f 448//1 1740//1 3359//1 2713//1
f 1740//1 53//1 1842//1 3359//1
f 1894//1 3360//1 2714//1 602//1
f 109//1 1224//1 3360//1 1894//1
f 1224//1 448//1 2713//1 3360//1
f 1372//1 3361//1 1374//1 229//1
f 602//1 2714//1 3361//1 1372//1
f 2714//1 961//1 2712//1 3361//1
f 2709//510 3362//510 2711//510 960//510
f 607//511 1899//511 3362//511 2709//511
f 1899//1 230//1 1897//1 3362//1
f 1597//512 3363//512 2710//512 302//512
f 106//513 1377//513 3363//513 1597//513
f 1377//514 607//514 2709//514 3363//514
f 1077//515 3364//515 1076//515 21//515
f 302//516 2710//516 3364//516 1077//516
f 2710//517 960//517 2708//517 3364//517
f 2705//1 3365//1 2707//1 959//1
f 407//1 1699//1 3365//1 2705//1
f 1699//1 206//1 1898//1 3365//1
f 1737//518 3366//518 2706//518 445//518
f 50//1 1183//1 3366//1 1737//1
f 1183//1 407//1 2705//1 3366//1
f 1221//519 3367//519 1377//519 106//519
f 445//520 2706//520 3367//520 1221//520
f 2706//521 959//521 2704//521 3367//521
f 2701//1 3368//1 2703//1 958//1
f 550//1 1843//1 3368//1 2701//1
f 1843//1 78//1 1841//1 3368//1
f 1898//1 3369//1 2702//1 606//1
f 206//1 1321//1 3369//1 1898//1
f 1321//1 550//1 2701//1 3369//1
f 1376//1 3370//1 1378//1 230//1
f 606//1 2702//1 3370//1 1376//1
f 2702//1 958//1 2700//1 3370//1
f 2697//1 3371//1 2699//1 957//1
f 611//1 1903//1 3371//1 2697//1
f 1903//1 231//1 1901//1 3371//1
f 1694//1 3372//1 2698//1 402//1
f 201//1 1381//1 3372//1 1694//1
f 1381//1 611//1 2697//1 3372//1
f 1178//1 3373//1 1180//1 77//1
f 402//386 2698//386 3373//386 1178//386
f 2698//386 957//386 2696//386 3373//386
f 2693//1 3374//1 2695//1 956//1
f 344//1 1638//1 3374//1 2693//1
f 1638//1 146//1 1902//1 3374//1
f 1838//1 3375//1 2694//1 545//1
f 52//1 1119//1 3375//1 1838//1
f 1119//1 344//1 2693//1 3375//1
f 1316//1 3376//1 1381//1 201//1
f 545//1 2694//1 3376//1 1316//1
f 2694//1 956//1 2692//1 3376//1
f 2689//1 3377//1 2691//1 955//1
f 487//1 1779//1 3377//1 2689//1
f 1779//1 22//1 1777//1 3377//1
f 1902//1 3378//1 2690//1 610//1
f 146//1 1261//1 3378//1 1902//1
f 1261//1 487//1 2689//1 3378//1
f 1380//1 3379//1 1382//1 231//1
f 610//1 2690//1 3379//1 1380//1
f 2690//1 955//1 2688//1 3379//1
f 2685//1 3380//1 2687//1 954//1
f 615//1 1907//1 3380//1 2685//1
f 1907//1 232//1 1905//1 3380//1
f 1622//1 3381//1 2686//1 327//1
f 131//1 1385//1 3381//1 1622//1
f 1385//1 615//1 2685//1 3381//1
f 1102//522 3382//522 1179//522 35//522
f 327//523 2686//523 3382//523 1102//523
f 2686//386 954//386 2684//386 3382//386
f 2681//1 3383//1 2683//1 953//1
f 304//1 1599//1 3383//1 2681//1
f 1599//1 108//1 1906//1 3383//1
f 1762//1 3384//1 2682//1 470//1
f 19//1 1079//1 3384//1 1762//1
f 1079//1 304//1 2681//1 3384//1
f 1246//1 3385//1 1385//1 131//1
f 470//1 2682//1 3385//1 1246//1
f 2682//1 953//1 2680//1 3385//1
f 2677//1 3386//1 2679//1 952//1
f 447//1 1739//1 3386//1 2677//1
f 1739//1 52//1 1838//1 3386//1
f 1906//1 3387//1 2678//1 614//1
f 108//1 1223//1 3387//1 1906//1
f 1223//1 447//1 2677//1 3387//1
f 1384//1 3388//1 1386//1 232//1
f 614//1 2678//1 3388//1 1384//1
f 2678//1 952//1 2676//1 3388//1
f 2673//524 3389//524 2675//524 951//524
f 619//525 1911//525 3389//525 2673//525
f 1911//526 233//526 1909//526 3389//526
f 1582//527 3390//527 2674//527 287//527
f 91//528 1389//528 3390//528 1582//528
f 1389//529 619//529 2673//529 3390//529
f 1062//530 3391//530 1064//530 9//530
f 287//531 2674//531 3391//531 1062//531
f 2674//532 951//532 2672//532 3391//532
f 2669//1 3392//1 2671//1 950//1
f 403//1 1695//1 3392//1 2669//1
f 1695//1 202//1 1910//1 3392//1
f 1722//533 3393//533 2670//533 430//533
f 35//522 1179//522 3393//522 1722//522
f 1179//1 403//1 2669//1 3393//1
f 1206//534 3394//534 1389//534 91//534
f 430//535 2670//535 3394//535 1206//535
f 2670//536 950//536 2668//536 3394//536
f 2665//537 3395//537 2667//537 949//537
f 546//1 1839//1 3395//1 2665//1
f 1839//1 77//1 1837//1 3395//1
f 1910//538 3396//538 2666//538 618//538
f 202//1 1317//1 3396//1 1910//1
f 1317//1 546//1 2665//1 3396//1
f 1388//539 3397//539 1390//539 233//539
f 618//540 2666//540 3397//540 1388//540
f 2666//541 949//541 2664//541 3397//541
f 2661//1 3398//1 2663//1 948//1
f 2840//34 3267//34 4692//34 4663//34
f 3213//34 1404//34 4638//34 4681//34
f 1690//1 3399//1 2662//1 398//1
f 1239//8 124//8 3931//8 3934//8
f 965//34 2731//34 4580//34 4581//34
f 1174//1 3400//1 1176//1 76//1
f 398//1 2662//1 3400//1 1174//1
f 2662//1 948//1 2660//1 3400//1
f 2657//1 3401//1 2659//1 947//1
f 434//1 1210//1 3401//1 2657//1
f 1210//1 95//1 1913//1 3401//1
f 1834//1 3402//1 2658//1 541//1
f 39//1 1726//1 3402//1 1834//1
f 1726//1 434//1 2657//1 3402//1
f 1700//20 207//20 3460//20 1948//20
f 3016//20 3136//20 4677//20 4613//20
f 2658//1 947//1 2656//1 3403//1
f 2653//1 3404//1 2655//1 946//1
f 291//1 1066//1 3404//1 2653//1
f 1066//1 11//1 1778//1 3404//1
f 1913//1 3405//1 2654//1 622//1
f 95//1 1586//1 3405//1 1913//1
f 1586//1 291//1 2653//1 3405//1
f 2730//8 408//8 1940//8 4579//8
f 3876//19 2310//19 4656//19 4757//19
f 2027//8 3136//8 4677//8 583//8
f 2832//19 990//19 4585//19 4587//19
f 1333//19 219//19 3318//19 3449//19
f 630//8 1399//8 2940//8 1018//8
f 1634//1 3406//1 2651//1 339//1
f 143//1 1394//1 3406//1 1634//1
f 3136//8 3017//8 4616//8 4677//8
f 1114//1 3407//1 1175//1 47//1
f 339//1 2651//1 3407//1 1114//1
f 2651//1 945//1 2650//1 3407//1
f 2647//1 3408//1 2649//1 944//1
f 474//1 1250//1 3408//1 2647//1
f 1250//1 135//1 1914//1 3408//1
f 1774//1 3409//1 2648//1 482//1
f 6//1 1766//1 3409//1 1774//1
f 1766//1 474//1 2647//1 3409//1
f 1258//1 3410//1 1394//1 143//1
f 482//1 2648//1 3410//1 1258//1
f 2095//34 562//34 1707//34 4481//34
f 2644//1 3411//1 2646//1 943//1
f 331//1 1106//1 3411//1 2644//1
f 1106//1 39//1 1834//1 3411//1
f 1914//1 3412//1 2645//1 625//1
f 135//1 1626//1 3412//1 1914//1
f 1626//1 331//1 2644//1 3412//1
f 1654//34 3876//34 4757//34 2407//34
f 3083//19 3087//19 4667//19 4664//19
f 2027//19 737//19 579//19 583//19
f 2641//1 3413//1 2643//1 942//1
f 628//1 1917//1 3413//1 2641//1
f 1917//1 234//1 1915//1 3413//1
f 1594//1 3414//1 2642//1 299//1
f 103//1 1397//1 3414//1 1594//1
f 1397//1 628//1 2641//1 3414//1
f 1074//1 3415//1 1079//1 19//1
f 299//1 2642//1 3415//1 1074//1
f 2642//1 942//1 2640//1 3415//1
f 2637//1 3416//1 2639//1 941//1
f 399//1 1691//1 3416//1 2637//1
f 1691//1 198//1 1916//1 3416//1
f 1734//1 3417//1 2638//1 442//1
f 47//1 1175//1 3417//1 1734//1
f 1175//1 399//1 2637//1 3417//1
f 1218//1 3418//1 1397//1 103//1
f 442//1 2638//1 3418//1 1218//1
f 2638//1 941//1 2636//1 3418//1
f 2633//1 3419//1 2635//1 940//1
f 542//1 1835//1 3419//1 2633//1
f 1835//1 76//1 1833//1 3419//1
f 1916//1 3420//1 2634//1 627//1
f 198//1 1313//1 3420//1 1916//1
f 1313//1 542//1 2633//1 3420//1
f 1396//1 3421//1 1398//1 234//1
f 627//1 2634//1 3421//1 1396//1
f 2634//1 940//1 2632//1 3421//1
f 3266//19 1856//19 4644//19 4690//19
f 964//34 2727//34 4576//34 4577//34
f 1921//1 235//1 1919//1 3422//1
f 2026//19 736//19 646//19 650//19
f 84//19 2094//19 4478//19 3988//19
f 600//34 2726//34 4575//34 1432//34
f 1170//1 3423//1 1172//1 75//1
f 1170//19 4023//19 4774//19 4633//19
f 735//34 2025//34 662//34 658//34
f 2628//1 3424//1 2630//1 939//1
f 422//1 1198//1 3424//1 2628//1
f 1198//1 83//1 1920//1 3424//1
f 1830//1 3425//1 2629//1 537//1
f 27//1 1714//1 3425//1 1830//1
f 1714//1 422//1 2628//1 3425//1
f 2093//20 277//20 2566//20 4649//20
f 2841//34 3266//34 4690//34 4591//34
f 2629//1 939//1 2627//1 3426//1
f 2624//1 3427//1 2626//1 938//1
f 279//1 1054//1 3427//1 2624//1
f 1054//1 2//1 1771//1 3427//1
f 1920//1 3428//1 2625//1 631//1
f 83//1 1574//1 3428//1 1920//1
f 1574//1 279//1 2624//1 3428//1
f 1400//1 3429//1 1401//1 235//1
f 631//1 2625//1 3429//1 1400//1
f 2625//1 938//1 2623//1 3429//1
f 3087//8 3084//8 4632//8 4667//8
f 3029//19 1039//19 4619//19 4621//19
f 219//8 2092//8 4476//8 3318//8
f 2724//19 599//19 1477//19 4573//19
f 4023//34 2914//34 4610//34 4774//34
f 746//20 3028//20 4620//20 534//20
f 1118//1 3430//1 1171//1 51//1
f 343//1 2621//1 3430//1 1118//1
f 2621//1 937//1 2620//1 3430//1
f 2617//1 3431//1 2619//1 936//1
f 462//1 1238//1 3431//1 2617//1
f 1238//1 123//1 1924//1 3431//1
f 1778//1 3432//1 2618//1 486//1
f 11//1 1754//1 3432//1 1778//1
f 1754//1 462//1 2617//1 3432//1
f 1569//19 3826//19 4745//19 4639//19
f 320//8 1095//8 4026//8 2531//8
f 396//34 2631//34 4544//34 1952//34
f 2614//1 3433//1 2616//1 935//1
f 319//1 1094//1 3433//1 2614//1
f 1094//1 27//1 1830//1 3433//1
f 1924//1 3434//1 2615//1 634//1
f 123//1 1614//1 3434//1 1924//1
f 1614//1 319//1 2614//1 3434//1
f 1403//1 3435//1 1404//1 236//1
f 634//1 2615//1 3435//1 1403//1
f 2615//1 935//1 2613//1 3435//1
f 2610//1 3436//1 2612//1 934//1
f 637//1 1927//1 3436//1 2610//1
f 1927//1 237//1 1925//1 3436//1
f 1598//1 3437//1 2611//1 303//1
f 107//1 1407//1 3437//1 1598//1
f 1407//1 637//1 2610//1 3437//1
f 1078//1 3438//1 1080//1 22//1
f 303//1 2611//1 3438//1 1078//1
f 2611//1 934//1 2609//1 3438//1
f 2606//1 3439//1 2608//1 933//1
f 395//1 1688//1 3439//1 2606//1
f 1688//1 195//1 1926//1 3439//1
f 1738//1 3440//1 2607//1 446//1
f 51//1 1171//1 3440//1 1738//1
f 1171//1 395//1 2606//1 3440//1
f 1222//1 3441//1 1407//1 107//1
f 446//1 2607//1 3441//1 1222//1
f 2607//1 933//1 2605//1 3441//1
f 2602//1 3442//1 2604//1 932//1
f 538//1 1831//1 3442//1 2602//1
f 1831//1 75//1 1829//1 3442//1
f 1926//1 3443//1 2603//1 636//1
f 195//1 1310//1 3443//1 1926//1
f 1310//1 538//1 2602//1 3443//1
f 1406//1 3444//1 1408//1 237//1
f 636//1 2603//1 3444//1 1406//1
f 2603//1 932//1 2601//1 3444//1
f 2598//1 3445//1 2600//1 931//1
f 641//1 1931//1 3445//1 2598//1
f 1931//1 238//1 1929//1 3445//1
f 3461//34 1227//34 4376//34 4428//34
f 415//34 2790//34 4346//34 4215//34
f 1411//1 641//1 2598//1 3446//1
f 2937//34 3196//34 4403//34 4367//34
f 655//20 2937//20 4367//20 4368//20
f 2599//1 931//1 2597//1 3447//1
f 2594//1 3448//1 2596//1 930//1
f 348//1 1641//1 3448//1 2594//1
f 1641//1 149//1 1930//1 3448//1
f 1644//34 152//34 4195//34 4204//34
f 1938//34 192//34 4168//34 4254//34
f 2579//34 3461//34 4428//34 4388//34
f 2786//34 979//34 4344//34 4342//34
f 1937//34 240//34 4182//34 4252//34
f 2595//1 930//1 2593//1 3450//1
f 2590//1 3451//1 2592//1 929//1
f 490//1 1783//1 3451//1 2590//1
f 1783//1 23//1 1781//1 3451//1
f 1930//1 3452//1 2591//1 640//1
f 149//1 1264//1 3452//1 1930//1
f 1264//1 490//1 2590//1 3452//1
f 1410//1 3453//1 1412//1 238//1
f 640//1 2591//1 3453//1 1410//1
f 2591//1 929//1 2589//1 3453//1
f 2586//1 3454//1 2588//1 928//1
f 645//1 1935//1 3454//1 2586//1
f 1935//1 239//1 1933//1 3454//1
f 1209//1 3455//1 2587//1 433//1
f 94//1 1415//1 3455//1 1209//1
f 1415//1 645//1 2586//1 3455//1
f 1725//1 3456//1 1167//1 38//1
f 433//1 2587//1 3456//1 1725//1
f 2587//1 928//1 2585//1 3456//1
f 2582//1 3457//1 2584//1 927//1
f 308//1 1603//1 3457//1 2582//1
f 1603//1 112//1 1934//1 3457//1
f 1065//1 3458//1 2583//1 290//1
f 10//1 1083//1 3458//1 1065//1
f 1083//1 308//1 2582//1 3458//1
f 1585//1 3459//1 1415//1 94//1
f 290//1 2583//1 3459//1 1585//1
f 2583//1 927//1 2581//1 3459//1
f 1546//8 3758//8 4455//8 4199//8
f 893//20 2448//20 4305//20 4306//20
f 660//34 1950//34 4262//34 4263//34
f 1934//1 3461//1 2579//1 644//1
f 112//1 1227//1 3461//1 1934//1
f 3157//8 2989//8 4374//8 4395//8
f 1414//1 3462//1 1416//1 239//1
f 644//1 2579//1 3462//1 1414//1
f 1351//8 3255//8 4412//8 4174//8
f 2574//1 3463//1 2576//1 925//1
f 649//1 1939//1 3463//1 2574//1
f 1939//1 240//1 1937//1 3463//1
f 1249//1 3464//1 2575//1 473//1
f 134//1 1419//1 3464//1 1249//1
f 1419//1 649//1 2574//1 3464//1
f 1765//1 3465//1 1063//1 5//1
f 473//1 2575//1 3465//1 1765//1
f 2575//1 925//1 2573//1 3465//1
f 2570//1 3466//1 2572//1 924//1
f 392//1 1685//1 3466//1 2570//1
f 1685//1 192//1 1938//1 3466//1
f 1105//1 3467//1 2571//1 330//1
f 38//1 1167//1 3467//1 1105//1
f 1167//1 392//1 2570//1 3467//1
f 1625//1 3468//1 1419//1 134//1
f 330//1 2571//1 3468//1 1625//1
f 2571//1 924//1 2569//1 3468//1
f 3758//8 2183//8 4277//8 4455//8
f 2194//8 830//8 4283//8 4282//8
f 659//34 1949//34 4260//34 4261//34
f 3255//8 2856//8 4350//8 4412//8
f 2193//8 348//8 4281//8 4280//8
f 580//34 2786//34 4342//34 4241//34
f 1542//20 775//20 4279//20 4198//20
f 529//8 1302//8 4159//8 4227//8
f 2599//8 3447//8 4424//8 4331//8
f 2562//1 3472//1 2564//1 922//1
f 653//1 1943//1 3472//1 2562//1
f 1943//1 241//1 1941//1 3472//1
f 1680//1 3473//1 2563//1 387//1
f 187//1 1423//1 3473//1 1680//1
f 1423//1 653//1 2562//1 3473//1
f 1162//1 3474//1 1164//1 73//1
f 387//1 2563//1 3474//1 1162//1
f 2563//1 922//1 2561//1 3474//1
f 2558//1 3475//1 2560//1 921//1
f 438//1 1214//1 3475//1 2558//1
f 1214//1 99//1 1942//1 3475//1
f 1822//1 3476//1 2559//1 529//1
f 2939//19 3194//19 4401//19 4393//19
f 1730//1 438//1 2558//1 3476//1
f 1302//1 3477//1 1423//1 187//1
f 529//1 2559//1 3477//1 1302//1
f 2559//1 921//1 2557//1 3477//1
f 2554//1 3478//1 2556//1 920//1
f 295//1 1070//1 3478//1 2554//1
f 1070//1 15//1 1782//1 3478//1
f 1942//1 3479//1 2555//1 652//1
f 99//1 1590//1 3479//1 1942//1
f 1590//1 295//1 2554//1 3479//1
f 1422//1 3480//1 1424//1 241//1
f 652//1 2555//1 3480//1 1422//1
f 2555//1 920//1 2553//1 3480//1
f 2550//1 3481//1 2552//1 919//1
f 657//1 1947//1 3481//1 2550//1
f 1947//1 242//1 1945//1 3481//1
f 1197//1 3482//1 2551//1 421//1
f 82//1 1427//1 3482//1 1197//1
f 1427//1 657//1 2550//1 3482//1
f 1713//1 3483//1 1163//1 26//1
f 421//1 2551//1 3483//1 1713//1
f 2551//1 919//1 2549//1 3483//1
f 2546//1 3484//1 2548//1 918//1
f 478//1 1254//1 3484//1 2546//1
f 1254//1 139//1 1946//1 3484//1
f 1053//1 3485//1 2547//1 278//1
f 1//1 1770//1 3485//1 1053//1
f 1770//1 478//1 2546//1 3485//1
f 1573//1 3486//1 1427//1 82//1
f 278//1 2547//1 3486//1 1573//1
f 2547//1 918//1 2545//1 3486//1
f 2542//1 3487//1 2544//1 917//1
f 528//8 1301//8 4157//8 4225//8
f 3447//8 1168//8 4148//8 4424//8
f 1946//1 3488//1 2543//1 656//1
f 139//1 1630//1 3488//1 1946//1
f 175//19 1984//19 4272//19 4156//19
f 1426//1 3489//1 1428//1 242//1
f 656//1 2543//1 3489//1 1426//1
f 582//19 2781//19 4390//19 4243//19
f 2538//1 3490//1 2540//1 916//1
f 661//1 1951//1 3490//1 2538//1
f 1951//1 243//1 1949//1 3490//1
f 1237//1 3491//1 2539//1 461//1
f 122//1 1431//1 3491//1 1237//1
f 1431//1 661//1 2538//1 3491//1
f 1753//1 3492//1 1083//1 10//1
f 461//1 2539//1 3492//1 1753//1
f 2539//1 916//1 2537//1 3492//1
f 2534//1 3493//1 2536//1 915//1
f 388//1 1681//1 3493//1 2534//1
f 1681//1 188//1 1950//1 3493//1
f 1093//1 3494//1 2535//1 318//1
f 26//1 1163//1 3494//1 1093//1
f 1163//1 388//1 2534//1 3494//1
f 1613//1 3495//1 1431//1 122//1
f 318//1 2535//1 3495//1 1613//1
f 2535//1 915//1 2533//1 3495//1
f 251//19 1983//19 4384//19 4192//19
f 3194//34 2941//34 4372//34 4401//34
f 1162//8 73//8 4144//8 4143//8
f 2189//8 775//8 4279//8 4278//8
f 1982//34 92//34 4150//34 4270//34
f 1110//20 43//20 4136//20 4135//20
f 2779//34 584//34 4247//34 4389//34
f 1227//34 3194//34 4401//34 4376//34
f 2390//8 879//8 4288//8 4287//8
f 2526//1 3499//1 2528//1 913//1
f 665//1 1955//1 3499//1 2526//1
f 4079//1 244//1 1953//1 4105//1
f 1676//1 3500//1 2527//1 383//1
f 183//1 1435//1 3500//1 1676//1
f 1435//1 665//1 2526//1 3500//1
f 1158//1 3501//1 1160//1 72//1
f 383//1 2527//1 3501//1 1158//1
f 2527//1 913//1 2525//1 3501//1
f 2522//1 3502//1 2524//1 912//1
f 426//1 1202//1 3502//1 2522//1
f 4068//1 87//1 1954//1 4106//1
f 1818//1 3503//1 2523//1 525//1
f 31//1 1718//1 3503//1 1818//1
f 1718//1 426//1 2522//1 3503//1
f 1298//1 3504//1 1435//1 183//1
f 525//1 2523//1 3504//1 1298//1
f 2523//1 912//1 2521//1 3504//1
f 2518//1 3505//1 2520//1 911//1
f 283//1 1058//1 3505//1 2518//1
f 1058//1 6//1 1774//1 3505//1
f 1954//1 3506//1 2519//1 664//1
f 87//1 1578//1 3506//1 1954//1
f 1578//1 283//1 2518//1 3506//1
f 1434//1 3507//1 1436//1 244//1
f 664//1 2519//1 3507//1 1434//1
f 2519//1 911//1 2517//1 3507//1
f 2514//1 3508//1 2516//1 910//1
f 669//1 1959//1 3508//1 2514//1
f 1959//1 245//1 1957//1 3508//1
f 1640//1 3509//1 2515//1 347//1
f 148//1 1439//1 3509//1 1640//1
f 1439//1 669//1 2514//1 3509//1
f 1122//1 3510//1 1159//1 55//1
f 347//1 2515//1 3510//1 1122//1
f 2515//1 910//1 2513//1 3510//1
f 2510//1 3511//1 2512//1 909//1
f 466//1 1242//1 3511//1 2510//1
f 1242//1 127//1 1958//1 3511//1
f 1782//1 3512//1 2511//1 489//1
f 15//1 1758//1 3512//1 1782//1
f 1758//1 466//1 2510//1 3512//1
f 1263//1 3513//1 1439//1 148//1
f 489//1 2511//1 3513//1 1263//1
f 2511//1 909//1 2509//1 3513//1
f 2506//1 3514//1 2508//1 908//1
f 323//1 1098//1 3514//1 2506//1
f 1098//1 31//1 1818//1 3514//1
f 1958//1 3515//1 2507//1 668//1
f 127//1 1618//1 3515//1 1958//1
f 1618//1 323//1 2506//1 3515//1
f 1438//1 3516//1 1440//1 245//1
f 668//1 2507//1 3516//1 1438//1
f 2507//1 908//1 2505//1 3516//1
f 2502//1 3517//1 2504//1 907//1
f 673//1 1963//1 3517//1 2502//1
f 1963//1 246//1 1961//1 3517//1
f 1602//1 3518//1 2503//1 307//1
f 111//1 1443//1 3518//1 1602//1
f 1443//1 673//1 2502//1 3518//1
f 1082//1 3519//1 1084//1 23//1
f 307//1 2503//1 3519//1 1082//1
f 2503//1 907//1 2501//1 3519//1
f 2498//1 3520//1 2500//1 906//1
f 384//1 1677//1 3520//1 2498//1
f 1677//1 184//1 1962//1 3520//1
f 1742//1 3521//1 2499//1 450//1
f 55//1 1159//1 3521//1 1742//1
f 1159//1 384//1 2498//1 3521//1
f 1226//1 3522//1 1443//1 111//1
f 450//1 2499//1 3522//1 1226//1
f 2499//1 906//1 2497//1 3522//1
f 2494//1 3523//1 2496//1 905//1
f 526//1 1819//1 3523//1 2494//1
f 1819//1 72//1 1817//1 3523//1
f 1962//1 3524//1 2495//1 672//1
f 184//1 1299//1 3524//1 1962//1
f 1299//1 526//1 2494//1 3524//1
f 1442//1 3525//1 1444//1 246//1
f 672//1 2495//1 3525//1 1442//1
f 2495//1 905//1 2493//1 3525//1
f 2490//1 3526//1 2492//1 904//1
f 677//1 1967//1 3526//1 2490//1
f 1967//1 247//1 1965//1 3526//1
f 1672//1 3527//1 2491//1 379//1
f 179//1 1447//1 3527//1 1672//1
f 1447//1 677//1 2490//1 3527//1
f 1154//1 3528//1 1156//1 71//1
f 379//1 2491//1 3528//1 1154//1
f 2491//1 904//1 2489//1 3528//1
f 2486//1 3529//1 2488//1 903//1
f 352//1 1645//1 3529//1 2486//1
f 1645//1 153//1 1966//1 3529//1
f 1814//1 3530//1 2487//1 521//1
f 60//1 1127//1 3530//1 1814//1
f 1127//1 352//1 2486//1 3530//1
f 1294//1 3531//1 1447//1 179//1
f 521//1 2487//1 3531//1 1294//1
f 2487//1 903//1 2485//1 3531//1
f 2482//1 3532//1 2484//1 902//1
f 494//1 1787//1 3532//1 2482//1
f 1787//1 24//1 1785//1 3532//1
f 1966//1 3533//1 2483//1 676//1
f 153//1 1268//1 3533//1 1966//1
f 1268//1 494//1 2482//1 3533//1
f 1446//1 3534//1 1448//1 247//1
f 676//1 2483//1 3534//1 1446//1
f 2483//1 902//1 2481//1 3534//1
f 2478//1 3535//1 2480//1 901//1
f 681//1 1971//1 3535//1 2478//1
f 1971//1 248//1 1969//1 3535//1
f 1213//1 3536//1 2479//1 437//1
f 98//1 1451//1 3536//1 1213//1
f 1451//1 681//1 2478//1 3536//1
f 1729//1 3537//1 1155//1 42//1
f 437//1 2479//1 3537//1 1729//1
f 2479//1 901//1 2477//1 3537//1
f 2474//1 3538//1 2476//1 900//1
f 312//1 1607//1 3538//1 2474//1
f 1607//1 116//1 1970//1 3538//1
f 1069//1 3539//1 2475//1 294//1
f 14//1 1087//1 3539//1 1069//1
f 1087//1 312//1 2474//1 3539//1
f 1589//1 3540//1 1451//1 98//1
f 294//1 2475//1 3540//1 1589//1
f 2475//1 900//1 2473//1 3540//1
f 2470//1 3541//1 2472//1 899//1
f 455//1 1747//1 3541//1 2470//1
f 1747//1 60//1 1814//1 3541//1
f 1970//1 3542//1 2471//1 680//1
f 116//1 1231//1 3542//1 1970//1
f 1231//1 455//1 2470//1 3542//1
f 1450//1 3543//1 1452//1 248//1
f 680//1 2471//1 3543//1 1450//1
f 2471//1 899//1 2469//1 3543//1
f 2466//1 3544//1 2468//1 898//1
f 685//1 1975//1 3544//1 2466//1
f 1975//1 249//1 1973//1 3544//1
f 1253//1 3545//1 2467//1 477//1
f 138//1 1455//1 3545//1 1253//1
f 1455//1 685//1 2466//1 3545//1
f 1769//1 3546//1 1056//1 3//1
f 477//1 2467//1 3546//1 1769//1
f 2467//1 898//1 2465//1 3546//1
f 2462//1 3547//1 2464//1 897//1
f 380//1 1673//1 3547//1 2462//1
f 1673//1 180//1 1974//1 3547//1
f 1109//1 3548//1 2463//1 334//1
f 42//1 1155//1 3548//1 1109//1
f 1155//1 380//1 2462//1 3548//1
f 1629//1 3549//1 1455//1 138//1
f 334//1 2463//1 3549//1 1629//1
f 2463//1 897//1 2461//1 3549//1
f 2458//1 3550//1 2460//1 896//1
f 522//1 1815//1 3550//1 2458//1
f 1815//1 71//1 1813//1 3550//1
f 1974//1 3551//1 2459//1 684//1
f 180//1 1295//1 3551//1 1974//1
f 1295//1 522//1 2458//1 3551//1
f 1454//1 3552//1 1456//1 249//1
f 684//1 2459//1 3552//1 1454//1
f 2459//1 896//1 2457//1 3552//1
f 1411//8 3446//8 4423//8 4178//8
f 917//20 2544//20 4317//20 4318//20
f 3561//20 2445//20 4304//20 4442//20
f 1668//1 3554//1 2455//1 375//1
f 175//1 1459//1 3554//1 1668//1
f 1459//1 689//1 2454//1 3554//1
f 1150//1 3555//1 1152//1 70//1
f 375//1 2455//1 3555//1 1150//1
f 2455//1 895//1 2453//1 3555//1
f 2450//1 3556//1 2452//1 894//1
f 328//542 1623//542 3556//542 2450//542
f 1623//543 132//543 1978//543 3556//543
f 3600//34 2395//34 4385//34 4450//34
f 2389//8 709//8 4286//8 4285//8
f 1103//1 328//1 2450//1 3557//1
f 1290//1 3558//1 1459//1 175//1
f 517//1 2451//1 3558//1 1290//1
f 2451//1 894//1 2449//1 3558//1
f 2446//544 3559//544 2448//544 893//544
f 471//545 1763//545 3559//545 2446//545
f 1763//546 20//546 1786//546 3559//546
f 1978//547 3560//547 2447//547 688//547
f 132//548 1247//548 3560//548 1978//548
f 1247//549 471//549 2446//549 3560//549
f 3446//8 2599//8 4331//8 4423//8
f 688//1 2447//1 3561//1 1458//1
f 2447//1 893//1 2445//1 3561//1
f 2442//1 3562//1 2444//1 892//1
f 693//1 1983//1 3562//1 2442//1
f 1983//1 251//1 1981//1 3562//1
f 1201//1 3563//1 2443//1 425//1
f 86//1 1463//1 3563//1 1201//1
f 1463//1 693//1 2442//1 3563//1
f 1717//1 3564//1 1151//1 30//1
f 425//1 2443//1 3564//1 1717//1
f 2443//1 892//1 2441//1 3564//1
f 2438//1 3565//1 2440//1 891//1
f 288//1 1583//1 3565//1 2438//1
f 1583//1 92//1 1982//1 3565//1
f 1057//1 3566//1 2439//1 282//1
f 5//1 1063//1 3566//1 1057//1
f 1063//1 288//1 2438//1 3566//1
f 1577//1 3567//1 1463//1 86//1
f 282//1 2439//1 3567//1 1577//1
f 2439//1 891//1 2437//1 3567//1
f 152//19 1980//19 4268//19 4195//19
f 2594//8 930//8 4329//8 4328//8
f 1458//20 3561//20 4442//20 4188//20
f 1088//34 3600//34 4450//34 4375//34
f 2775//34 415//34 4215//34 4338//34
f 454//34 1746//34 4220//34 4221//34
f 3599//19 1606//19 4381//19 4449//19
f 2774//34 976//34 4339//34 4337//34
f 351//34 1644//34 4204//34 4205//34
f 2430//1 3571//1 2432//1 889//1
f 697//1 1987//1 3571//1 2430//1
f 1987//1 252//1 1985//1 3571//1
f 1241//1 3572//1 2431//1 465//1
f 126//1 1467//1 3572//1 1241//1
f 1467//1 697//1 2430//1 3572//1
f 1757//1 3573//1 1087//1 14//1
f 465//1 2431//1 3573//1 1757//1
f 2431//1 889//1 2429//1 3573//1
f 2426//1 3574//1 2428//1 888//1
f 376//1 1669//1 3574//1 2426//1
f 1669//1 176//1 1986//1 3574//1
f 1097//1 3575//1 2427//1 322//1
f 30//1 1151//1 3575//1 1097//1
f 1151//1 376//1 2426//1 3575//1
f 1617//1 3576//1 1467//1 126//1
f 322//1 2427//1 3576//1 1617//1
f 2427//1 888//1 2425//1 3576//1
f 2422//1 3577//1 2424//1 887//1
f 518//1 1811//1 3577//1 2422//1
f 1811//1 70//1 1809//1 3577//1
f 1986//1 3578//1 2423//1 696//1
f 176//1 1291//1 3578//1 1986//1
f 1291//1 518//1 2422//1 3578//1
f 1466//1 3579//1 1468//1 252//1
f 696//1 2423//1 3579//1 1466//1
f 2423//1 887//1 2421//1 3579//1
f 2418//1 3580//1 2420//1 886//1
f 701//1 1991//1 3580//1 2418//1
f 4080//1 253//1 1989//1 4107//1
f 1664//1 3581//1 2419//1 371//1
f 171//1 1471//1 3581//1 1664//1
f 1471//1 701//1 2418//1 3581//1
f 1146//1 3582//1 1148//1 69//1
f 371//1 2419//1 3582//1 1146//1
f 2419//1 886//1 2417//1 3582//1
f 2414//550 3583//550 2416//550 885//550
f 340//551 1635//551 3583//551 2414//551
f 4070//552 144//552 1990//552 4108//552
f 1806//553 3584//553 2415//553 513//553
f 48//554 1115//554 3584//554 1806//554
f 1115//555 340//555 2414//555 3584//555
f 1286//1 3585//1 1471//1 171//1
f 513//1 2415//1 3585//1 1286//1
f 2415//1 885//1 2413//1 3585//1
f 2410//179 3586//179 2412//179 884//179
f 483//556 1775//556 3586//556 2410//556
f 1775//556 9//556 1773//556 3586//556
f 1990//557 3587//557 2411//557 700//557
f 144//558 1259//558 3587//558 1990//558
f 1259//559 483//559 2410//559 3587//559
f 1470//1 3588//1 1472//1 253//1
f 700//560 2411//560 3588//560 1470//560
f 2411//561 884//561 2409//561 3588//561
f 2406//1 3589//1 2408//1 883//1
f 705//1 1995//1 3589//1 2406//1
f 1995//1 254//1 1993//1 3589//1
f 1933//20 3205//20 4409//20 4248//20
f 648//34 1938//34 4254//34 4255//34
f 2395//34 3599//34 4449//34 4385//34
f 3205//34 1416//34 4378//34 4409//34
f 647//34 1937//34 4252//34 4253//34
f 43//20 1730//20 4382//20 4136//20
f 2402//562 3592//562 2404//562 882//562
f 300//563 1595//563 3592//563 2402//563
f 1595//564 104//564 1994//564 3592//564
f 1786//565 3593//565 2403//565 493//565
f 20//566 1075//566 3593//566 1786//566
f 1075//567 300//567 2402//567 3593//567
f 1267//1 3594//1 1475//1 152//1
f 493//568 2403//568 3594//568 1267//568
f 2403//569 882//569 2401//569 3594//569
f 2398//175 3595//175 2400//175 881//175
f 443//570 1735//570 3595//570 2398//570
f 1735//571 48//571 1806//571 3595//571
f 1994//175 3596//175 2399//175 704//175
f 104//570 1219//570 3596//570 1994//570
f 1219//570 443//570 2398//570 3596//570
f 1474//1 3597//1 1476//1 254//1
f 704//1 2399//1 3597//1 1474//1
f 2399//1 881//1 2397//1 3597//1
f 976//34 2775//34 4338//34 4339//34
f 709//1 1999//1 3598//1 2394//1
f 1999//1 255//1 1997//1 3598//1
f 1606//1 3599//1 2395//1 311//1
f 451//20 1743//20 4218//20 4219//20
f 3598//20 1997//20 4274//20 4448//20
f 1086//1 3600//1 1088//1 24//1
f 311//1 2395//1 3600//1 1086//1
f 187//8 1680//8 4208//8 4160//8
f 2390//1 3601//1 2392//1 879//1
f 372//1 1665//1 3601//1 2390//1
f 1665//1 172//1 1998//1 3601//1
f 584//34 2774//34 4337//34 4247//34
f 557//8 2771//8 4334//8 4377//8
f 2394//20 3598//20 4448//20 4291//20
f 517//8 1290//8 4155//8 4223//8
f 975//8 2770//8 4332//8 4335//8
f 186//20 1542//20 4198//20 4158//20
f 2386//1 3604//1 2388//1 878//1
f 514//1 1807//1 3604//1 2386//1
f 1807//1 69//1 1805//1 3604//1
f 1998//1 3605//1 2387//1 708//1
f 172//1 1287//1 3605//1 1998//1
f 1287//1 514//1 2386//1 3605//1
f 1478//1 3606//1 1480//1 255//1
f 708//1 2387//1 3606//1 1478//1
f 2387//1 878//1 2385//1 3606//1
f 2382//572 3607//572 2384//572 877//572
f 713//573 2003//573 3607//573 2382//573
f 2003//574 256//574 2001//574 3607//574
f 1660//575 3608//575 2383//575 367//575
f 167//576 1483//576 3608//576 1660//576
f 1483//577 713//577 2382//577 3608//577
f 1142//578 3609//578 1144//578 68//578
f 367//579 2383//579 3609//579 1142//579
f 2383//580 877//580 2381//580 3609//580
f 2378//581 3610//581 2380//581 876//581
f 356//1 1649//1 3610//1 2378//1
f 1649//582 157//582 2002//582 3610//582
f 1802//583 3611//583 2379//583 509//583
f 64//584 1131//584 3611//584 1802//584
f 1131//585 356//585 2378//585 3611//585
f 1282//586 3612//586 1483//586 167//586
f 509//587 2379//587 3612//587 1282//587
f 2379//588 876//588 2377//588 3612//588
f 2374//589 3613//589 2376//589 875//589
f 498//590 1791//590 3613//590 2374//590
f 1791//591 25//591 1789//591 3613//591
f 2002//592 3614//592 2375//592 712//592
f 157//593 1272//593 3614//593 2002//593
f 1272//594 498//594 2374//594 3614//594
f 1482//595 3615//595 1484//595 256//595
f 712//596 2375//596 3615//596 1482//596
f 2375//597 875//597 2373//597 3615//597
f 2370//598 3616//598 2372//598 874//598
f 717//599 2007//599 3616//599 2370//599
f 2007//600 257//600 2005//600 3616//600
f 1621//601 3617//601 2371//601 326//601
f 130//602 1487//602 3617//602 1621//602
f 1487//603 717//603 2370//603 3617//603
f 1101//604 3618//604 1143//604 34//604
f 326//605 2371//605 3618//605 1101//605
f 2371//606 874//606 2369//606 3618//606
f 2366//607 3619//607 2368//607 873//607
f 316//608 1611//608 3619//608 2366//608
f 1611//609 120//609 2006//609 3619//609
f 1761//610 3620//610 2367//610 469//610
f 18//611 1091//611 3620//611 1761//611
f 1091//612 316//612 2366//612 3620//612
f 1245//613 3621//613 1487//613 130//613
f 469//614 2367//614 3621//614 1245//614
f 2367//615 873//615 2365//615 3621//615
f 2362//616 3622//616 2364//616 872//616
f 459//617 1751//617 3622//617 2362//617
f 1751//618 64//618 1802//618 3622//618
f 2006//619 3623//619 2363//619 716//619
f 120//620 1235//620 3623//620 2006//620
f 1235//621 459//621 2362//621 3623//621
f 1486//622 3624//622 1488//622 257//622
f 716//623 2363//623 3624//623 1486//623
f 2363//624 872//624 2361//624 3624//624
f 2358//625 3625//625 2360//625 871//625
f 721//626 2011//626 3625//626 2358//626
f 2011//627 258//627 2009//627 3625//627
f 1581//628 3626//628 2359//628 286//628
f 90//629 1491//629 3626//629 1581//629
f 1491//630 721//630 2358//630 3626//630
f 1216//57 101//57 4796//57 4795//57
f 286//631 2359//631 3627//631 1061//631
f 2359//632 871//632 2357//632 3627//632
f 2354//633 3628//633 2356//633 870//633
f 368//634 1661//634 3628//634 2354//634
f 1661//635 168//635 2010//635 3628//635
f 1721//636 3629//636 2355//636 429//636
f 34//637 1143//637 3629//637 1721//637
f 1143//638 368//638 2354//638 3629//638
f 1205//639 3630//639 1491//639 90//639
f 429//640 2355//640 3630//640 1205//640
f 2355//641 870//641 2353//641 3630//641
f 2350//642 3631//642 2352//642 869//642
f 510//643 1803//643 3631//643 2350//643
f 1803//644 68//644 1801//644 3631//644
f 2010//645 3632//645 2351//645 720//645
f 168//646 1283//646 3632//646 2010//646
f 1283//647 510//647 2350//647 3632//647
f 1490//648 3633//648 1492//648 258//648
f 720//649 2351//649 3633//649 1490//649
f 2351//650 869//650 2349//650 3633//650
f 2346//651 3634//651 2348//651 868//651
f 725//652 2015//652 3634//652 2346//652
f 2015//653 259//653 2013//653 3634//653
f 1656//1 3635//1 2347//1 363//1
f 163//133 1495//133 3635//133 1656//133
f 1495//133 725//133 2346//133 3635//133
f 1138//1 3636//1 1140//1 67//1
f 363//1 2347//1 3636//1 1138//1
f 2347//1 868//1 2345//1 3636//1
f 2342//654 3637//654 2344//654 867//654
f 329//655 1624//655 3637//655 2342//655
f 1624//656 133//656 2014//656 3637//656
f 1798//1 3638//1 2343//1 505//1
f 37//657 1104//657 3638//657 1798//657
f 1104//658 329//658 2342//658 3638//658
f 1278//1 3639//1 1495//1 163//1
f 505//1 2343//1 3639//1 1278//1
f 2343//659 867//659 2341//659 3639//659
f 2338//660 3640//660 2340//660 866//660
f 472//661 1764//661 3640//661 2338//661
f 1764//662 21//662 1790//662 3640//662
f 2014//663 3641//663 2339//663 724//663
f 133//664 1248//664 3641//664 2014//664
f 1248//665 472//665 2338//665 3641//665
f 1494//666 3642//666 1496//666 259//666
f 724//667 2339//667 3642//667 1494//667
f 2339//668 866//668 2337//668 3642//668
f 2334//669 3643//669 2336//669 865//669
f 729//669 2019//669 3643//669 2334//669
f 2019//133 260//133 2017//133 3643//133
f 1633//670 3644//670 2335//670 338//670
f 142//522 1499//522 3644//522 1633//522
f 1499//1 729//1 2334//1 3644//1
f 1113//1 3645//1 1139//1 46//1
f 338//1 2335//1 3645//1 1113//1
f 2335//1 865//1 2333//1 3645//1
f 2330//671 3646//671 2332//671 864//671
f 289//672 1584//672 3646//672 2330//672
f 1584//673 93//673 2018//673 3646//673
f 1773//674 3647//674 2331//674 481//674
f 9//675 1064//675 3647//675 1773//675
f 1064//676 289//676 2330//676 3647//676
f 1257//522 3648//522 1499//522 142//522
f 481//677 2331//677 3648//677 1257//677
f 2331//678 864//678 2329//678 3648//678
f 2326//1 3649//1 2328//1 863//1
f 432//1 1724//1 3649//1 2326//1
f 1724//1 37//1 1798//1 3649//1
f 2018//679 3650//679 2327//679 728//679
f 93//680 1208//680 3650//680 2018//680
f 1208//681 432//681 2326//681 3650//681
f 1498//1 3651//1 1500//1 260//1
f 728//1 2327//1 3651//1 1498//1
f 2327//1 863//1 2325//1 3651//1
f 2322//1 3652//1 2324//1 862//1
f 733//1 2023//1 3652//1 2322//1
f 2023//1 261//1 2021//1 3652//1
f 1593//682 3653//682 2323//682 298//682
f 102//683 1503//683 3653//683 1593//683
f 1503//434 733//434 2322//434 3653//434
f 1073//684 3654//684 1091//684 18//684
f 298//685 2323//685 3654//685 1073//685
f 2323//686 862//686 2321//686 3654//686
f 2318//1 3655//1 2320//1 861//1
f 364//1 1657//1 3655//1 2318//1
f 1657//1 164//1 2022//1 3655//1
f 1733//1 3656//1 2319//1 441//1
f 46//1 1139//1 3656//1 1733//1
f 1139//1 364//1 2318//1 3656//1
f 1217//1 3657//1 1503//1 102//1
f 441//1 2319//1 3657//1 1217//1
f 2319//1 861//1 2317//1 3657//1
f 2314//1 3658//1 2316//1 860//1
f 506//1 1799//1 3658//1 2314//1
f 1799//1 67//1 1797//1 3658//1
f 2022//1 3659//1 2315//1 732//1
f 164//1 1279//1 3659//1 2022//1
f 1279//1 506//1 2314//1 3659//1
f 1502//1 3660//1 1504//1 261//1
f 732//1 2315//1 3660//1 1502//1
f 2315//1 860//1 2313//1 3660//1
f 423//8 1199//8 3991//8 1876//8
f 736//1 2026//1 3661//1 2311//1
f 3086//19 3083//19 4664//19 4666//19
f 1652//1 3662//1 2312//1 359//1
f 159//1 1505//1 3662//1 1652//1
f 1505//1 736//1 2311//1 3662//1
f 1134//1 3663//1 1136//1 66//1
f 359//1 2312//1 3663//1 1134//1
f 2312//1 859//1 2310//1 3663//1
f 2307//1 3664//1 2309//1 858//1
f 3435//20 2613//20 4529//20 4717//20
f 1039//34 3027//34 4618//34 4619//34
f 1794//1 3665//1 2308//1 501//1
f 49//1 1116//1 3665//1 1794//1
f 1116//1 341//1 2307//1 3665//1
f 1274//1 3666//1 1505//1 159//1
f 501//1 2308//1 3666//1 1274//1
f 2308//1 858//1 2306//1 3666//1
f 2303//20 3875//20 4755//20 4517//20
f 484//1 1776//1 3667//1 2304//1
f 1776//1 7//1 1767//1 3667//1
f 2094//8 3086//8 4666//8 4478//8
f 1403//20 3435//20 4717//20 2936//20
f 3826//34 2103//34 4651//34 4745//34
f 537//20 2629//20 4542//20 4543//20
f 1919//8 630//8 1018//8 1123//8
f 3875//8 2027//8 583//8 4755//8
f 2300//687 3668//687 2302//687 856//687
f 740//688 2030//688 3668//688 2300//688
f 2030//689 262//689 2028//689 3668//689
f 1648//690 3669//690 2301//690 355//690
f 156//691 1509//691 3669//691 1648//691
f 1509//692 740//692 2300//692 3669//692
f 1130//693 3670//693 1135//693 63//693
f 355//694 2301//694 3670//694 1130//694
f 2301//695 856//695 2299//695 3670//695
f 2296//241 3671//241 2298//241 855//241
f 301//290 1596//290 3671//290 2296//290
f 1596//1 105//1 2029//1 3671//1
f 1790//1 3672//1 2297//1 497//1
f 21//696 1076//696 3672//696 1790//696
f 1076//697 301//697 2296//697 3672//697
f 1271//698 3673//698 1509//698 156//698
f 497//699 2297//699 3673//699 1271//699
f 2297//1 855//1 2295//1 3673//1
f 2292//1 3674//1 2294//1 854//1
f 444//1 1736//1 3674//1 2292//1
f 1736//1 49//1 1794//1 3674//1
f 2029//1 3675//1 2293//1 739//1
f 105//1 1220//1 3675//1 2029//1
f 1220//1 444//1 2292//1 3675//1
f 1508//1 3676//1 1510//1 262//1
f 739//1 2293//1 3676//1 1508//1
f 2293//1 854//1 2291//1 3676//1
f 2288//700 3677//700 2290//700 853//700
f 744//701 2034//701 3677//701 2288//701
f 2034//702 263//702 2032//702 3677//702
f 1610//703 3678//703 2289//703 315//703
f 119//704 1513//704 3678//704 1610//704
f 1513//705 744//705 2288//705 3678//705
f 1090//706 3679//706 1092//706 25//706
f 315//707 2289//707 3679//707 1090//707
f 2289//708 853//708 2287//708 3679//708
f 2284//709 3680//709 2286//709 852//709
f 360//710 1653//710 3680//710 2284//710
f 1653//711 160//711 2033//711 3680//711
f 1750//712 3681//712 2285//712 458//712
f 63//713 1135//713 3681//713 1750//713
f 1135//714 360//714 2284//714 3681//714
f 1234//715 3682//715 1513//715 119//715
f 458//716 2285//716 3682//716 1234//716
f 2285//717 852//717 2283//717 3682//717
f 2280//1 3683//1 2282//1 851//1
f 502//1 1795//1 3683//1 2280//1
f 1795//1 66//1 1793//1 3683//1
f 2033//718 3684//718 2281//718 743//718
f 160//719 1275//719 3684//719 2033//719
f 1275//720 502//720 2280//720 3684//720
f 1512//721 3685//721 1514//721 263//721
f 743//722 2281//722 3685//722 1512//722
f 2281//723 851//723 2279//723 3685//723
f 2276//1 3686//1 2278//1 850//1
f 748//1 2038//1 3686//1 2276//1
f 1404//34 3435//34 4717//34 4638//34
f 1651//1 3687//1 2277//1 358//1
f 158//1 1515//1 3687//1 1651//1
f 1515//1 748//1 2276//1 3687//1
f 1133//1 3688//1 1132//1 65//1
f 358//1 2277//1 3688//1 1133//1
f 2277//1 850//1 2275//1 3688//1
f 2272//1 3689//1 2274//1 849//1
f 1570//19 3825//19 4744//19 4640//19
f 12//19 1792//19 1826//19 4027//19
f 1793//1 3690//1 2273//1 500//1
f 66//1 1136//1 3690//1 1793//1
f 1136//1 361//1 2272//1 3690//1
f 1273//1 3691//1 1515//1 158//1
f 500//1 2273//1 3691//1 1273//1
f 2273//1 849//1 2271//1 3691//1
f 1052//19 3084//19 4632//19 4665//19
f 503//1 1796//1 3692//1 2269//1
f 1796//1 40//1 1727//1 3692//1
f 1392//20 623//20 1307//20 3197//20
f 161//1 1276//1 3693//1 2037//1
f 1276//1 503//1 2269//1 3693//1
f 96//8 1587//8 2565//8 3940//8
f 2172//20 781//20 390//20 4509//20
f 228//19 1891//19 1460//19 3204//19
f 2266//1 3694//1 2268//1 848//1
f 751//1 2041//1 3694//1 2266//1
f 2041//724 264//724 2039//724 3694//724
f 1655//1 3695//1 2267//1 362//1
f 162//1 1518//1 3695//1 1655//1
f 1518//1 751//1 2266//1 3695//1
f 1137//725 3696//725 1131//725 64//725
f 362//1 2267//1 3696//1 1137//1
f 2267//1 848//1 2265//1 3696//1
f 2262//726 3697//726 2264//726 847//726
f 365//727 1658//727 3697//727 2262//727
f 1658//728 165//728 2040//728 3697//728
f 1797//1 3698//1 2263//1 504//1
f 67//1 1140//1 3698//1 1797//1
f 1140//1 365//1 2262//1 3698//1
f 1277//1 3699//1 1518//1 162//1
f 504//1 2263//1 3699//1 1277//1
f 2263//1 847//1 2261//1 3699//1
f 2258//729 3700//729 2260//729 846//729
f 507//730 1800//730 3700//730 2258//730
f 1800//731 63//731 1750//731 3700//731
f 2040//732 3701//732 2259//732 750//732
f 165//733 1280//733 3701//733 2040//733
f 1280//734 507//734 2258//734 3701//734
f 1517//735 3702//735 1519//735 264//735
f 750//736 2259//736 3702//736 1517//736
f 2259//737 846//737 2257//737 3702//737
f 2254//738 3703//738 2256//738 845//738
f 755//739 2045//739 3703//739 2254//739
f 2045//740 265//740 2043//740 3703//740
f 1659//741 3704//741 2255//741 366//741
f 166//742 1522//742 3704//742 1659//742
f 1522//743 755//743 2254//743 3704//743
f 2253//744 3863//744 4836//744 4820//744
f 366//745 2255//745 3705//745 1141//745
f 2255//746 845//746 2253//746 3705//746
f 2250//747 3706//747 2252//747 844//747
f 369//748 1662//748 3706//748 2250//748
f 1662//749 169//749 2044//749 3706//749
f 1801//750 3707//750 2251//750 508//750
f 68//751 1144//751 3707//751 1801//751
f 1144//752 369//752 2250//752 3707//752
f 1281//753 3708//753 1522//753 166//753
f 508//754 2251//754 3708//754 1281//754
f 2251//755 844//755 2249//755 3708//755
f 2246//756 3709//756 2248//756 843//756
f 511//757 1804//757 3709//757 2246//757
f 1804//758 62//758 1749//758 3709//758
f 2044//759 3710//759 2247//759 754//759
f 169//760 1284//760 3710//760 2044//760
f 1284//761 511//761 2246//761 3710//761
f 1521//762 3711//762 1523//762 265//762
f 754//763 2247//763 3711//763 1521//763
f 2247//764 843//764 2245//764 3711//764
f 2242//765 3712//765 2244//765 842//765
f 759//766 2049//766 3712//766 2242//766
f 4081//767 266//767 2047//767 4109//767
f 1663//768 3713//768 2243//768 370//768
f 170//769 1526//769 3713//769 1663//769
f 1526//770 759//770 2242//770 3713//770
f 1145//771 3714//771 1128//771 61//771
f 370//772 2243//772 3714//772 1145//772
f 2243//773 842//773 2241//773 3714//773
f 2238//1 3715//1 2240//1 841//1
f 373//1 1666//1 3715//1 2238//1
f 4073//1 173//1 2048//1 4110//1
f 1805//1 3716//1 2239//1 512//1
f 69//1 1148//1 3716//1 1805//1
f 1148//1 373//1 2238//1 3716//1
f 1285//1 3717//1 1526//1 170//1
f 512//1 2239//1 3717//1 1285//1
f 2239//1 841//1 2237//1 3717//1
f 2234//1 3718//1 2236//1 840//1
f 515//1 1808//1 3718//1 2234//1
f 1808//1 46//1 1733//1 3718//1
f 2048//1 3719//1 2235//1 758//1
f 173//1 1288//1 3719//1 2048//1
f 1288//1 515//1 2234//1 3719//1
f 1525//774 3720//774 1527//774 266//774
f 758//775 2235//775 3720//775 1525//775
f 2235//776 840//776 2233//776 3720//776
f 2230//1 3721//1 2232//1 839//1
f 763//1 2053//1 3721//1 2230//1
f 2053//1 267//1 2051//1 3721//1
f 1667//1 3722//1 2231//1 374//1
f 174//1 1530//1 3722//1 1667//1
f 1530//1 763//1 2230//1 3722//1
f 1149//1 3723//1 1127//1 60//1
f 374//1 2231//1 3723//1 1149//1
f 2231//1 839//1 2229//1 3723//1
f 2226//1 3724//1 2228//1 838//1
f 377//1 1670//1 3724//1 2226//1
f 1670//1 177//1 2052//1 3724//1
f 1809//1 3725//1 2227//1 516//1
f 70//1 1152//1 3725//1 1809//1
f 1152//1 377//1 2226//1 3725//1
f 1289//1 3726//1 1530//1 174//1
f 516//1 2227//1 3726//1 1289//1
f 2227//1 838//1 2225//1 3726//1
f 2222//1 3727//1 2224//1 837//1
f 519//1 1812//1 3727//1 2222//1
f 1812//1 59//1 1746//1 3727//1
f 2052//1 3728//1 2223//1 762//1
f 177//1 1292//1 3728//1 2052//1
f 1292//1 519//1 2222//1 3728//1
f 1529//1 3729//1 1531//1 267//1
f 762//1 2223//1 3729//1 1529//1
f 2223//1 837//1 2221//1 3729//1
f 2218//1 3730//1 2220//1 836//1
f 767//1 2057//1 3730//1 2218//1
f 2057//1 268//1 2055//1 3730//1
f 1671//1 3731//1 2219//1 378//1
f 178//1 1534//1 3731//1 1671//1
f 1534//1 767//1 2218//1 3731//1
f 1153//1 3732//1 1096//1 29//1
f 378//1 2219//1 3732//1 1153//1
f 2219//1 836//1 2217//1 3732//1
f 2214//1 3733//1 2216//1 835//1
f 381//1 1674//1 3733//1 2214//1
f 1674//1 181//1 2056//1 3733//1
f 1813//1 3734//1 2215//1 520//1
f 71//1 1156//1 3734//1 1813//1
f 1156//1 381//1 2214//1 3734//1
f 1293//1 3735//1 1534//1 178//1
f 520//1 2215//1 3735//1 1293//1
f 2215//1 835//1 2213//1 3735//1
f 2210//1 3736//1 2212//1 834//1
f 523//1 1816//1 3736//1 2210//1
f 1816//1 58//1 1745//1 3736//1
f 2056//1 3737//1 2211//1 766//1
f 181//1 1296//1 3737//1 2056//1
f 1296//1 523//1 2210//1 3737//1
f 1533//1 3738//1 1535//1 268//1
f 766//1 2211//1 3738//1 1533//1
f 2211//1 834//1 2209//1 3738//1
f 2206//1 3739//1 2208//1 833//1
f 771//1 2061//1 3739//1 2206//1
f 4082//1 269//1 2059//1 4111//1
f 1675//1 3740//1 2207//1 382//1
f 182//1 1538//1 3740//1 1675//1
f 1538//1 771//1 2206//1 3740//1
f 1157//1 3741//1 1124//1 57//1
f 382//1 2207//1 3741//1 1157//1
f 2207//1 833//1 2205//1 3741//1
f 2202//1 3742//1 2204//1 832//1
f 385//1 1678//1 3742//1 2202//1
f 4074//1 185//1 2060//1 4112//1
f 1817//1 3743//1 2203//1 524//1
f 72//1 1160//1 3743//1 1817//1
f 1160//1 385//1 2202//1 3743//1
f 1297//1 3744//1 1538//1 182//1
f 524//1 2203//1 3744//1 1297//1
f 2203//1 832//1 2201//1 3744//1
f 2198//1 3745//1 2200//1 831//1
f 527//1 1820//1 3745//1 2198//1
f 1820//1 47//1 1734//1 3745//1
f 2060//1 3746//1 2199//1 770//1
f 185//1 1300//1 3746//1 2060//1
f 1300//1 527//1 2198//1 3746//1
f 1537//1 3747//1 1539//1 269//1
f 770//1 2199//1 3747//1 1537//1
f 2199//1 831//1 2197//1 3747//1
f 2194//1 3748//1 2196//1 830//1
f 775//1 2065//1 3748//1 2194//1
f 2065//1 270//1 2063//1 3748//1
f 1302//8 187//8 4160//8 4159//8
f 1430//34 660//34 4263//34 4185//34
f 1301//8 186//8 4158//8 4157//8
f 643//34 1933//34 4248//34 4249//34
f 2771//8 975//8 4335//8 4334//8
f 1984//19 694//19 4273//19 4272//19
f 2190//1 3751//1 2192//1 829//1
f 389//1 1682//1 3751//1 2190//1
f 1682//1 189//1 2064//1 3751//1
f 1821//1 3752//1 2191//1 528//1
f 73//1 1164//1 3752//1 1821//1
f 1164//1 389//1 2190//1 3752//1
f 1301//1 3753//1 1542//1 186//1
f 528//1 2191//1 3753//1 1301//1
f 2191//1 829//1 2189//1 3753//1
f 2186//1 3754//1 2188//1 828//1
f 531//1 1824//1 3754//1 2186//1
f 1824//1 55//1 1742//1 3754//1
f 2064//1 3755//1 2187//1 774//1
f 189//1 1304//1 3755//1 2064//1
f 1304//1 531//1 2186//1 3755//1
f 1541//1 3756//1 1543//1 270//1
f 774//1 2187//1 3756//1 1541//1
f 2187//1 828//1 2185//1 3756//1
f 2182//777 3757//777 2184//777 827//777
f 779//778 2069//778 3757//778 2182//778
f 2069//779 271//779 2067//779 3757//779
f 3911//20 1458//20 4188//20 4462//20
f 2770//8 585//8 4333//8 4332//8
f 1546//542 779//542 2182//542 3758//542
f 692//34 1982//34 4270//34 4271//34
f 3310//19 2779//19 4389//19 4419//19
f 2183//1 827//1 2181//1 3759//1
f 2178//780 3760//780 2180//780 826//780
f 393//781 1686//781 3760//781 2178//781
f 1686//782 193//782 2068//782 3760//782
f 1979//34 3911//34 4462//34 4266//34
f 1425//34 655//34 4368//34 4184//34
f 1168//783 393//783 2178//783 3761//783
f 2781//34 3310//34 4419//34 4390//34
f 689//20 1979//20 4266//20 4267//20
f 2179//102 826//102 2177//102 3762//102
f 2174//100 3763//100 2176//100 825//100
f 535//506 1828//506 3763//506 2174//506
f 1828//506 54//506 1741//506 3763//506
f 2068//784 3764//784 2175//784 778//784
f 193//785 1308//785 3764//785 2068//785
f 1308//786 535//786 2174//786 3764//786
f 1545//787 3765//787 1547//787 271//787
f 778//788 2175//788 3765//788 1545//788
f 2175//789 825//789 2173//789 3765//789
f 2170//1 3766//1 2172//1 824//1
f 2274//20 747//20 532//20 4654//20
f 3825//34 2099//34 4650//34 4744//34
f 1687//1 3767//1 2171//1 394//1
f 194//1 1548//1 3767//1 1687//1
f 1548//1 783//1 2170//1 3767//1
f 1169//1 3768//1 1120//1 53//1
f 394//1 2171//1 3768//1 1169//1
f 2171//1 824//1 2169//1 3768//1
f 2093//34 3825//34 4744//34 4649//34
f 2170//34 783//34 313//34 4507//34
f 1890//34 228//34 3204//34 4646//34
f 1829//1 3770//1 2167//1 536//1
f 75//1 1172//1 3770//1 1829//1
f 1172//1 396//1 2166//1 3770//1
f 1309//1 3771//1 1548//1 194//1
f 536//1 2167//1 3771//1 1309//1
f 2167//1 823//1 2165//1 3771//1
f 2272//34 361//34 2396//34 4515//34
f 539//1 1832//1 3772//1 2162//1
f 1832//1 44//1 1731//1 3772//1
f 2072//1 3773//1 2163//1 782//1
f 1615//8 320//8 2531//8 2532//8
f 1715//8 423//8 1876//8 1936//8
f 2169//34 824//34 4508//34 4506//34
f 2622//19 937//19 4538//19 4540//19
f 2168//20 782//20 4500//20 4505//20
f 2159//1 3774//1 2161//1 821//1
f 786//1 2076//1 3774//1 2159//1
f 2076//1 272//1 2074//1 3774//1
f 1689//1 3775//1 2160//1 397//1
f 197//1 1551//1 3775//1 1689//1
f 1551//1 786//1 2159//1 3775//1
f 1173//1 3776//1 1119//1 52//1
f 397//1 2160//1 3776//1 1173//1
f 2160//1 821//1 2158//1 3776//1
f 2155//1 3777//1 2157//1 820//1
f 400//1 1692//1 3777//1 2155//1
f 1692//1 199//1 2075//1 3777//1
f 1833//1 3778//1 2156//1 540//1
f 76//1 1176//1 3778//1 1833//1
f 1176//1 400//1 2155//1 3778//1
f 1312//1 3779//1 1551//1 197//1
f 540//1 2156//1 3779//1 1312//1
f 2156//1 820//1 2154//1 3779//1
f 2151//1 3780//1 2153//1 819//1
f 543//1 1836//1 3780//1 2151//1
f 1836//1 51//1 1738//1 3780//1
f 2075//1 3781//1 2152//1 785//1
f 199//1 1314//1 3781//1 2075//1
f 1314//1 543//1 2151//1 3781//1
f 1550//1 3782//1 1552//1 272//1
f 785//1 2152//1 3782//1 1550//1
f 2152//1 819//1 2150//1 3782//1
f 2147//1 3783//1 2149//1 818//1
f 790//1 2080//1 3783//1 2147//1
f 2080//1 273//1 2078//1 3783//1
f 1693//790 3784//790 2148//790 401//790
f 200//791 1555//791 3784//791 1693//791
f 1555//97 790//97 2147//97 3784//97
f 1177//792 3785//792 1104//792 37//792
f 401//793 2148//793 3785//793 1177//793
f 2148//794 818//794 2146//794 3785//794
f 2143//795 3786//795 2145//795 817//795
f 404//1 1696//1 3786//1 2143//1
f 1696//1 203//1 2079//1 3786//1
f 1837//796 3787//796 2144//796 544//796
f 77//1 1180//1 3787//1 1837//1
f 1180//1 404//1 2143//1 3787//1
f 1315//797 3788//797 1555//797 200//797
f 544//798 2144//798 3788//798 1315//798
f 2144//799 817//799 2142//799 3788//799
f 2139//800 3789//800 2141//800 816//800
f 547//290 1840//290 3789//290 2139//290
f 1840//1 50//1 1737//1 3789//1
f 2079//801 3790//801 2140//801 789//801
f 203//1 1318//1 3790//1 2079//1
f 1318//290 547//290 2139//290 3790//290
f 1554//802 3791//802 1556//802 273//802
f 789//803 2140//803 3791//803 1554//803
f 2140//804 816//804 2138//804 3791//804
f 2270//20 435//20 4634//20 4514//20
f 2621//19 343//19 2435//19 4539//19
f 859//34 2311//34 4526//34 4527//34
f 1697//1 3792//1 2136//1 405//1
f 204//1 1559//1 3792//1 1697//1
f 1559//1 794//1 2135//1 3792//1
f 1181//1 3793//1 1116//1 49//1
f 405//1 2136//1 3793//1 1181//1
f 2136//1 815//1 2134//1 3793//1
f 2914//19 1011//19 4608//19 4610//19
f 408//1 1700//1 3794//1 2131//1
f 2913//19 633//19 926//19 4609//19
f 1841//1 3795//1 2132//1 548//1
f 78//1 1184//1 3795//1 1841//1
f 1184//1 408//1 2131//1 3795//1
f 1319//1 3796//1 1559//1 204//1
f 548//1 2132//1 3796//1 1319//1
f 2132//1 814//1 2130//1 3796//1
f 2166//34 396//34 1952//34 4503//34
f 1001//19 2875//19 4597//19 4596//19
f 1844//1 32//1 1719//1 3797//1
f 274//8 2082//8 223//8 2577//8
f 858//20 2309//20 4525//20 4524//20
f 2165//34 823//34 4504//34 4502//34
f 3824//19 1570//19 4640//19 4742//19
f 936//20 2619//20 4535//20 4536//20
f 3015//8 503//8 4612//8 4611//8
f 2125//805 3799//805 2127//805 813//805
f 798//806 2086//806 3799//806 2125//806
f 1563//807 798//807 2125//807 3800//807
f 1185//808 3801//808 1115//808 48//808
f 409//809 2126//809 3801//809 1185//809
f 2126//810 813//810 2124//810 3801//810
f 2121//811 3802//811 2123//811 812//811
f 412//812 1704//812 3802//812 2121//812
f 4075//1 211//1 2085//1 4114//1
f 1845//387 3803//387 2122//387 551//387
f 79//813 1188//813 3803//813 1845//813
f 1188//814 412//814 2121//814 3803//814
f 551//815 2122//815 3804//815 1322//815
f 2122//816 812//816 2120//816 3804//816
f 2117//817 3805//817 2119//817 811//817
f 554//1 1848//1 3805//1 2117//1
f 1848//1 35//1 1722//1 3805//1
f 2085//818 3806//818 2118//818 797//818
f 211//1 1325//1 3806//1 2085//1
f 1325//1 554//1 2117//1 3806//1
f 1562//819 3807//819 1564//819 275//819
f 797//820 2118//820 3807//820 1562//820
f 2118//821 811//821 2116//821 3807//821
f 2113//822 3808//822 2115//822 810//822
f 802//823 2090//823 3808//823 2113//823
f 4084//824 276//824 2088//824 4115//824
f 1705//1 3809//1 2114//1 413//1
f 212//1 1567//1 3809//1 1705//1
f 1567//825 802//825 2113//825 3809//825
f 1189//1 3810//1 1108//1 41//1
f 413//1 2114//1 3810//1 1189//1
f 2114//1 810//1 2112//1 3810//1
f 2109//826 3811//826 2111//826 809//826
f 416//827 1708//827 3811//827 2109//827
f 4076//828 215//828 2089//828 4116//828
f 1849//829 3812//829 2110//829 555//829
f 80//830 1192//830 3812//830 1849//830
f 1192//831 416//831 2109//831 3812//831
f 1326//832 3813//832 1567//832 212//832
f 555//833 2110//833 3813//833 1326//833
f 2110//834 809//834 2108//834 3813//834
f 2105//835 3814//835 2107//835 808//835
f 558//836 1852//836 3814//836 2105//836
f 1852//837 34//837 1721//837 3814//837
f 2089//838 3815//838 2106//838 801//838
f 215//839 1329//839 3815//839 2089//839
f 1329//840 558//840 2105//840 3815//840
f 1566//841 3816//841 1568//841 276//841
f 801//842 2106//842 3816//842 1566//842
f 2106//843 808//843 2104//843 3816//843
f 2101//1 3817//1 2103//1 807//1
f 805//1 2093//1 3817//1 2101//1
f 486//20 2618//20 4533//20 4534//20
f 1709//1 3818//1 2102//1 417//1
f 216//1 1571//1 3818//1 1709//1
f 1571//1 805//1 2101//1 3818//1
f 1193//1 3819//1 1112//1 45//1
f 417//1 2102//1 3819//1 1193//1
f 2102//1 807//1 2100//1 3819//1
f 2097//1 3820//1 2099//1 806//1
f 420//1 1712//1 3820//1 2097//1
f 1712//1 219//1 2092//1 3820//1
f 1853//1 3821//1 2098//1 559//1
f 81//1 1196//1 3821//1 1853//1
f 1196//1 420//1 2097//1 3821//1
f 1330//1 3822//1 1571//1 216//1
f 559//1 2098//1 3822//1 1330//1
f 2098//1 806//1 2096//1 3822//1
f 2307//8 858//8 4524//8 4523//8
f 1572//34 3824//34 4742//34 2567//34
f 736//34 2306//34 4522//34 646//34
f 2128//19 3798//19 4737//19 4652//19
f 219//1 1333//1 3823//1 2092//1
f 1333//1 562//1 2095//1 3823//1
f 1570//1 3824//1 1572//1 277//1
f 3823//20 2095//20 4481//20 4741//20
f 2305//19 857//19 4519//19 4521//19
f 2092//20 3823//20 4741//20 4476//20
f 935//20 2616//20 4530//20 4531//20
f 3071//34 795//34 36//34 4628//34
f 2096//1 3825//1 2093//1 805//1
f 806//1 2099//1 3825//1 2096//1
f 4052//20 1067//20 4029//20 4776//20
f 2100//1 3826//1 1632//1 337//1
f 807//1 2103//1 3826//1 2100//1
f 3410//34 2648//34 4658//34 4708//34
f 2104//844 3827//844 2091//844 803//844
f 808//845 2107//845 3827//845 2104//845
f 2107//846 429//846 1205//846 3827//846
f 2108//847 3828//847 2090//847 802//847
f 809//848 2111//848 3828//848 2108//848
f 4085//849 801//849 1566//849 4117//849
f 2112//850 3829//850 1628//850 333//850
f 810//851 2115//851 3829//851 2112//851
f 4086//852 800//852 1565//852 4118//852
f 2116//853 3830//853 2087//853 799//853
f 811//854 2119//854 3830//854 2116//854
f 2119//855 430//855 1206//855 3830//855
f 2120//856 3831//856 2086//856 798//856
f 812//857 2123//857 3831//857 2120//857
f 4087//858 797//858 1562//858 4119//858
f 2124//859 3832//859 1635//859 340//859
f 813//860 2127//860 3832//860 2124//860
f 2128//1 3833//1 2083//1 795//1
f 196//20 1311//20 3497//20 3496//20
f 2129//1 427//1 1203//1 3833//1
f 3798//8 1560//8 2568//8 4737//8
f 814//1 2133//1 3834//1 2130//1
f 2133//1 793//1 1558//1 3834//1
f 2134//1 3835//1 1636//1 341//1
f 815//1 2137//1 3835//1 2134//1
f 2137//1 792//1 1557//1 3835//1
f 2138//861 3836//861 2081//861 791//861
f 816//862 2141//862 3836//862 2138//862
f 2141//863 445//863 1221//863 3836//863
f 2142//864 3837//864 2080//864 790//864
f 817//865 2145//865 3837//865 2142//865
f 2145//866 789//866 1554//866 3837//866
f 2146//867 3838//867 1624//867 329//867
f 818//868 2149//868 3838//868 2146//868
f 2149//869 788//869 1553//869 3838//869
f 2150//1 3839//1 2077//1 787//1
f 819//1 2153//1 3839//1 2150//1
f 2153//1 446//1 1222//1 3839//1
f 2154//1 3840//1 2076//1 786//1
f 820//1 2157//1 3840//1 2154//1
f 2157//1 785//1 1550//1 3840//1
f 2158//1 3841//1 1638//1 344//1
f 821//1 2161//1 3841//1 2158//1
f 2161//1 784//1 1549//1 3841//1
f 3026//20 4052//20 4776//20 4617//20
f 1394//34 3410//34 4708//34 4636//34
f 2164//1 439//1 1215//1 3842//1
f 1211//8 96//8 3940//8 3943//8
f 1403//8 236//8 2935//8 2936//8
f 621//19 2663//19 4661//19 1349//19
f 804//8 1569//8 4639//8 4475//8
f 503//19 1276//19 3570//19 4612//19
f 408//20 1700//20 1948//20 1940//20
f 2173//1 3843//1 2070//1 780//1
f 825//508 2176//508 3843//508 2173//508
f 2176//508 449//508 1225//508 3843//508
f 2177//870 3844//870 2069//870 779//870
f 826//871 2180//871 3844//871 2177//871
f 2180//872 778//872 1545//872 3844//872
f 2181//101 3845//101 1623//101 328//101
f 827//873 2184//873 3845//873 2181//873
f 2184//874 777//874 1544//874 3845//874
f 2185//1 3846//1 2066//1 776//1
f 828//1 2188//1 3846//1 2185//1
f 2188//1 450//1 1226//1 3846//1
f 2189//1 3847//1 2065//1 775//1
f 829//1 2192//1 3847//1 2189//1
f 2192//1 774//1 1541//1 3847//1
f 2193//1 3848//1 1641//1 348//1
f 830//1 2196//1 3848//1 2193//1
f 2196//1 773//1 1540//1 3848//1
f 2197//1 3849//1 2062//1 772//1
f 831//1 2200//1 3849//1 2197//1
f 2200//1 442//1 1218//1 3849//1
f 2201//1 3850//1 2061//1 771//1
f 832//1 2204//1 3850//1 2201//1
f 4089//1 770//1 1537//1 4121//1
f 2205//1 3851//1 1642//1 349//1
f 833//1 2208//1 3851//1 2205//1
f 4090//1 769//1 1536//1 4122//1
f 2209//1 3852//1 2058//1 768//1
f 834//1 2212//1 3852//1 2209//1
f 2212//1 453//1 1229//1 3852//1
f 2213//1 3853//1 2057//1 767//1
f 835//1 2216//1 3853//1 2213//1
f 2216//1 766//1 1533//1 3853//1
f 2217//1 3854//1 1616//1 321//1
f 836//1 2220//1 3854//1 2217//1
f 2220//1 765//1 1532//1 3854//1
f 2221//1 3855//1 2054//1 764//1
f 837//1 2224//1 3855//1 2221//1
f 2224//1 454//1 1230//1 3855//1
f 2225//1 3856//1 2053//1 763//1
f 838//1 2228//1 3856//1 2225//1
f 2228//1 762//1 1529//1 3856//1
f 2229//1 3857//1 1645//1 352//1
f 839//1 2232//1 3857//1 2229//1
f 2232//1 761//1 1528//1 3857//1
f 2233//875 3858//875 2050//875 760//875
f 840//1 2236//1 3858//1 2233//1
f 2236//1 441//1 1217//1 3858//1
f 2237//876 3859//876 2049//876 759//876
f 841//1 2240//1 3859//1 2237//1
f 4091//877 758//877 1525//877 4123//877
f 2241//878 3860//878 1646//878 353//878
f 842//879 2244//879 3860//879 2241//879
f 4092//880 757//880 1524//880 4124//880
f 2245//881 3861//881 2046//881 756//881
f 843//882 2248//882 3861//882 2245//882
f 2248//883 457//883 1233//883 3861//883
f 2249//884 3862//884 2045//884 755//884
f 844//885 2252//885 3862//885 2249//885
f 2252//886 754//886 1521//886 3862//886
f 468//57 1244//57 4797//57 4817//57
f 845//887 2256//887 3863//887 2253//887
f 2256//888 753//888 1520//888 3863//888
f 2257//889 3864//889 2042//889 752//889
f 846//890 2260//890 3864//890 2257//890
f 2260//891 458//891 1234//891 3864//891
f 2261//1 3865//1 2041//1 751//1
f 847//1 2264//1 3865//1 2261//1
f 2264//892 750//892 1517//892 3865//892
f 2265//1 3866//1 1649//1 356//1
f 848//1 2268//1 3866//1 2265//1
f 2268//1 749//1 1516//1 3866//1
f 2162//19 3773//19 4731//19 4497//19
f 2902//19 624//19 1207//19 4606//19
f 3027//19 3129//19 4675//19 4618//19
f 2271//1 3867//1 2038//1 748//1
f 849//1 2274//1 3867//1 2271//1
f 3773//19 2072//19 4648//19 4731//19
f 2275//1 3868//1 1650//1 357//1
f 850//1 2278//1 3868//1 2275//1
f 2901//8 1008//8 4605//8 4604//8
f 2279//1 3869//1 2035//1 745//1
f 851//1 2282//1 3869//1 2279//1
f 2282//1 500//1 1273//1 3869//1
f 2283//893 3870//893 2034//893 744//893
f 852//894 2286//894 3870//894 2283//894
f 2286//895 743//895 1512//895 3870//895
f 2287//896 3871//896 1612//896 317//896
f 853//897 2290//897 3871//897 2287//897
f 2290//898 742//898 1511//898 3871//898
f 2291//1 3872//1 2031//1 741//1
f 854//1 2294//1 3872//1 2291//1
f 2294//1 501//1 1274//1 3872//1
f 2295//669 3873//669 2030//669 740//669
f 855//241 2298//241 3873//241 2295//241
f 2298//1 739//1 1508//1 3873//1
f 2299//899 3874//899 1653//899 360//899
f 856//900 2302//900 3874//900 2299//900
f 2302//901 738//901 1507//901 3874//901
f 3129//19 2036//19 578//19 4675//19
f 857//1 2305//1 3875//1 2303//1
f 2305//1 475//1 1251//1 3875//1
f 1844//8 3797//8 4735//8 1823//8
f 1399//8 196//8 3496//8 2940//8
f 2163//20 822//20 4498//20 4499//20
f 2310//1 3876//1 1654//1 361//1
f 2899//19 1007//19 4601//19 4603//19
f 2659//20 622//20 4562//20 4568//20
f 2313//1 3877//1 2024//1 734//1
f 860//1 2316//1 3877//1 2313//1
f 2316//1 504//1 1277//1 3877//1
f 2317//1 3878//1 2023//1 733//1
f 861//1 2320//1 3878//1 2317//1
f 2320//1 732//1 1502//1 3878//1
f 2321//902 3879//902 1611//902 316//902
f 862//903 2324//903 3879//903 2321//903
f 2324//904 731//904 1501//904 3879//904
f 2325//1 3880//1 2020//1 730//1
f 863//1 2328//1 3880//1 2325//1
f 2328//1 505//1 1278//1 3880//1
f 2329//1 3881//1 2019//1 729//1
f 864//877 2332//877 3881//877 2329//877
f 2332//1 728//1 1498//1 3881//1
f 2333//1 3882//1 1657//1 364//1
f 865//1 2336//1 3882//1 2333//1
f 2336//1 727//1 1497//1 3882//1
f 2337//905 3883//905 2016//905 726//905
f 866//906 2340//906 3883//906 2337//906
f 2340//907 497//907 1271//907 3883//907
f 2341//908 3884//908 2015//908 725//908
f 867//909 2344//909 3884//909 2341//909
f 2344//910 724//910 1494//910 3884//910
f 2345//911 3885//911 1658//911 365//911
f 868//912 2348//912 3885//912 2345//912
f 2348//913 723//913 1493//913 3885//913
f 2349//914 3886//914 2012//914 722//914
f 869//915 2352//915 3886//915 2349//915
f 2352//916 508//916 1281//916 3886//916
f 2353//917 3887//917 2011//917 721//917
f 870//918 2356//918 3887//918 2353//918
f 2356//919 720//919 1490//919 3887//919
f 2814//6 3998//6 4838//6 4822//6
f 871//920 2360//920 3888//920 2357//920
f 2360//921 719//921 1489//921 3888//921
f 2361//922 3889//922 2008//922 718//922
f 872//923 2364//923 3889//923 2361//923
f 2364//924 509//924 1282//924 3889//924
f 2365//925 3890//925 2007//925 717//925
f 873//926 2368//926 3890//926 2365//926
f 2368//927 716//927 1486//927 3890//927
f 2369//928 3891//928 1661//928 368//928
f 874//929 2372//929 3891//929 2369//929
f 2372//930 715//930 1485//930 3891//930
f 2373//931 3892//931 2004//931 714//931
f 875//932 2376//932 3892//932 2373//932
f 2376//933 496//933 1270//933 3892//933
f 2377//934 3893//934 2003//934 713//934
f 876//935 2380//935 3893//935 2377//935
f 2380//936 712//936 1482//936 3893//936
f 2381//937 3894//937 1662//937 369//937
f 877//938 2384//938 3894//938 2381//938
f 2384//939 711//939 1481//939 3894//939
f 2385//1 3895//1 2000//1 710//1
f 878//1 2388//1 3895//1 2385//1
f 2388//1 512//1 1285//1 3895//1
f 2389//1 3896//1 1999//1 709//1
f 879//1 2392//1 3896//1 2389//1
f 2392//1 708//1 1478//1 3896//1
f 1475//20 705//20 4380//20 4194//20
f 997//19 2860//19 4353//19 4352//19
f 2448//8 3910//8 4461//8 4305//8
f 2397//1 3898//1 1996//1 706//1
f 881//1 2400//1 3898//1 2397//1
f 2400//1 513//1 1286//1 3898//1
f 2401//1 3899//1 1995//1 705//1
f 882//1 2404//1 3899//1 2401//1
f 2404//1 704//1 1474//1 3899//1
f 2405//1 3900//1 1665//1 372//1
f 883//1 2408//1 3900//1 2405//1
f 2408//1 703//1 1473//1 3900//1
f 2409//1 3901//1 1992//1 702//1
f 884//561 2412//561 3901//561 2409//561
f 2412//561 481//561 1257//561 3901//561
f 2413//1 3902//1 1991//1 701//1
f 885//776 2416//776 3902//776 2413//776
f 4093//940 700//940 1470//940 4125//940
f 2417//1 3903//1 1666//1 373//1
f 886//1 2420//1 3903//1 2417//1
f 4094//1 699//1 1469//1 4126//1
f 2421//1 3904//1 1988//1 698//1
f 887//1 2424//1 3904//1 2421//1
f 2424//1 516//1 1289//1 3904//1
f 2425//1 3905//1 1987//1 697//1
f 888//1 2428//1 3905//1 2425//1
f 2428//1 696//1 1466//1 3905//1
f 2429//1 3906//1 1607//1 312//1
f 889//1 2432//1 3906//1 2429//1
f 2432//1 695//1 1465//1 3906//1
f 1328//20 557//20 4377//20 4169//20
f 73//8 1821//8 4224//8 4144//8
f 585//8 2859//8 4351//8 4333//8
f 2437//1 3908//1 1983//1 693//1
f 891//1 2440//1 3908//1 2437//1
f 2440//1 692//1 1462//1 3908//1
f 2441//1 3909//1 1669//1 376//1
f 892//1 2444//1 3909//1 2441//1
f 2444//1 691//1 1461//1 3909//1
f 3910//8 1980//8 4268//8 4461//8
f 4030//19 2939//19 4393//19 4473//19
f 2448//494 493//494 1267//494 3910//494
f 2449//1 3911//1 1979//1 689//1
f 894//1 2452//1 3911//1 2449//1
f 2452//1 688//1 1458//1 3911//1
f 2453//1 3912//1 1670//1 377//1
f 895//1 2456//1 3912//1 2453//1
f 2456//1 687//1 1457//1 3912//1
f 2457//1 3913//1 1976//1 686//1
f 896//1 2460//1 3913//1 2457//1
f 2460//1 520//1 1293//1 3913//1
f 2461//1 3914//1 1975//1 685//1
f 897//1 2464//1 3914//1 2461//1
f 2464//1 684//1 1454//1 3914//1
f 2465//1 3915//1 1576//1 281//1
f 898//1 2468//1 3915//1 2465//1
f 2468//1 683//1 1453//1 3915//1
f 2469//1 3916//1 1972//1 682//1
f 899//1 2472//1 3916//1 2469//1
f 2472//1 521//1 1294//1 3916//1
f 2473//1 3917//1 1971//1 681//1
f 900//1 2476//1 3917//1 2473//1
f 2476//1 680//1 1450//1 3917//1
f 2477//1 3918//1 1673//1 380//1
f 901//1 2480//1 3918//1 2477//1
f 2480//1 679//1 1449//1 3918//1
f 2481//1 3919//1 1968//1 678//1
f 902//1 2484//1 3919//1 2481//1
f 2484//1 492//1 1266//1 3919//1
f 2485//1 3920//1 1967//1 677//1
f 903//1 2488//1 3920//1 2485//1
f 2488//1 676//1 1446//1 3920//1
f 2489//1 3921//1 1674//1 381//1
f 904//1 2492//1 3921//1 2489//1
f 2492//1 675//1 1445//1 3921//1
f 2493//1 3922//1 1964//1 674//1
f 905//1 2496//1 3922//1 2493//1
f 2496//1 524//1 1297//1 3922//1
f 2497//1 3923//1 1963//1 673//1
f 906//1 2500//1 3923//1 2497//1
f 2500//1 672//1 1442//1 3923//1
f 2501//1 3924//1 1604//1 309//1
f 907//1 2504//1 3924//1 2501//1
f 2504//1 671//1 1441//1 3924//1
f 2505//1 3925//1 1960//1 670//1
f 908//1 2508//1 3925//1 2505//1
f 2508//1 525//1 1298//1 3925//1
f 2509//1 3926//1 1959//1 669//1
f 909//1 2512//1 3926//1 2509//1
f 2512//1 668//1 1438//1 3926//1
f 2513//1 3927//1 1677//1 384//1
f 910//1 2516//1 3927//1 2513//1
f 2516//1 667//1 1437//1 3927//1
f 2517//1 3928//1 1956//1 666//1
f 911//1 2520//1 3928//1 2517//1
f 2520//1 482//1 1258//1 3928//1
f 2521//1 3929//1 1955//1 665//1
f 912//1 2524//1 3929//1 2521//1
f 4095//1 664//1 1434//1 4127//1
f 2525//1 3930//1 1678//1 385//1
f 913//1 2528//1 3930//1 2525//1
f 4096//1 663//1 1433//1 4128//1
f 2784//8 3309//8 4418//8 4341//8
f 1103//8 3557//8 4441//8 4133//8
f 997//8 2858//8 4392//8 4352//8
f 2533//1 3932//1 1951//1 661//1
f 915//1 2536//1 3932//1 2533//1
f 2536//1 660//1 1430//1 3932//1
f 2537//1 3933//1 1603//1 308//1
f 916//1 2540//1 3933//1 2537//1
f 2540//1 659//1 1429//1 3933//1
f 3309//8 1351//8 4174//8 4418//8
f 3557//8 2451//8 4307//8 4441//8
f 1680//8 387//8 4209//8 4208//8
f 2545//1 3935//1 1947//1 657//1
f 918//1 2548//1 3935//1 2545//1
f 2548//1 656//1 1426//1 3935//1
f 2549//1 3936//1 1681//1 388//1
f 919//1 2552//1 3936//1 2549//1
f 2552//1 655//1 1425//1 3936//1
f 2553//1 3937//1 1944//1 654//1
f 920//1 2556//1 3937//1 2553//1
f 2556//1 489//1 1263//1 3937//1
f 2557//1 3938//1 1943//1 653//1
f 921//1 2560//1 3938//1 2557//1
f 2560//1 652//1 1422//1 3938//1
f 2561//1 3939//1 1682//1 389//1
f 922//1 2564//1 3939//1 2561//1
f 2564//1 651//1 1421//1 3939//1
f 2860//19 582//19 4243//19 4353//19
f 1743//34 4030//34 4473//34 4218//34
f 1230//34 454//34 4221//34 4151//34
f 2569//1 3941//1 1939//1 649//1
f 924//1 2572//1 3941//1 2569//1
f 2572//1 648//1 1418//1 3941//1
f 2573//1 3942//1 1583//1 288//1
f 925//1 2576//1 3942//1 2573//1
f 2576//1 647//1 1417//1 3942//1
f 1630//20 335//20 4203//20 4202//20
f 1290//8 175//8 4156//8 4155//8
f 2859//8 997//8 4352//8 4351//8
f 2581//1 3944//1 1935//1 645//1
f 927//1 2584//1 3944//1 2581//1
f 2584//1 644//1 1414//1 3944//1
f 2585//1 3945//1 1685//1 392//1
f 928//1 2588//1 3945//1 2585//1
f 2588//1 643//1 1413//1 3945//1
f 2589//1 3946//1 1932//1 642//1
f 929//1 2592//1 3946//1 2589//1
f 2592//1 488//1 1262//1 3946//1
f 2593//1 3947//1 1931//1 641//1
f 930//1 2596//1 3947//1 2593//1
f 2596//1 640//1 1410//1 3947//1
f 2597//941 3948//941 1686//941 393//941
f 931//942 2600//942 3948//942 2597//942
f 2600//943 639//943 1409//943 3948//943
f 2601//1 3949//1 1928//1 638//1
f 932//1 2604//1 3949//1 2601//1
f 2604//1 536//1 1309//1 3949//1
f 2605//1 3950//1 1927//1 637//1
f 933//1 2608//1 3950//1 2605//1
f 2608//1 636//1 1406//1 3950//1
f 2609//1 3951//1 1600//1 305//1
f 934//1 2612//1 3951//1 2609//1
f 2612//1 635//1 1405//1 3951//1
f 3797//8 2129//8 4488//8 4735//8
f 539//8 2162//8 4497//8 4635//8
f 2898//19 621//19 1349//19 4602//19
f 1067//34 292//34 2541//34 4029//34
f 2162//20 3772//20 4730//20 4497//20
f 2656//34 947//34 4569//34 4565//34
f 2620//1 3952//1 1688//1 395//1
f 937//1 2622//1 3952//1 2620//1
f 2622//1 633//1 1402//1 3952//1
f 2623//1 3953//1 1922//1 632//1
f 938//1 2626//1 3953//1 2623//1
f 2626//1 479//1 1255//1 3953//1
f 3868//34 2278//34 4655//34 4754//34
f 939//1 2630//1 3954//1 2627//1
f 2630//1 631//1 1400//1 3954//1
f 3772//8 2164//8 4501//8 4730//8
f 2655//20 486//20 4534//20 4563//20
f 4049//19 3015//19 4611//19 4775//19
f 2632//1 3955//1 1918//1 629//1
f 940//1 2635//1 3955//1 2632//1
f 2635//1 540//1 1312//1 3955//1
f 2636//1 3956//1 1917//1 628//1
f 941//1 2639//1 3956//1 2636//1
f 2639//1 627//1 1396//1 3956//1
f 2640//1 3957//1 1599//1 304//1
f 942//1 2643//1 3957//1 2640//1
f 2643//1 626//1 1395//1 3957//1
f 1095//8 28//8 3992//8 4026//8
f 1650//34 3868//34 4754//34 4641//34
f 1199//8 84//8 3988//8 3991//8
f 2654//20 946//20 4564//20 4561//20
f 3820//20 2092//20 4476//20 4739//20
f 795//19 1560//19 2568//19 36//19
f 2650//1 3958//1 1691//1 399//1
f 945//1 2652//1 3958//1 2650//1
f 2652//1 624//1 1393//1 3958//1
f 3017//8 4049//8 4775//8 4616//8
f 2073//8 3104//8 4671//8 250//8
f 1558//34 793//34 190//34 2578//34
f 3406//34 1394//34 4636//34 4707//34
f 3867//34 2274//34 4654//34 4753//34
f 624//19 2652//19 4559//19 1207//19
f 2660//1 3959//1 1692//1 400//1
f 948//1 2663//1 3959//1 2660//1
f 2663//1 621//1 1391//1 3959//1
f 2664//944 3960//944 1912//944 620//944
f 949//945 2667//945 3960//945 2664//945
f 2667//946 544//946 1315//946 3960//946
f 2668//947 3961//947 1911//947 619//947
f 950//948 2671//948 3961//948 2668//948
f 2671//949 618//949 1388//949 3961//949
f 2672//950 3962//950 1584//950 289//950
f 951//951 2675//951 3962//951 2672//951
f 2675//952 617//952 1387//952 3962//952
f 2676//1 3963//1 1908//1 616//1
f 952//1 2679//1 3963//1 2676//1
f 2679//1 545//1 1316//1 3963//1
f 2680//1 3964//1 1907//1 615//1
f 953//1 2683//1 3964//1 2680//1
f 2683//1 614//1 1384//1 3964//1
f 2684//1 3965//1 1695//1 403//1
f 954//386 2687//386 3965//386 2684//386
f 2687//386 613//386 1383//386 3965//386
f 2688//1 3966//1 1904//1 612//1
f 955//1 2691//1 3966//1 2688//1
f 2691//1 485//1 1260//1 3966//1
f 2692//1 3967//1 1903//1 611//1
f 956//1 2695//1 3967//1 2692//1
f 2695//1 610//1 1380//1 3967//1
f 2696//1 3968//1 1696//1 404//1
f 957//386 2699//386 3968//386 2696//386
f 2699//386 609//386 1379//386 3968//386
f 2700//1 3969//1 1900//1 608//1
f 958//1 2703//1 3969//1 2700//1
f 2703//1 548//1 1319//1 3969//1
f 2704//953 3970//953 1899//953 607//953
f 959//195 2707//195 3970//195 2704//195
f 2707//1 606//1 1376//1 3970//1
f 2708//954 3971//954 1596//954 301//954
f 960//955 2711//955 3971//955 2708//955
f 2711//1 605//1 1375//1 3971//1
f 2712//1 3972//1 1896//1 604//1
f 961//1 2715//1 3972//1 2712//1
f 2715//1 549//1 1320//1 3972//1
f 2716//1 3973//1 1895//1 603//1
f 962//1 2719//1 3973//1 2716//1
f 2719//1 602//1 1372//1 3973//1
f 2720//1 3974//1 1699//1 407//1
f 963//1 2723//1 3974//1 2720//1
f 2723//1 601//1 1371//1 3974//1
f 3104//8 3062//8 4626//8 4671//8
f 3693//20 2269//20 4511//20 4726//20
f 2725//1 467//1 1243//1 3975//1
f 2099//34 3820//34 4739//34 4650//34
f 2651//34 3406//34 4707//34 4659//34
f 2729//1 599//1 1369//1 3976//1
f 2730//1 3977//1 1700//1 408//1
f 2038//34 3867//34 4753//34 4647//34
f 945//19 2651//19 4659//19 4558//19
f 2734//1 3978//1 1889//1 597//1
f 966//1 2737//1 3978//1 2734//1
f 2737//1 551//1 1322//1 3978//1
f 2738//501 3979//501 1888//501 596//501
f 967//956 2741//956 3979//956 2738//956
f 2741//957 595//957 1365//957 3979//957
f 2742//958 3980//958 1595//958 300//958
f 968//501 2745//501 3980//501 2742//501
f 2745//32 594//32 1364//32 3980//32
f 2746//1 3981//1 1885//1 593//1
f 969//1 2749//1 3981//1 2746//1
f 2749//1 552//1 1323//1 3981//1
f 2750//1 3982//1 1884//1 592//1
f 970//1 2753//1 3982//1 2750//1
f 2753//1 591//1 1361//1 3982//1
f 2754//14 3983//14 1703//14 411//14
f 971//376 2757//376 3983//376 2754//376
f 2757//376 590//376 1360//376 3983//376
f 2758//1 3984//1 1881//1 589//1
f 972//1 2761//1 3984//1 2758//1
f 2761//1 470//1 1246//1 3984//1
f 2762//1 3985//1 1880//1 588//1
f 973//1 2765//1 3985//1 2762//1
f 4097//1 587//1 1357//1 4129//1
f 2766//959 3986//959 1704//959 412//959
f 974//960 2769//960 3986//960 2766//960
f 4098//1 586//1 1356//1 4130//1
f 2770//1 3987//1 1877//1 585//1
f 975//1 2773//1 3987//1 2770//1
f 2773//961 555//961 1326//961 3987//961
f 1126//34 351//34 4205//34 4139//34
f 1418//34 648//34 4255//34 4181//34
f 1232//8 3308//8 4417//8 4153//8
f 2778//1 3989//1 1588//1 293//1
f 977//1 2781//1 3989//1 2778//1
f 2781//1 582//1 1352//1 3989//1
f 2782//962 3990//962 1873//962 581//962
f 978//963 2785//963 3990//963 2782//963
f 2785//964 556//964 1327//964 3990//964
f 1417//34 647//34 4253//34 4180//34
f 243//34 1430//34 4185//34 4186//34
f 1227//20 451//20 4219//20 4376//20
f 3308//8 2784//8 4341//8 4417//8
f 705//8 2406//8 4296//8 4380//8
f 883//8 2405//8 4294//8 4297//8
f 2794//965 3993//965 1869//965 577//965
f 981//966 2797//966 3993//966 2794//966
f 2797//967 469//967 1245//967 3993//967
f 2798//968 3994//968 1868//968 576//968
f 982//969 2801//969 3994//969 2798//969
f 4099//970 575//970 1345//970 4131//970
f 2802//971 3995//971 1708//971 416//971
f 983//972 2805//972 3995//972 2802//972
f 4100//973 574//973 1344//973 4132//973
f 2806//1 3996//1 1865//1 573//1
f 984//1 2809//1 3996//1 2806//1
f 2809//1 559//1 1330//1 3996//1
f 2810//974 3997//974 1864//974 572//974
f 985//975 2813//975 3997//975 2810//975
f 2813//976 571//976 1341//976 3997//976
f 2814//1 3998//1 1592//1 297//1
f 986//1 2817//1 3998//1 2814//1
f 2817//1 570//1 1340//1 3998//1
f 2818//977 3999//977 1861//977 569//977
f 987//978 2821//978 3999//978 2818//978
f 2821//979 560//979 1331//979 3999//979
f 2822//980 4000//980 1860//980 568//980
f 988//981 2825//981 4000//981 2822//981
f 2825//982 567//982 1337//982 4000//982
f 2826//983 4001//983 1711//983 419//983
f 989//984 2829//984 4001//984 2826//984
f 2829//985 566//985 1336//985 4001//985
f 1792//19 499//19 1825//19 1826//19
f 990//1 2832//1 4002//1 2830//1
f 2832//1 463//1 1239//1 4002//1
f 2833//1 4003//1 1857//1 565//1
f 991//1 2836//1 4003//1 2833//1
f 2836//1 564//1 1334//1 4003//1
f 2837//1 4004//1 1712//1 420//1
f 992//1 2840//1 4004//1 2837//1
f 2037//20 3693//20 4726//20 533//20
f 1587//8 292//8 2541//8 2565//8
f 2131//20 3794//20 4734//20 4490//20
f 1891//19 600//19 1432//19 1460//19
f 2842//986 4005//986 1855//986 561//986
f 993//987 2845//987 4005//987 2842//987
f 2845//988 418//988 1194//988 4005//988
f 440//57 1216//57 4795//57 4815//57
f 994//1 2849//1 4006//1 2846//1
f 2849//1 417//1 1193//1 4006//1
f 2850//989 4007//989 1852//989 558//989
f 995//990 2853//990 4007//990 2850//990
f 2853//991 326//991 1101//991 4007//991
f 2854//992 4008//992 1851//992 557//992
f 996//993 2857//993 4008//993 2854//993
f 2857//994 414//994 1190//994 4008//994
f 2858//1 4009//1 1728//1 436//1
f 997//1 2861//1 4009//1 2858//1
f 2861//1 413//1 1189//1 4009//1
f 2862//1 4010//1 1848//1 554//1
f 998//1 2865//1 4010//1 2862//1
f 2865//1 327//1 1102//1 4010//1
f 2866//14 4011//14 1847//14 553//14
f 999//376 2869//376 4011//376 2866//376
f 2869//376 410//376 1186//376 4011//376
f 2870//239 4012//239 1735//239 443//239
f 1000//1 2873//1 4012//1 2870//1
f 2873//995 409//995 1185//995 4012//995
f 3794//34 1700//34 1948//34 4734//34
f 1001//1 2876//1 4013//1 2874//1
f 2876//1 324//1 1099//1 4013//1
f 2877//1 4014//1 1843//1 550//1
f 1002//1 2880//1 4014//1 2877//1
f 2880//1 406//1 1182//1 4014//1
f 2881//1 4015//1 1736//1 444//1
f 1003//1 2884//1 4015//1 2881//1
f 2884//1 405//1 1181//1 4015//1
f 2885//1 4016//1 1840//1 547//1
f 1004//1 2888//1 4016//1 2885//1
f 2888//1 342//1 1117//1 4016//1
f 2889//1 4017//1 1839//1 546//1
f 1005//386 2892//386 4017//386 2889//386
f 2892//386 402//386 1178//386 4017//386
f 2893//996 4018//996 1724//996 432//996
f 1006//997 2896//997 4018//997 2893//997
f 2896//998 401//998 1177//998 4018//998
f 2897//1 4019//1 1836//1 543//1
f 1007//1 2899//1 4019//1 2897//1
f 2899//1 343//1 1118//1 4019//1
f 2900//1 4020//1 1835//1 542//1
f 1008//1 2903//1 4020//1 2900//1
f 2903//1 398//1 1174//1 4020//1
f 2904//1 4021//1 1739//1 447//1
f 1009//1 2907//1 4021//1 2904//1
f 2907//1 397//1 1173//1 4021//1
f 2908//1 4022//1 1832//1 539//1
f 1010//1 2911//1 4022//1 2908//1
f 2911//1 336//1 1111//1 4022//1
f 2912//1 4023//1 1831//1 538//1
f 1011//1 2914//1 4023//1 2912//1
f 2874//20 4013//20 4773//20 4594//20
f 2915//1 4024//1 1740//1 448//1
f 1012//1 2918//1 4024//1 2915//1
f 2918//1 394//1 1169//1 4024//1
f 2919//14 4025//14 1828//14 535//14
f 1013//376 2922//376 4025//376 2919//376
f 2922//376 346//376 1121//376 4025//376
f 1413//34 643//34 4249//34 4179//34
f 2454//34 689//34 4267//34 4308//34
f 694//19 1464//19 4193//19 4273//19
f 188//34 1425//34 4184//34 4162//34
f 2179//8 3762//8 4458//8 4276//8
f 1462//34 692//34 4271//34 4191//34
f 2931//1 4028//1 1824//1 531//1
f 1016//1 2934//1 4028//1 2931//1
f 2934//1 347//1 1122//1 4028//1
f 3762//8 1546//8 4199//8 4458//8
f 152//20 1475//20 4194//20 4195//20
f 1822//8 529//8 4227//8 4226//8
f 2939//1 4030//1 1743//1 451//1
f 1950//34 188//34 4162//34 4262//34
f 1821//8 528//8 4225//8 4224//8
f 2943//1 4031//1 1820//1 527//1
f 1019//1 2946//1 4031//1 2943//1
f 2946//1 339//1 1114//1 4031//1
f 2947//1 4032//1 1819//1 526//1
f 1020//1 2950//1 4032//1 2947//1
f 2950//1 383//1 1158//1 4032//1
f 2951//1 4033//1 1744//1 452//1
f 1021//1 2954//1 4033//1 2951//1
f 2954//1 382//1 1157//1 4033//1
f 2955//1 4034//1 1816//1 523//1
f 1022//1 2958//1 4034//1 2955//1
f 2958//1 350//1 1125//1 4034//1
f 2959//1 4035//1 1815//1 522//1
f 1023//1 2962//1 4035//1 2959//1
f 2962//1 379//1 1154//1 4035//1
f 2963//1 4036//1 1716//1 424//1
f 1024//1 2966//1 4036//1 2963//1
f 2966//1 378//1 1153//1 4036//1
f 2967//1 4037//1 1812//1 519//1
f 1025//1 2970//1 4037//1 2967//1
f 2970//1 351//1 1126//1 4037//1
f 2971//1 4038//1 1811//1 518//1
f 1026//1 2974//1 4038//1 2971//1
f 2974//1 375//1 1150//1 4038//1
f 2975//1 4039//1 1747//1 455//1
f 1027//1 2978//1 4039//1 2975//1
f 2978//1 374//1 1149//1 4039//1
f 2979//1 4040//1 1808//1 515//1
f 1028//1 2982//1 4040//1 2979//1
f 2982//1 338//1 1113//1 4040//1
f 2983//1 4041//1 1807//1 514//1
f 1029//1 2986//1 4041//1 2983//1
f 2986//1 371//1 1146//1 4041//1
f 2987//999 4042//999 1748//999 456//999
f 1030//796 2990//796 4042//796 2987//796
f 2990//1000 370//1000 1145//1000 4042//1000
f 2991//1001 4043//1001 1804//1001 511//1001
f 1031//1002 2994//1002 4043//1002 2991//1002
f 2994//1003 354//1003 1129//1003 4043//1003
f 2995//1004 4044//1004 1803//1004 510//1004
f 1032//1005 2998//1005 4044//1005 2995//1005
f 2998//1006 367//1006 1142//1006 4044//1006
f 1592//1007 3998//1007 4838//1007 4827//1007
f 1033//1008 3002//1008 4045//1008 2999//1008
f 3002//1009 366//1009 1141//1009 4045//1009
f 3003//1010 4046//1010 1800//1010 507//1010
f 1034//1011 3006//1011 4046//1011 3003//1011
f 3006//1012 355//1012 1130//1012 4046//1012
f 3007//1 4047//1 1799//1 506//1
f 1035//1 3010//1 4047//1 3007//1
f 3010//1 363//1 1138//1 4047//1
f 3011//1013 4048//1013 1751//1013 459//1013
f 1036//1014 3014//1014 4048//1014 3011//1014
f 3014//1015 362//1015 1137//1015 4048//1015
f 3015//1 4049//1 1796//1 503//1
f 2649//20 625//20 4551//20 4555//20
f 3017//1 332//1 1107//1 4049//1
f 3018//1 4050//1 1795//1 502//1
f 1037//1 3021//1 4050//1 3018//1
f 3021//1 359//1 1134//1 4050//1
f 3022//1016 4051//1016 1752//1016 460//1016
f 1038//1017 3025//1017 4051//1017 3022//1017
f 3025//1 358//1 1133//1 4051//1
f 2072//19 3769//19 4729//19 4648//19
f 1039//1 3029//1 4052//1 3026//1
f 3029//1 292//1 1067//1 4052//1
f 3030//1018 4053//1018 1791//1018 498//1018
f 1040//1019 3033//1019 4053//1019 3030//1019
f 3033//1020 315//1020 1090//1020 4053//1020
f 41//6 1108//6 4787//6 4788//6
f 1041//1021 3037//1021 4054//1021 3034//1021
f 3037//1022 314//1022 1089//1022 4054//1022
f 3038//1023 4055//1023 1788//1023 495//1023
f 1042//1024 3041//1024 4055//1024 3038//1024
f 3041//1025 298//1025 1073//1025 4055//1025
f 3042//1 4056//1 1787//1 494//1
f 1043//1 3045//1 4056//1 3042//1
f 3045//1 311//1 1086//1 4056//1
f 3046//1 4057//1 1756//1 464//1
f 1044//1 3049//1 4057//1 3046//1
f 3049//1 310//1 1085//1 4057//1
f 3050//1 4058//1 1784//1 491//1
f 1045//1 3053//1 4058//1 3050//1
f 3053//1 299//1 1074//1 4058//1
f 3054//1 4059//1 1783//1 490//1
f 1046//1 3057//1 4059//1 3054//1
f 3057//1 307//1 1082//1 4059//1
f 3058//1026 4060//1026 1763//1026 471//1026
f 1047//1027 3061//1027 4060//1027 3058//1027
f 3061//1028 306//1028 1081//1028 4060//1028
f 2876//8 4013//8 4773//8 4599//8
f 2648//20 944//20 4556//20 4658//20
f 3062//1 296//1 1071//1 4061//1
f 3063//1 4062//1 1779//1 487//1
f 1048//1 3066//1 4062//1 3063//1
f 3066//1 303//1 1078//1 4062//1
f 3067//1029 4063//1029 1764//1029 472//1029
f 1049//1030 3070//1030 4063//1030 3067//1030
f 3070//1031 302//1031 1077//1031 4063//1031
f 2269//20 3692//20 4725//20 4511//20
f 795//20 2083//20 56//20 36//20
f 3073//1 284//1 1059//1 4064//1
f 3074//1 4065//1 1775//1 483//1
f 1050//1 3077//1 4065//1 3074//1
f 3077//1 287//1 1062//1 4065//1
f 3078//1032 4066//1032 1768//1032 476//1032
f 1051//1033 3081//1033 4066//1033 3078//1033
f 3081//1034 286//1034 1061//1034 4066//1034
f 3082//1 4067//1 1772//1 480//1
f 1052//1 3085//1 4067//1 3082//1
f 3085//1 280//1 1055//1 4067//1
f 2805//1035 4100//1035 4132//1035 3995//1035
f 2801//1036 4099//1036 4131//1036 3994//1036
f 2769//1 4098//1 4130//1 3986//1
f 2765//1 4097//1 4129//1 3985//1
f 2528//1 4096//1 4128//1 3930//1
f 2524//1 4095//1 4127//1 3929//1
f 2420//1 4094//1 4126//1 3903//1
f 2416//1037 4093//1037 4125//1037 3902//1037
f 2244//1038 4092//1038 4124//1038 3860//1038
f 2240//877 4091//877 4123//877 3859//877
f 2208//1 4090//1 4122//1 3851//1
f 2204//1 4089//1 4121//1 3850//1
f 2127//1039 4088//1039 4120//1039 3832//1039
f 2123//1040 4087//1040 4119//1040 3831//1040
f 2115//1041 4086//1041 4118//1041 3829//1041
f 2111//1042 4085//1042 4117//1042 3828//1042
f 1708//1043 4076//1043 4116//1043 3811//1043
f 2090//1044 4084//1044 4115//1044 3808//1044
f 1704//1 4075//1 4114//1 3802//1
f 2086//1045 4083//1045 4113//1045 3799//1045
f 1678//1 4074//1 4112//1 3742//1
f 2061//1 4082//1 4111//1 3739//1
f 1666//1 4073//1 4110//1 3715//1
f 2049//1046 4081//1046 4109//1046 3712//1046
f 1635//1047 4070//1047 4108//1047 3583//1047
f 1991//1 4080//1 4107//1 3580//1
f 1202//1 4068//1 4106//1 3502//1
f 1955//1 4079//1 4105//1 3499//1
f 1642//1 4071//1 4104//1 3322//1
f 1880//1 4078//1 4103//1 3319//1
f 1646//1048 4072//1048 4102//1048 3295//1048
f 1868//1049 4077//1049 4101//1049 3292//1049
f 3292//1050 4101//1050 4100//1050 2805//1050
f 3295//1051 4102//1051 4099//1051 2801//1051
f 3319//1 4103//1 4098//1 2769//1
f 3322//1 4104//1 4097//1 2765//1
f 3499//1 4105//1 4096//1 2528//1
f 3502//1 4106//1 4095//1 2524//1
f 3580//1 4107//1 4094//1 2420//1
f 3583//1052 4108//1052 4093//1052 2416//1052
f 3712//1053 4109//1053 4092//1053 2244//1053
f 3715//1 4110//1 4091//1 2240//1
f 3739//1 4111//1 4090//1 2208//1
f 3742//1 4112//1 4089//1 2204//1
f 3799//1054 4113//1054 4088//1054 2127//1054
f 3802//1055 4114//1055 4087//1055 2123//1055
f 3808//1056 4115//1056 4086//1056 2115//1056
f 3811//1057 4116//1057 4085//1057 2111//1057
f 3828//1058 4117//1058 4084//1058 2090//1058
f 3829//1059 4118//1059 4069//1059 1628//1059
f 3831//1060 4119//1060 4083//1060 2086//1060
f 3832//1061 4120//1061 4070//1061 1635//1061
f 3850//1 4121//1 4082//1 2061//1
f 3851//1 4122//1 4071//1 1642//1
f 3859//1062 4123//1062 4081//1062 2049//1062
f 3860//1063 4124//1063 4072//1063 1646//1063
f 3902//1 4125//1 4080//1 1991//1
f 3903//1 4126//1 4073//1 1666//1
f 3929//1 4127//1 4079//1 1955//1
f 3930//1 4128//1 4074//1 1678//1
f 3985//1 4129//1 4078//1 1880//1
f 3986//1 4130//1 4075//1 1704//1
f 3994//1064 4131//1064 4077//1064 1868//1064
f 3995//1065 4132//1065 4076//1065 1708//1065
f 2084//1066 796//1066 4846//1066 4845//1066
f 4473//1 4142//1 4138//1 4218//1
f 4472//1 4143//1 4144//1 4228//1
f 4471//1 4145//1 4134//1 4216//1
f 4470//1 4146//1 4147//1 4234//1
f 4469//1 4171//1 4170//1 4214//1
f 4468//1 4172//1 4173//1 4240//1
f 4467//1 4175//1 4176//1 4246//1
f 4466//1 4165//1 4166//1 4250//1
f 4465//1 4163//1 4164//1 4256//1
f 4464//1 4159//1 4160//1 4258//1
f 4463//1 4157//1 4158//1 4264//1
f 4462//1 4188//1 4189//1 4266//1
f 4460//1 4155//1 4156//1 4272//1
f 4459//1 4196//1 4154//1 4200//1
f 4454//1 4280//1 4281//1 4137//1
f 4453//1 4282//1 4283//1 4284//1
f 4452//1 4285//1 4286//1 4197//1
f 4451//1 4287//1 4288//1 4289//1
f 4450//1 4290//1 4201//1 4375//1
f 4449//1 4291//1 4292//1 4385//1
f 4448//1 4274//1 4275//1 4293//1
f 4447//1 4294//1 4295//1 4141//1
f 4446//1 4296//1 4297//1 4298//1
f 4445//1 4299//1 4273//1 4193//1
f 4444//1 4300//1 4301//1 4302//1
f 4443//1 4222//1 4223//1 4303//1
f 4442//1 4304//1 4269//1 4190//1
f 4439//1 4311//1 4265//1 4187//1
f 4438//1 4312//1 4313//1 4314//1
f 4437//1 4224//1 4225//1 4315//1
f 4436//1 4316//1 4259//1 4379//1
f 4434//1 4226//1 4227//1 4317//1
f 4432//1 4319//1 4257//1 4183//1
f 4431//1 4320//1 4321//1 4322//1
f 4430//1 4230//1 4231//1 4323//1
f 4429//1 4324//1 4251//1 4378//1
f 4428//1 4325//1 4326//1 4388//1
f 4427//1 4232//1 4233//1 4327//1
f 4425//1 4328//1 4329//1 4330//1
f 4422//1 4332//1 4333//1 4177//1
f 4421//1 4334//1 4335//1 4336//1
f 4420//1 4244//1 4245//1 4340//1
f 4419//1 4242//1 4243//1 4390//1
f 4416//1 4343//1 4344//1 4391//1
f 4415//1 4238//1 4239//1 4345//1
f 4414//1 4236//1 4237//1 4349//1
f 4411//1 4351//1 4352//1 4353//1
f 4410//1 4354//1 4235//1 4167//1
f 4409//1 4355//1 4356//1 4357//1
f 4408//1 4212//1 4213//1 4358//1
f 4407//1 4359//1 4217//1 4149//1
f 4406//1 4360//1 4361//1 4362//1
f 4405//1 4210//1 4211//1 4363//1
f 4404//1 4364//1 4229//1 4161//1
f 4403//1 4365//1 4366//1 4367//1
f 4402//1 4208//1 4209//1 4369//1
f 4400//1 4370//1 4371//1 4372//1
f 4399//1 4206//1 4207//1 4373//1
f 4274//1 4395//1 4374//1 4275//1
f 4196//1 4396//1 4153//1 4154//1
f 4275//1 4374//1 4396//1 4196//1
f 4269//1 4268//1 4397//1 4394//1
f 4189//1 4190//1 4398//1 4383//1
f 4190//1 4269//1 4394//1 4398//1
f 4370//1 4399//1 4373//1 4371//1
f 4265//1 4264//1 4399//1 4370//1
f 4264//1 4158//1 4206//1 4399//1
f 4260//1 4400//1 4372//1 4261//1
f 4186//1 4187//1 4400//1 4260//1
f 4187//1 4265//1 4370//1 4400//1
f 4372//1 4371//1 4393//1 4401//1
f 4365//1 4402//1 4369//1 4366//1
f 4259//1 4258//1 4402//1 4365//1
f 4258//1 4160//1 4208//1 4402//1
f 4379//1 4259//1 4365//1 4403//1
f 4184//1 4404//1 4161//1 4162//1
f 4368//1 4367//1 4404//1 4184//1
f 4367//1 4366//1 4364//1 4404//1
f 4360//1 4405//1 4363//1 4361//1
f 4257//1 4256//1 4405//1 4360//1
f 4256//1 4164//1 4210//1 4405//1
f 4252//1 4406//1 4362//1 4253//1
f 4182//1 4183//1 4406//1 4252//1
f 4183//1 4257//1 4360//1 4406//1
f 4180//1 4407//1 4149//1 4150//1
f 4253//1 4362//1 4407//1 4180//1
f 4362//1 4361//1 4359//1 4407//1
f 4355//1 4408//1 4358//1 4356//1
f 4251//1 4250//1 4408//1 4355//1
f 4250//1 4166//1 4212//1 4408//1
f 4248//1 4409//1 4357//1 4249//1
f 4378//1 4251//1 4355//1 4409//1
f 4179//1 4410//1 4167//1 4168//1
f 4249//1 4357//1 4410//1 4179//1
f 4357//1 4356//1 4354//1 4410//1
f 4242//1 4411//1 4353//1 4243//1
f 4176//1 4177//1 4411//1 4242//1
f 4177//1 4333//1 4351//1 4411//1
f 4236//1 4412//1 4350//1 4237//1
f 4173//1 4174//1 4412//1 4236//1
f 4171//1 4413//1 4169//1 4170//1
f 4237//1 4350//1 4413//1 4171//1
f 4347//1 4414//1 4349//1 4348//1
f 4241//1 4240//1 4414//1 4347//1
f 4240//1 4173//1 4236//1 4414//1
f 4343//1 4415//1 4345//1 4344//1
f 4201//1 4200//1 4415//1 4343//1
f 4200//1 4154//1 4238//1 4415//1
f 4375//1 4201//1 4343//1 4416//1
f 4238//1 4417//1 4341//1 4239//1
f 4154//1 4153//1 4417//1 4238//1
f 4172//1 4418//1 4174//1 4173//1
f 4239//1 4341//1 4418//1 4172//1
f 4247//1 4246//1 4419//1 4389//1
f 4246//1 4176//1 4242//1 4419//1
f 4338//1 4420//1 4340//1 4339//1
f 4215//1 4214//1 4420//1 4338//1
f 4214//1 4170//1 4244//1 4420//1
f 4244//1 4421//1 4336//1 4245//1
f 4170//1 4169//1 4421//1 4244//1
f 4169//1 4377//1 4334//1 4421//1
f 4175//1 4422//1 4177//1 4176//1
f 4245//1 4336//1 4422//1 4175//1
f 4336//1 4335//1 4332//1 4422//1
f 4212//1 4423//1 4331//1 4213//1
f 4166//1 4178//1 4423//1 4212//1
f 4146//1 4424//1 4148//1 4147//1
f 4213//1 4331//1 4424//1 4146//1
f 4232//1 4425//1 4330//1 4233//1
f 4138//1 4137//1 4425//1 4232//1
f 4137//1 4281//1 4328//1 4425//1
f 4165//1 4426//1 4178//1 4166//1
f 4233//1 4330//1 4426//1 4165//1
f 4325//1 4427//1 4327//1 4326//1
f 4219//1 4218//1 4427//1 4325//1
f 4218//1 4138//1 4232//1 4427//1
f 4376//1 4219//1 4325//1 4428//1
f 4388//1 4326//1 4324//1 4429//1
f 4320//1 4430//1 4323//1 4321//1
f 4235//1 4234//1 4430//1 4320//1
f 4234//1 4147//1 4230//1 4430//1
f 4254//1 4431//1 4322//1 4255//1
f 4168//1 4167//1 4431//1 4254//1
f 4167//1 4235//1 4320//1 4431//1
f 4181//1 4432//1 4183//1 4182//1
f 4255//1 4322//1 4432//1 4181//1
f 4322//1 4321//1 4319//1 4432//1
f 4136//1 4382//1 4433//1 4226//1
f 4203//1 4135//1 4434//1 4386//1
f 4135//1 4136//1 4226//1 4434//1
f 4202//1 4203//1 4386//1 4435//1
f 4387//1 4318//1 4316//1 4436//1
f 4312//1 4437//1 4315//1 4313//1
f 4229//1 4228//1 4437//1 4312//1
f 4228//1 4144//1 4224//1 4437//1
f 4262//1 4438//1 4314//1 4263//1
f 4162//1 4161//1 4438//1 4262//1
f 4161//1 4229//1 4312//1 4438//1
f 4185//1 4439//1 4187//1 4186//1
f 4263//1 4314//1 4439//1 4185//1
f 4314//1 4313//1 4311//1 4439//1
f 4308//1 4440//1 4310//1 4309//1
f 4267//1 4266//1 4440//1 4308//1
f 4266//1 4189//1 4383//1 4440//1
f 4222//1 4441//1 4307//1 4223//1
f 4134//1 4133//1 4441//1 4222//1
f 4188//1 4442//1 4190//1 4189//1
f 4300//1 4443//1 4303//1 4301//1
f 4217//1 4216//1 4443//1 4300//1
f 4216//1 4134//1 4222//1 4443//1
f 4270//1 4444//1 4302//1 4271//1
f 4150//1 4149//1 4444//1 4270//1
f 4149//1 4217//1 4300//1 4444//1
f 4191//1 4445//1 4193//1 4192//1
f 4271//1 4302//1 4445//1 4191//1
f 4302//1 4301//1 4299//1 4445//1
f 4204//1 4446//1 4298//1 4205//1
f 4195//1 4194//1 4446//1 4204//1
f 4194//1 4380//1 4296//1 4446//1
f 4139//1 4447//1 4141//1 4140//1
f 4205//1 4298//1 4447//1 4139//1
f 4298//1 4297//1 4294//1 4447//1
f 4291//1 4448//1 4293//1 4292//1
f 4152//1 4197//1 4449//1 4381//1
f 4197//1 4286//1 4291//1 4449//1
f 4385//1 4292//1 4290//1 4450//1
f 4220//1 4451//1 4289//1 4221//1
f 4140//1 4141//1 4451//1 4220//1
f 4141//1 4295//1 4287//1 4451//1
f 4151//1 4452//1 4197//1 4152//1
f 4221//1 4289//1 4452//1 4151//1
f 4289//1 4288//1 4285//1 4452//1
f 4206//1 4453//1 4284//1 4207//1
f 4158//1 4198//1 4453//1 4206//1
f 4198//1 4279//1 4282//1 4453//1
f 4142//1 4454//1 4137//1 4138//1
f 4207//1 4284//1 4454//1 4142//1
f 4284//1 4283//1 4280//1 4454//1
f 4210//1 4455//1 4277//1 4211//1
f 4164//1 4199//1 4455//1 4210//1
f 4145//1 4456//1 4133//1 4134//1
f 4211//1 4277//1 4456//1 4145//1
f 4230//1 4457//1 4276//1 4231//1
f 4147//1 4148//1 4457//1 4230//1
f 4163//1 4458//1 4199//1 4164//1
f 4231//1 4276//1 4458//1 4163//1
f 4290//1 4459//1 4200//1 4201//1
f 4292//1 4293//1 4459//1 4290//1
f 4293//1 4275//1 4196//1 4459//1
f 4299//1 4460//1 4272//1 4273//1
f 4301//1 4303//1 4460//1 4299//1
f 4303//1 4223//1 4155//1 4460//1
f 4304//1 4461//1 4268//1 4269//1
f 4306//1 4305//1 4461//1 4304//1
f 4311//1 4463//1 4264//1 4265//1
f 4313//1 4315//1 4463//1 4311//1
f 4315//1 4225//1 4157//1 4463//1
f 4316//1 4464//1 4258//1 4259//1
f 4318//1 4317//1 4464//1 4316//1
f 4317//1 4227//1 4159//1 4464//1
f 4319//1 4465//1 4256//1 4257//1
f 4321//1 4323//1 4465//1 4319//1
f 4323//1 4231//1 4163//1 4465//1
f 4324//1 4466//1 4250//1 4251//1
f 4326//1 4327//1 4466//1 4324//1
f 4327//1 4233//1 4165//1 4466//1
f 4337//1 4467//1 4246//1 4247//1
f 4339//1 4340//1 4467//1 4337//1
f 4340//1 4245//1 4175//1 4467//1
f 4342//1 4468//1 4240//1 4241//1
f 4344//1 4345//1 4468//1 4342//1
f 4345//1 4239//1 4172//1 4468//1
f 4346//1 4469//1 4214//1 4215//1
f 4348//1 4349//1 4469//1 4346//1
f 4349//1 4237//1 4171//1 4469//1
f 4354//1 4470//1 4234//1 4235//1
f 4356//1 4358//1 4470//1 4354//1
f 4358//1 4213//1 4146//1 4470//1
f 4359//1 4471//1 4216//1 4217//1
f 4361//1 4363//1 4471//1 4359//1
f 4363//1 4211//1 4145//1 4471//1
f 4364//1 4472//1 4228//1 4229//1
f 4366//1 4369//1 4472//1 4364//1
f 4369//1 4209//1 4143//1 4472//1
f 4371//1 4373//1 4473//1 4393//1
f 4373//1 4207//1 4142//1 4473//1
f 4687//1 4595//1 4596//1 4597//1
f 4685//1 4600//1 4601//1 4602//1
f 4684//1 2436//1 2435//1 4603//1
f 4683//1 4604//1 4605//1 4606//1
f 4681//1 4607//1 4608//1 4609//1
f 4680//1 2393//1 2391//1 4610//1
f 4679//1 4611//1 4612//1 3570//1
f 4678//1 4613//1 4614//1 4615//1
f 4676//1 4617//1 1825//1 3591//1
f 4674//1 2565//1 2541//1 4621//1
f 4673//1 4622//1 1827//1 3603//1
f 4672//1 4623//1 4624//1 4625//1
f 4670//1 4627//1 1871//1 3907//1
f 4669//1 4628//1 4629//1 4630//1
f 4479//1 4478//1 4666//1 4664//1
f 4474//1 4667//1 4632//1 4475//1
f 2566//1 2567//1 4667//1 4474//1
f 2567//1 4479//1 4664//1 4667//1
f 4628//1 4668//1 4631//1 4629//1
f 36//1 56//1 4668//1 4628//1
f 223//1 4669//1 4630//1 214//1
f 2580//1 4670//1 3907//1 3897//1
f 4630//1 4629//1 4627//1 4670//1
f 4623//1 4671//1 4626//1 4624//1
f 224//1 250//1 4671//1 4623//1
f 391//1 4672//1 4625//1 390//1
f 2777//1 2772//1 4672//1 391//1
f 2772//1 224//1 4623//1 4672//1
f 2789//1 4673//1 3603//1 3602//1
f 390//1 4625//1 4673//1 2789//1
f 4625//1 4624//1 4622//1 4673//1
f 4618//1 4674//1 4621//1 4619//1
f 431//1 530//1 4674//1 4618//1
f 530//1 3940//1 2565//1 4674//1
f 2923//1 2793//1 4675//1 578//1
f 2793//1 431//1 4618//1 4675//1
f 2925//1 4676//1 3591//1 3590//1
f 534//1 4620//1 4676//1 2925//1
f 4620//1 4619//1 4617//1 4676//1
f 4613//1 4677//1 4616//1 4614//1
f 707//1 4678//1 4615//1 690//1
f 2927//1 2926//1 4678//1 707//1
f 2929//1 4679//1 3570//1 3569//1
f 690//1 4615//1 4679//1 2929//1
f 4615//1 4614//1 4611//1 4679//1
f 4607//1 4680//1 4610//1 4608//1
f 880//1 890//1 4680//1 4607//1
f 890//1 3498//1 2393//1 4680//1
f 1014//1 4681//1 4609//1 926//1
f 4638//1 880//1 4607//1 4681//1
f 1147//1 1161//1 4682//1 4604//1
f 1161//1 3470//1 4642//1 4682//1
f 1303//1 4683//1 4606//1 1207//1
f 3192//1 2942//1 4683//1 1303//1
f 2942//1 1147//1 4604//1 4683//1
f 4600//1 4684//1 4603//1 4601//1
f 1305//1 1306//1 4684//1 4600//1
f 1306//1 3749//1 2436//1 4684//1
f 1353//1 4685//1 4602//1 1349//1
f 3201//1 3195//1 4685//1 1353//1
f 3195//1 1305//1 4600//1 4685//1
f 4595//1 4686//1 4599//1 4596//1
f 1355//1 1420//1 4686//1 4595//1
f 3204//1 3203//1 4687//1 4646//1
f 3203//1 1355//1 4595//1 4687//1
f 3252//1 4688//1 3469//1 3460//1
f 4598//1 4597//1 4688//1 3252//1
f 4589//1 4689//1 4593//1 4590//1
f 1608//1 1679//1 4689//1 4589//1
f 1679//1 3931//1 2532//1 4689//1
f 3304//1 3301//1 4690//1 4644//1
f 3301//1 1608//1 4589//1 4690//1
f 3317//1 4691//1 3449//1 3318//1
f 4592//1 4591//1 4691//1 3317//1
f 4591//1 4590//1 4588//1 4691//1
f 4645//1 3304//1 4644//1 4692//1
f 4641//1 3590//1 1684//1 4693//1
f 4584//1 4694//1 4587//1 4585//1
f 1684//1 4695//1 4586//1 1683//1
f 3590//1 3591//1 4695//1 1684//1
f 3591//1 1825//1 4584//1 4695//1
f 3313//1 4696//1 3301//1 3304//1
f 1683//1 4586//1 4696//1 3313//1
f 4586//1 4585//1 4583//1 4696//1
f 4580//1 4697//1 4582//1 4581//1
f 4576//1 4698//1 4578//1 4577//1
f 2433//1 2434//1 4698//1 4576//1
f 2434//1 3602//1 1479//1 4698//1
f 4571//1 4699//1 4574//1 4572//1
f 1827//1 1870//1 4699//1 4571//1
f 1479//1 4700//1 4573//1 1477//1
f 3602//1 3603//1 4700//1 1479//1
f 3603//1 1827//1 4571//1 4700//1
f 3206//1 4701//1 3203//1 3204//1
f 4573//1 4572//1 4570//1 4701//1
f 1307//1 1348//1 4702//1 4660//1
f 1348//1 3201//1 1353//1 4702//1
f 3470//1 3197//1 4703//1 4642//1
f 3197//1 1307//1 4660//1 4703//1
f 3471//1 4704//1 3197//1 3470//1
f 4567//1 4566//1 4704//1 3471//1
f 3202//1 4705//1 3195//1 3201//1
f 4562//1 4561//1 4705//1 3202//1
f 4561//1 4564//1 4560//1 4705//1
f 4557//1 4706//1 4559//1 4558//1
f 1165//1 1166//1 4706//1 4557//1
f 1166//1 3192//1 1303//1 4706//1
f 4636//1 1165//1 4557//1 4707//1
f 4658//1 4556//1 4554//1 4708//1
f 3193//1 4709//1 2942//1 3192//1
f 4551//1 4550//1 4709//1 3193//1
f 4550//1 4553//1 4549//1 4709//1
f 4545//1 4710//1 4548//1 4546//1
f 1015//1 1017//1 4710//1 4545//1
f 2393//1 4711//1 4547//1 2391//1
f 3498//1 2938//1 4711//1 2393//1
f 2938//1 1015//1 4545//1 4711//1
f 2391//1 4547//1 4712//1 4633//1
f 4547//1 4546//1 4544//1 4712//1
f 3568//1 4713//1 2938//1 3498//1
f 4543//1 4542//1 4713//1 3568//1
f 4537//1 4714//1 4540//1 4538//1
f 914//1 923//1 4714//1 4537//1
f 923//1 2935//1 1014//1 4714//1
f 2436//1 4715//1 4539//1 2435//1
f 3749//1 2930//1 4715//1 2436//1
f 2930//1 914//1 4537//1 4715//1
f 3750//1 4716//1 2930//1 3749//1
f 4534//1 4533//1 4716//1 3750//1
f 4533//1 4536//1 4532//1 4716//1
f 4526//1 4718//1 4528//1 4527//1
f 650//1 2927//1 707//1 4718//1
f 2529//1 2530//1 4719//1 4523//1
f 2530//1 3897//1 662//1 4719//1
f 4518//1 4720//1 4521//1 4519//1
f 662//1 4721//1 4520//1 658//1
f 3897//1 3907//1 4721//1 662//1
f 3907//1 1871//1 4518//1 4721//1
f 2928//1 4722//1 2926//1 2927//1
f 658//1 4520//1 4722//1 2928//1
f 4520//1 4519//1 4517//1 4722//1
f 4647//1 2923//1 578//1 4723//1
f 2396//1 2407//1 4724//1 4515//1
f 2407//1 3569//1 533//1 4724//1
f 4511//1 4725//1 4514//1 4512//1
f 533//1 4726//1 4513//1 532//1
f 2924//1 4727//1 2793//1 2923//1
f 532//1 4513//1 4727//1 2924//1
f 4513//1 4512//1 4510//1 4727//1
f 313//1 386//1 4728//1 4507//1
f 386//1 2777//1 391//1 4728//1
f 4503//1 4729//1 4505//1 4504//1
f 1952//1 2195//1 4729//1 4503//1
f 2195//1 3496//1 4648//1 4729//1
f 4497//1 4730//1 4501//1 4498//1
f 3496//1 3497//1 4731//1 4648//1
f 3497//1 4635//1 4497//1 4731//1
f 2787//1 4732//1 2772//1 2777//1
f 4500//1 4499//1 4732//1 2787//1
f 4499//1 4498//1 4496//1 4732//1
f 4493//1 4733//1 4495//1 4494//1
f 74//1 117//1 4733//1 4493//1
f 117//1 2577//1 223//1 4733//1
f 4490//1 4734//1 4492//1 4491//1
f 1948//1 3460//1 191//1 4734//1
f 4485//1 4735//1 4488//1 4486//1
f 1810//1 1823//1 4735//1 4485//1
f 191//1 4736//1 4487//1 190//1
f 3460//1 3469//1 4736//1 191//1
f 3469//1 1810//1 4485//1 4736//1
f 2578//1 4737//1 2568//1 2577//1
f 190//1 4487//1 4737//1 2578//1
f 4487//1 4486//1 4652//1 4737//1
f 4649//1 2566//1 4474//1 4738//1
f 4481//1 4740//1 4484//1 4482//1
f 1707//1 1723//1 4740//1 4481//1
f 1723//1 3992//1 1936//1 4740//1
f 4476//1 4741//1 4483//1 4477//1
f 4477//1 4483//1 4742//1 4640//1
f 4483//1 4482//1 4480//1 4742//1
f 4480//1 4743//1 4478//1 4479//1
f 4482//1 4484//1 4743//1 4480//1
f 4484//1 1876//1 3991//1 4743//1
f 4650//1 4477//1 4640//1 4744//1
f 4651//1 4475//1 4639//1 4745//1
f 4486//1 4488//1 4746//1 4652//1
f 4489//1 4747//1 117//1 74//1
f 4496//1 4749//1 250//1 224//1
f 4498//1 4501//1 4749//1 4496//1
f 4502//1 4750//1 386//1 313//1
f 4504//1 4505//1 4750//1 4502//1
f 4505//1 4500//1 2787//1 4750//1
f 4506//1 4751//1 2434//1 2433//1
f 4508//1 4509//1 4751//1 4506//1
f 4509//1 390//1 2789//1 4751//1
f 4510//1 4752//1 530//1 431//1
f 4512//1 4514//1 4752//1 4510//1
f 4514//1 4634//1 3943//1 4752//1
f 4654//1 532//1 2924//1 4753//1
f 4655//1 534//1 2925//1 4754//1
f 4517//1 4755//1 583//1 579//1
f 4522//1 4756//1 650//1 646//1
f 4524//1 4525//1 4756//1 4522//1
f 4525//1 658//1 2928//1 4756//1
f 4527//1 4528//1 4757//1 4656//1
f 4528//1 690//1 2929//1 4757//1
f 4529//1 4758//1 890//1 880//1
f 4531//1 4530//1 4758//1 4529//1
f 4530//1 4543//1 3568//1 4758//1
f 4532//1 4759//1 923//1 914//1
f 4536//1 4535//1 4759//1 4532//1
f 4535//1 4637//1 2936//1 4759//1
f 4541//1 4760//1 1017//1 1015//1
f 4544//1 4761//1 2195//1 1952//1
f 4546//1 4548//1 4761//1 4544//1
f 4548//1 1018//1 2940//1 4761//1
f 4549//1 4762//1 1161//1 1147//1
f 4553//1 4552//1 4762//1 4549//1
f 4552//1 4567//1 3471//1 4762//1
f 4554//1 4763//1 1166//1 1165//1
f 4556//1 4555//1 4763//1 4554//1
f 4555//1 4551//1 3193//1 4763//1
f 4560//1 4764//1 1306//1 1305//1
f 4564//1 4563//1 4764//1 4560//1
f 4563//1 4534//1 3750//1 4764//1
f 4565//1 4765//1 1348//1 1307//1
f 4569//1 4568//1 4765//1 4565//1
f 4568//1 4562//1 3202//1 4765//1
f 4570//1 4766//1 1420//1 1355//1
f 4572//1 4574//1 4766//1 4570//1
f 4575//1 4767//1 1460//1 1432//1
f 4577//1 4578//1 4767//1 4575//1
f 4581//1 4582//1 4768//1 4579//1
f 4582//1 4598//1 3252//1 4768//1
f 4583//1 4769//1 1679//1 1608//1
f 4663//1 4592//1 3317//1 4771//1
f 4588//1 4772//1 1723//1 1707//1
f 4590//1 4593//1 4772//1 4588//1
f 4593//1 2531//1 4026//1 4772//1
f 4594//1 4773//1 1823//1 1810//1
f 4610//1 2391//1 4633//1 4774//1
f 4614//1 4616//1 4775//1 4611//1
f 4617//1 4776//1 1826//1 1825//1
f 4622//1 4777//1 1870//1 1827//1
f 4624//1 4626//1 4777//1 4622//1
f 4627//1 4778//1 1872//1 1871//1
f 4629//1 4631//1 4778//1 4627//1
f 2629//8 3426//8 4713//8 4542//8
f 2170//8 824//8 4508//8 4507//8
f 3352//34 2724//34 4573//34 4701//34
f 1369//20 3352//20 4701//20 3206//20
f 3426//20 2627//20 4541//20 4713//20
f 824//20 2172//20 4509//20 4508//20
f 2103//34 3817//34 4738//34 4651//34
f 3817//34 2093//34 4649//34 4738//34
f 3667//8 2305//8 4521//8 4720//8
f 3084//19 804//19 4475//19 4632//19
f 2304//20 3667//20 4720//20 4518//20
f 2645//20 943//20 4553//20 4550//20
f 3842//8 2073//8 250//8 4749//8
f 2646//20 541//20 4567//20 4552//20
f 3769//8 2168//8 4505//8 4729//8
f 2164//8 3842//8 4749//8 4501//8
f 3692//8 2270//8 4514//8 4725//8
f 1755//34 12//34 4027//34 1875//34
f 4013//8 1844//8 1823//8 4773//8
f 4842//1067 4781//1067 4780//1067 4818//1067
f 4841//1068 4784//1068 4783//1068 4816//1068
f 4840//1069 4791//1069 4786//1069 4810//1069
f 4838//1 4801//1 4796//1 4827//1
f 4837//1070 4802//1070 4794//1070 4804//1070
f 4836//1071 4803//1071 4798//1071 4806//1071
f 4833//1072 4821//1072 4805//1072 4779//1072
f 4831//1 4824//1 4815//1 4795//1
f 4830//1073 4825//1073 4811//1073 4793//1073
f 4829//1074 4826//1074 4817//1074 4797//1074
f 4803//1075 4829//1075 4797//1075 4798//1075
f 4802//1076 4830//1076 4793//1076 4794//1076
f 4801//1 4831//1 4795//1 4796//1
f 4784//1 4832//1 4782//1 4783//1
f 4781//1077 4833//1077 4779//1077 4780//1077
f 4791//1078 4834//1078 4785//1078 4786//1078
f 4820//1079 4836//1079 4806//1079 4807//1079
f 4821//1080 4837//1080 4804//1080 4805//1080
f 4824//1 4839//1 4814//1 4815//1
f 4825//1081 4840//1081 4810//1081 4811//1081
f 4826//1082 4841//1082 4816//1082 4817//1082
f 129//1083 1620//1083 4806//1083 4798//1083
f 1620//1084 325//1084 4807//1084 4806//1084
f 1340//6 3262//6 4831//6 4801//6
f 1520//1085 3125//1085 4829//1085 4803//1085
f 4006//24 1732//24 4814//24 4839//24
f 1732//6 45//6 4790//6 4814//6
f 3262//6 2846//6 4824//6 4831//6
f 1252//1086 476//1086 4819//1086 4799//1086
f 2999//1087 4045//1087 4840//1087 4825//1087
f 3125//1088 3034//1088 4826//1088 4829//1088
f 436//6 1728//6 4812//6 4813//6
f 4045//1089 1141//1089 4791//1089 4840//1089
f 17//57 1760//57 4816//57 4783//57
f 2846//6 4006//6 4839//6 4824//6
f 137//1090 1252//1090 4799//1090 4800//1090
f 1489//1091 3149//1091 4830//1091 4802//1091
f 3149//1092 2999//1092 4825//1092 4830//1092
f 1768//1093 4066//1093 4842//1093 4818//1093
f 1628//1094 4069//1094 4828//1094 4808//1094
f 1732//57 440//57 4815//57 4814//57
f 1072//6 297//6 4823//6 4782//6
f 428//1095 1204//1095 4793//1095 4811//1095
f 333//6 1628//6 4808//6 4809//6
f 1072//57 17//57 4783//57 4782//57
f 1760//57 468//57 4817//57 4816//57
f 1100//1096 325//1096 4807//1096 4785//1096
f 1204//1097 89//1097 4794//1097 4793//1097
f 4066//1098 1061//1098 4781//1098 4842//1098
f 1100//1099 33//1099 4786//1099 4785//1099
f 1112//1007 3819//1007 4835//1007 4789//1007
f 89//1100 1580//1100 4804//1100 4794//1100
f 8//1101 1768//1101 4818//1101 4780//1101
f 1580//1102 285//1102 4805//1102 4804//1102
f 3034//1103 4054//1103 4841//1103 4826//1103
f 2814//24 297//24 4823//24 4822//24
f 4054//1104 1089//1104 4784//1104 4841//1104
f 3705//1105 1100//1105 4785//1105 4834//1105
f 1061//1106 3627//1106 4833//1106 4781//1106
f 3627//1107 2357//1107 4821//1107 4833//1107
f 4069//1094 137//1094 4800//1094 4828//1094
f 1141//1108 3705//1108 4834//1108 4791//1108
f 33//1109 1720//1109 4810//1109 4786//1109
f 476//1110 1768//1110 4818//1110 4819//1110
f 1108//6 333//6 4809//6 4787//6
f 325//1111 2253//1111 4820//1111 4807//1111
f 3800//1112 2126//1112 409//1112 1701//1112 208//1112 1322//1112 3804//1112 1563//1112
f 4850//1113 4851//1113 4861//1113 4860//1113
f 4843//1114 4844//1114 4854//1114 4853//1114
f 4070//1115 4120//1115 4850//1115 4848//1115
f 4083//1116 275//1116 4847//1116 4849//1116
f 1561//1117 144//1117 4844//1117 4843//1117
f 275//1066 2084//1066 4845//1066 4847//1066
f 144//1118 4070//1118 4848//1118 4844//1118
f 796//1066 1561//1066 4843//1066 4846//1066
f 4120//1119 4088//1119 4851//1119 4850//1119
f 4113//1120 4083//1120 4849//1120 4852//1120
f 4855//1121 4856//1121 4866//1121 4865//1121
f 4854//1122 4858//1122 4868//1122 4864//1122
f 4844//1123 4848//1123 4858//1123 4854//1123
f 4845//1124 4846//1124 4856//1124 4855//1124
f 4852//1125 4849//1125 4859//1125 4862//1125
f 4849//1126 4847//1126 4857//1126 4859//1126
f 4846//1124 4843//1124 4853//1124 4856//1124
f 4851//1127 4852//1127 4862//1127 4861//1127
f 4847//1124 4845//1124 4855//1124 4857//1124
f 4848//1128 4850//1128 4860//1128 4858//1128
f 4870//1129 4863//1129 4864//1129 4868//1129
f 4866//1130 4863//1130 4870//1130 4871//1130 4872//1130 4869//1130 4867//1130 4865//1130
f 4862//1131 4859//1131 4869//1131 4872//1131
f 4859//1132 4857//1132 4867//1132 4869//1132
f 4856//1121 4853//1121 4863//1121 4866//1121
f 4861//1133 4862//1133 4872//1133 4871//1133
f 4857//1121 4855//1121 4865//1121 4867//1121
f 4858//1134 4860//1134 4870//1134 4868//1134
f 4853//1135 4854//1135 4864//1135 4863//1135
f 4860//1136 4861//1136 4871//1136 4870//1136
o Cube.003_Cube.004
v -81.205032 -14.442686 98.534378
v -81.205032 40.322605 98.534378
v -81.205032 -14.442686 46.682205
v -81.205032 40.322605 46.682205
v 220.367188 -14.442686 98.534378
v 220.367188 8.344739 98.534378
v 220.367188 -14.442686 46.682205
v 220.367188 8.344739 46.682205
v 74.085190 19.564621 27.660183
v 74.085190 -14.442686 27.660183
v 220.367188 -14.442686 27.660183
v 220.367188 8.344739 27.660183
v -81.205032 -14.442686 174.597214
v -81.205032 40.322605 174.597214
v 220.367188 8.344739 174.597214
v 220.367188 -14.442686 174.597214
v -171.632950 -14.442686 46.682205
v -171.632950 -14.442686 98.534378
v -171.632950 40.322605 98.534378
v -171.632950 40.322605 46.682205
v -171.632950 -14.442686 174.597214
v -171.632950 40.322605 174.597214
vn 0.0000 1.0000 0.0000
vn 0.0949 0.9842 -0.1495
vn 1.0000 0.0000 0.0000
vn 0.1054 0.9944 0.0000
vn 0.0000 -1.0000 0.0000
vn 0.0000 0.0000 -1.0000
vn -0.1216 0.0000 -0.9926
vn 0.0000 0.0000 1.0000
vn -1.0000 0.0000 0.0000
usemtl collision
s off
f 4874//1137 4876//1137 4892//1137 4891//1137
f 4876//1138 4880//1138 4884//1138 4881//1138
f 4879//1139 4880//1139 4878//1139 4877//1139
f 4878//1140 4874//1140 4886//1140 4887//1140
f 4875//1141 4879//1141 4877//1141 4873//1141
f 4880//1140 4876//1140 4874//1140 4878//1140
f 4882//1142 4881//1142 4884//1142 4883//1142
f 4875//1143 4876//1143 4881//1143 4882//1143
f 4880//1139 4879//1139 4883//1139 4884//1139
f 4879//1141 4875//1141 4882//1141 4883//1141
f 4888//1144 4887//1144 4886//1144 4885//1144
f 4877//1139 4878//1139 4887//1139 4888//1139
f 4886//1137 4874//1137 4891//1137 4894//1137
f 4873//1141 4877//1141 4888//1141 4885//1141
f 4890//1145 4891//1145 4892//1145 4889//1145
f 4891//1145 4890//1145 4893//1145 4894//1145
f 4875//1141 4873//1141 4890//1141 4889//1141
f 4885//1144 4886//1144 4894//1144 4893//1144
f 4873//1141 4885//1141 4893//1141 4890//1141
f 4876//1142 4875//1142 4889//1142 4892//1142
